transaction_id,card_id,operation_date,operation_type,operation_ammount,operation_desc
d913f6ed-cda0-4e22-af0b-52c10159c9e2,128,2026-01-01,output,4546.31,Pago en restaurante
dbcb263c-a9ab-425b-8cea-1ce004010705,256,2026-01-01,output,1986.78,Pago de gimnasio
9b1a52c4-3e86-48ab-9c1d-8d9b291705f4,276,2026-01-01,input,4137.81,Transferencia entre cuentas
6777d138-2943-4b70-a538-605134c1af78,360,2026-01-01,output,3263.2,Compra en ferretería
b0219e26-23c2-4940-90d7-e2a94e0e8a7e,464,2026-01-01,output,3591.76,Pago de telefonía móvil
210a6bdd-5318-4751-b7dc-0f8ea636a60d,493,2026-01-01,output,190.42,Pago de telefonía móvil
e6d5bedc-1120-4d5d-a273-a75b218bb11d,545,2026-01-01,input,4590.6,Depósito en efectivo
54a6f8a7-8a0a-4d80-8cef-b3d89fa7810b,563,2026-01-01,output,1823.91,Pago de servicios públicos
587ef11c-55f3-4f0f-bc4e-c80f20ac6c81,583,2026-01-01,output,97.13,Compra en cafetería
303d87ef-421b-4aac-87f5-5fcff9a7e0c3,159,2026-01-02,output,490.56,Pago de gimnasio
de882fde-ec8a-486f-9acc-a0d69ab4cde1,282,2026-01-02,output,3143.05,Compra en cafetería
fed427a7-ebf1-4962-8632-b122a3261618,353,2026-01-02,output,1418.72,Pago de internet
92fa96dd-1fa4-4428-a11c-f1525ad8edb8,535,2026-01-02,output,1100.1,Compra en cafetería
08783bbf-5fbe-41a7-9731-584989007f27,574,2026-01-02,output,2936.56,Pago de telefonía móvil
24b7fa1f-8182-4b53-b034-e15f28f67bd6,125,2026-01-03,output,287.94,Pago de telefonía móvil
ed780880-aeb6-452d-a84a-b85e423697fa,249,2026-01-03,output,3970.19,Pago de Netflix
62d28995-bc97-4cd0-b988-4f02f7c9fa0e,262,2026-01-03,output,3452.7,Pago de Netflix
4a38e277-c497-497d-858d-cc071095312f,265,2026-01-03,output,1109.89,Compra en ferretería
77f7343b-2132-4850-837e-878f070c507d,323,2026-01-03,output,2305.83,Pago de servicios públicos
34773ec0-9f69-4ead-8b56-dfa94fa02870,379,2026-01-03,output,1386.14,Compra en librería
636c1725-dbcf-466e-a0ff-43afd44a89e7,147,2026-01-04,output,3943.02,Gasolina estación de servicio
842ff47d-72d3-4bed-88e1-7940311e811a,279,2026-01-04,output,4523.6,Compra en Supermercado
252049e5-b071-480f-abf1-30db7519e962,285,2026-01-04,output,701.39,Compra en ferretería
e625c2b6-9858-41e0-ae4c-d85503b7105a,339,2026-01-04,output,3651.21,Compra en línea Amazon
f508303e-0635-41d7-bd84-496c6826ca2c,361,2026-01-04,output,2901.91,Gasolina estación de servicio
90902b4d-d794-4725-96c6-17310be38d14,391,2026-01-04,output,71.4,Suscripción de software
4c21a71b-52d3-4458-a839-e029036e2157,392,2026-01-04,output,3116.44,Gasolina estación de servicio
97410774-0e5f-41f5-b721-ee2cfdb93297,423,2026-01-04,output,2636.54,Compra en cafetería
b8f234af-11cd-4cda-b902-4b0b10db919e,430,2026-01-04,output,184.13,Compra en cafetería
ab8c3a8a-1f86-4257-9ebe-471d57874aad,451,2026-01-04,output,4600.06,Gasolina estación de servicio
80eeb109-6e49-47e0-830d-6987efd58b41,505,2026-01-04,input,14090.55,input por reclamación
a6c57f9d-845d-4bcf-87b0-924ff8ee8579,535,2026-01-04,output,964.42,Compra en electrónica
8576ed45-29d0-4dfe-8288-a77a3e180a91,130,2026-01-05,output,119.18,Compra en electrónica
9b59b4e6-904d-4443-b4c6-2997e7806d60,165,2026-01-05,output,3650.04,Pago de telefonía móvil
d8db5fa7-244d-4c87-8dda-33e5a023c4d0,241,2026-01-05,input,2696.67,Bonificación bancaria
7c4e64bf-108a-4048-9a83-880d8e2125b3,269,2026-01-05,output,3290.43,Compra en Uber
f4bcd5a7-4ed4-4827-95a9-c2be99c64ab2,522,2026-01-05,output,3062.41,Pago de telefonía móvil
c742e2ec-1254-4f0f-9b13-6e495a4a0ae0,600,2026-01-05,output,3407.98,Pago de telefonía móvil
1ac31955-dfd8-44d9-9220-63b0604a7093,161,2026-01-06,output,3860.79,Pago de Spotify
b6c8e9c2-867d-466b-9cad-2d8bba65883b,241,2026-01-06,output,3028.18,Compra en tienda departamental
b2ef29c0-8216-496f-8f48-b98b54526738,241,2026-01-06,output,1513.3,Pago de Netflix
fd907f8b-1845-4634-9541-b716502e16aa,288,2026-01-06,output,1113.16,Pago de Netflix
ffa75097-a5e1-4138-b91f-043a7c740e1f,295,2026-01-06,output,3804.64,Suscripción de software
9786c421-5ed9-4449-95db-662364a743d8,303,2026-01-06,input,2646.63,Pago recibido de cliente
253f9179-4f8a-45de-b9ec-64239a290a76,371,2026-01-06,output,2182.89,Compra en cafetería
32ba3938-6b5e-498c-a1aa-0e735c532f19,381,2026-01-06,input,2055.33,Pago de nómina
8f35fea2-cda3-4bf7-9a89-2c9e97216677,564,2026-01-06,output,1056.83,Pago de telefonía móvil
11b49c59-a36d-45cf-b1fd-a7ee36808909,137,2026-01-07,output,3444.49,Compra en farmacia
28234a7a-d890-407e-944d-0e98d622bbd9,205,2026-01-07,output,2975.26,Suscripción de software
bfa27416-b04f-44c0-970d-ffd10155f1d5,405,2026-01-07,output,4913.08,Suscripción de software
353e901d-a542-44c5-b482-8da3a3af575e,489,2026-01-07,output,3058.31,Pago de gimnasio
f3665bb0-ff1c-461c-bd5a-1c157bf18b36,532,2026-01-07,output,4650.45,Pago de Spotify
830afc67-e462-4fed-b0c6-0d73cdfffcf6,594,2026-01-07,output,4138.61,Gasolina estación de servicio
1654fe4a-16db-4ff5-9867-706999c99f69,115,2026-01-08,output,3644.53,Pago de internet
905fc849-c16c-4acc-8961-328f5bee4542,119,2026-01-08,output,1272.04,Pago de telefonía móvil
417c9818-f138-4449-aa43-5451ea5464fb,125,2026-01-08,output,2225.55,Pago en restaurante
17603c71-56a3-4bfd-8d2e-c3db8805b929,219,2026-01-08,output,1716.37,Pago de gimnasio
172fbe89-5c4b-4b47-a875-ed678b68e0fc,418,2026-01-08,input,382.81,Transferencia entre cuentas
f5da27b1-0cd5-4a4e-92a8-7e8b6df5aa8c,587,2026-01-08,output,190.26,Compra en electrónica
3534d149-669d-462f-bb2c-cdd71e291cec,155,2026-01-09,output,2227.6,Suscripción de software
897f8ec9-5a2a-4b84-8763-0103375faa99,204,2026-01-09,input,13682.67,Depósito en efectivo
2eed84ca-9ff4-49ae-9224-589c39978f8b,251,2026-01-09,output,3102.29,Retiro en cajero ATM
329fcffb-72f0-406e-a509-10d379377c56,260,2026-01-09,output,1823.23,Compra en línea Amazon
3c352c6e-0048-49af-a948-d481868dc181,296,2026-01-09,output,1072.64,Compra en Uber
08574792-c5f1-46ba-bcc3-badc32339d60,556,2026-01-09,output,4813.43,Suscripción de software
d2d98bdc-fc18-444c-9aae-a45a1bb9e75a,597,2026-01-09,output,3135.74,Compra en farmacia
5ccf2d5f-1d62-41ac-9b48-55d50cfb95c4,253,2026-01-10,input,3787.28,Transferencia recibida
feee2de8-08c0-44ae-9001-3f49fac40f3c,421,2026-01-10,input,13712.49,Pago recibido de cliente
c086c5b8-595a-4dae-8f30-890d2ea9104c,546,2026-01-10,input,3147.19,Bonificación bancaria
e8fff626-ab3a-40d7-acda-37931890cf77,131,2026-01-11,output,816.41,Compra en panadería
ef3a5817-9fe9-48a4-9126-1bf6f27ef314,191,2026-01-11,output,2569.53,Compra en ferretería
5b61e3f2-e9d1-4fdd-a29c-5f86a1bb5922,208,2026-01-11,output,3788.47,Compra en ferretería
cbe10361-05f4-44b8-91a3-53de882b695f,226,2026-01-11,output,1120.06,Compra en Supermercado
395ae325-e0b7-4610-8955-5afb411fabe3,237,2026-01-11,output,3347.54,Gasolina estación de servicio
208982f3-5b00-409b-b419-8ac5869ff913,349,2026-01-11,input,3226.61,Pago de nómina
922001e8-0f46-4607-8daa-1c97195a57d6,179,2026-01-12,input,7132.9,Pago de mensualidad
562c5efc-b5f3-4027-8f0b-2bedcda3a2a3,187,2026-01-12,output,3370.99,Compra en panadería
8346ad23-a02b-424a-bbe5-28d7dbae79db,223,2026-01-12,output,4823.91,Pago de gimnasio
24f999c0-ea8f-4759-bf47-0ed7705e4a46,310,2026-01-12,output,1164.18,Compra en línea Amazon
35ea91a9-5e92-46ff-892a-cdd24fd25f7f,354,2026-01-12,output,3809.51,Compra en Supermercado
0ccd1050-bccc-47d3-bef2-f47574aa7d74,431,2026-01-12,output,1340.85,Pago de Netflix
a03904da-c5a2-4cca-848b-879be51e90f6,143,2026-01-13,output,1053.94,Pago de telefonía móvil
c84e8b81-742d-437b-88dc-f11e758c508f,216,2026-01-13,input,8030.33,Bonificación bancaria
ff95475f-cb0d-4330-8e45-3c8f7f289e2c,227,2026-01-13,output,643.52,Compra en ferretería
069df2f7-e6b9-46ba-b138-90361d858789,254,2026-01-13,output,3366.49,Compra en ferretería
0a926697-a284-44e7-8e76-ac42aacd4db8,326,2026-01-13,output,2207.5,Retiro en cajero ATM
705fd793-1566-409c-8987-b01af5f83fad,362,2026-01-13,output,372.81,Compra en ferretería
c93425e6-5688-425e-8134-90188f6b6a26,415,2026-01-13,output,2655.5,Compra en tienda departamental
d99399ba-ca34-480c-be2a-f41b748c33b5,593,2026-01-13,input,8523.93,Depósito en efectivo
00a39ec1-8cda-45e1-b587-aee61f3896a4,163,2026-01-14,output,2974.47,Compra en cafetería
c0c2ca5f-d34d-4c45-8f61-35ba5ab40c64,349,2026-01-14,output,1949.14,Compra en línea Amazon
0914120f-a00c-459c-b4dd-5fc6f3d29975,374,2026-01-14,input,3750.2,Devolución de compra
2229b05e-37cd-4a56-b521-48f1feef4fa3,500,2026-01-14,output,3663.8,Pago de Netflix
75b327e7-6fb2-48de-91b8-2a7c6228b20c,545,2026-01-14,input,10747.03,input por reclamación
5002df59-18d7-440a-a85b-9d9a7b593d6c,163,2026-01-15,output,1269.75,Compra en farmacia
68125e62-ea43-470b-859b-a65196037dcd,228,2026-01-15,output,642.6,Pago de internet
e45f2928-cf3a-4fd1-b7a0-a038c14ec148,265,2026-01-15,input,2970.95,Pago de mensualidad
0e3e160b-bfef-43e8-99b8-6dc5ac97e0fb,308,2026-01-15,output,3926.1,Gasolina estación de servicio
f9359f74-4538-4a62-a07a-d6b8661f8d22,380,2026-01-15,output,4384.68,Pago de Spotify
74d7c62a-0427-4bc5-8c81-ba8dea1260af,475,2026-01-15,output,1908.34,Compra en Uber
e50d4aad-1cee-4dcb-8bb7-3622af743d48,589,2026-01-15,input,1593.06,Reembolso de servicio
ab59ea5f-f466-4751-810f-c74d45542913,214,2026-01-16,output,4923.85,Pago en restaurante
ff95896e-0aee-4b3d-a0cd-0e55a0f06af3,408,2026-01-16,input,9581.13,Reembolso de servicio
8b16d448-4e26-4529-9955-9d1bea87d998,533,2026-01-16,output,523.88,Compra en librería
1ee7dc74-8b2a-484c-a5b2-9267fd79a3ed,107,2026-01-17,output,3560.07,Compra en farmacia
d0e5c762-b6b9-4201-84ca-afc732e592de,135,2026-01-17,input,3677.18,Reembolso de servicio
54bbff74-a817-40ec-b1c8-326be03f1426,207,2026-01-17,output,731.13,Suscripción de software
2a563734-74b4-4b40-90a3-1aff202d14e4,300,2026-01-17,output,529.1,Pago de Netflix
5d17e5c1-992c-4330-afa4-85941ac38ecc,370,2026-01-17,output,1154.2,Compra en panadería
d99bcc0b-b579-461c-a10a-f8dbf9f90e8e,386,2026-01-17,input,2339.47,Bonificación bancaria
fa7704cf-9a07-45e3-9354-f1045553e1bd,434,2026-01-17,output,2821.54,Pago de internet
a944f754-36ba-496d-9e11-b66f5c085636,486,2026-01-17,output,2822.98,Pago de telefonía móvil
a2ca5b12-c042-40dc-887a-69771a6f3a5d,558,2026-01-17,input,12119.52,Depósito en efectivo
00fce84e-3230-485c-8799-5694f8da51bc,572,2026-01-17,input,12274.86,input por reclamación
ddf6e44e-17aa-49fb-bbf3-0c9d26891b35,409,2026-01-18,output,2935.71,Compra en Supermercado
b6fe68cd-bf5a-4123-b925-52325a57da4d,449,2026-01-18,input,12824.47,Pago recibido de cliente
83f6b1fd-828e-4cca-b477-6b756e77a7d4,203,2026-01-19,output,3898.23,Compra en tienda departamental
69b279aa-333d-494d-b4bb-46ffd0539a9c,207,2026-01-19,output,3561.15,Gasolina estación de servicio
c5567e49-ba4c-4c52-ba3c-3f758b576fb5,235,2026-01-19,output,2277.94,Compra en línea Amazon
8009210d-80b7-4bee-b47d-ecf303183550,253,2026-01-19,output,3930.77,Pago de gimnasio
4f759aae-e513-402a-b66d-47a52ae6dce3,284,2026-01-19,output,2218.78,Compra en farmacia
c7c8b055-19a3-470c-83fe-0099d01f7afd,316,2026-01-19,output,2926.22,Compra en Uber
6d178a4a-973e-477d-8e87-e6580592c5ad,340,2026-01-19,output,672.36,Suscripción de software
98608594-02a1-4388-8de1-f6a7876d5421,369,2026-01-19,input,14966.01,Pago de nómina
4a2deb96-02fb-42ba-ac7f-614e47675c91,404,2026-01-19,output,3268.2,Pago de servicios públicos
25b9d734-3fd8-46a2-af97-77cfdef2c3a9,419,2026-01-19,output,4453.65,Pago de Spotify
2b552241-0741-47c7-a98c-1a2201f9ebc9,451,2026-01-19,output,2320.39,Pago de gimnasio
b1588283-4bcf-49bf-8ce2-ee9e821155f6,557,2026-01-19,output,1275.71,Pago de Spotify
759f5596-79b4-4645-8ffc-8bd7a8b94738,115,2026-01-20,output,2280.96,Compra en ferretería
e33f2cd7-6aea-4044-acf5-a54e9841c612,173,2026-01-20,output,4385.93,Compra en panadería
8fd2ec13-ffeb-472f-82e3-1791430718e1,262,2026-01-20,output,1386,Compra en línea Amazon
d96152fe-bcb7-4afa-b2cd-e8c70af373cc,272,2026-01-20,output,2970.81,Compra en línea Amazon
d0b841bd-4000-41bd-a81a-5aea93a0fb38,302,2026-01-20,input,13159.89,input por reclamación
75c3eb3d-a612-457f-a044-6920784663f1,320,2026-01-20,input,7517.51,Bonificación bancaria
746f3191-4516-49d6-98a7-4e98023d3d43,343,2026-01-20,output,467.81,Compra en línea Amazon
7abecf2f-1aab-4ad4-a452-e051782297a4,362,2026-01-20,input,325.61,Devolución de compra
68911e65-efd1-4b1b-abdf-dfdbebc226dc,364,2026-01-20,output,4425.28,Compra en electrónica
ffcc98a8-418f-40e4-94cb-e1e279d75a34,517,2026-01-20,input,9858.73,Bonificación bancaria
c30ed7c9-bbff-4b1e-b887-0d2e86c5b59e,140,2026-01-21,output,4527.58,Compra en farmacia
c0624d89-ba70-4076-90c5-39cf20085ffb,218,2026-01-21,input,3156.09,Pago de mensualidad
644baf62-45d2-4d26-983f-83eb7e8d3b8c,315,2026-01-21,output,1141.9,Compra en ferretería
1231e6b5-71a8-4e89-b46e-ed75950b6be2,559,2026-01-21,output,2674.6,Compra en tienda departamental
e11e126a-8434-4f42-8eee-c60a69a1d6e6,196,2026-01-22,output,758.5,Pago de Spotify
c620417f-0e8e-4a56-b1f0-9ada4bf70a3b,367,2026-01-22,output,398.64,Compra en línea Amazon
21d7c879-6f26-40bf-ae30-258f36630579,431,2026-01-22,input,12838.2,Transferencia recibida
95b679f4-7d44-4e59-97d6-56d9b36eb167,470,2026-01-22,output,49.24,Pago en restaurante
71ddcde5-9bf4-4b0d-b6b8-fdc4b4612f6d,498,2026-01-22,output,4211.31,Pago de telefonía móvil
889f0d6b-885b-4835-bb15-2de824c4bf60,528,2026-01-22,output,2654.74,Compra en tienda departamental
a46a6b8b-0957-48c1-a6a3-109e378bc03a,146,2026-01-23,output,3267.76,Compra en panadería
4bb02cb9-95d8-4958-a89a-6a15c5feea8d,303,2026-01-23,input,10559.87,Depósito en efectivo
7a97fc23-e83c-4192-becf-d9f7a044a2b6,364,2026-01-23,output,3620.78,Pago de gimnasio
9af2825e-3e7d-484c-82d7-3219e4caee90,465,2026-01-23,output,3633.28,Pago en restaurante
c18329ef-1466-47a4-aa9f-d41664dca0b1,588,2026-01-23,output,1752.9,Compra en librería
f9ca881c-ba5f-4a1d-9402-a7b0c24bd9e5,213,2026-01-24,output,3691.03,Pago de servicios públicos
bf5cea3f-d75b-43e7-9088-4a7cde52b49a,457,2026-01-24,input,1904.82,Transferencia recibida
9f86f73f-95f3-4d4c-9fdb-c997e4656a68,125,2026-01-25,output,2295.75,Compra en librería
599aa864-274d-41d5-aed9-90b5f56bf6ad,134,2026-01-25,output,4986.51,Compra en cafetería
85cbbea9-ffdb-4a38-b6d6-5d2e45e10a63,144,2026-01-25,output,3709.71,Pago de servicios públicos
e3b9a549-0de3-49f1-ab00-eedafff2d739,218,2026-01-25,output,2214.22,Pago de gimnasio
ebdab606-a5af-473b-8598-e1ce5d4246ba,223,2026-01-25,output,1440.07,Compra en tienda departamental
288fa799-b941-47d9-b8d9-031131e26afb,233,2026-01-25,output,3894.84,Compra en panadería
c9f04c4b-4593-4fb2-96e0-d0d176de5ae4,513,2026-01-25,output,2920.52,Pago de gimnasio
8552d7b2-4984-4572-a62f-ae2705a0ab49,116,2026-01-26,output,452.27,Suscripción de software
f364ca2d-fab5-4cf9-a2ec-660953857944,240,2026-01-26,output,2314.31,Suscripción de software
5d895d78-48d4-45eb-91e8-ef5af911a198,257,2026-01-26,output,1575.45,Compra en tienda departamental
f496fc46-151c-441f-82d3-2044298a3011,495,2026-01-26,input,5698.74,Reembolso de servicio
aa0ce0eb-afc9-43bf-ab52-0101f9067b30,115,2026-01-27,output,4785.85,Pago de telefonía móvil
8a4c3e55-ba58-4e16-960d-04440fbd662d,134,2026-01-27,output,4815.83,Compra en tienda departamental
2e9ea487-d94f-448e-9f31-d73aa39ba58f,356,2026-01-27,output,1437.57,Retiro en cajero ATM
9d426a85-1ae4-40eb-ad6e-411c018e0617,358,2026-01-27,input,1012.9,Pago recibido de cliente
803fc84a-dcb3-42a1-b3ec-5f193cd1d359,432,2026-01-27,output,594.5,Compra en línea Amazon
c9ec20e7-eab0-48c9-8a68-142837160a64,530,2026-01-27,output,3132.29,Compra en tienda departamental
ff0a2e2e-b647-40f3-8a4f-5e25dc1f26bf,539,2026-01-27,output,4468.95,Compra en electrónica
2382cc33-d873-4cb9-b271-51fdddfc5c10,558,2026-01-27,output,284.87,Gasolina estación de servicio
de04704f-5257-47d8-b680-c2ca64eb2981,592,2026-01-27,output,2179.32,Compra en farmacia
34be16ab-a451-4608-91f2-a9becb70c9eb,117,2026-01-28,input,9901.22,Transferencia entre cuentas
bbf9ee90-fee3-41a8-afef-5520be066ff9,228,2026-01-28,output,3099.15,Compra en farmacia
0195b30d-3900-4191-8e06-9ce456cb7471,255,2026-01-28,output,4308.15,Pago de servicios públicos
a319f2df-31e7-4a83-8372-d3b3e202b00b,255,2026-01-28,input,10123.2,Pago de mensualidad
617b018a-c031-4601-b5df-24fb43299f02,277,2026-01-28,output,3357.87,Pago de internet
0d6e2ac5-5283-451c-ab7a-3a79badf10a1,278,2026-01-28,output,2223.36,Compra en tienda departamental
42455104-dbba-480e-9807-5fe935ea9191,461,2026-01-28,output,4453.07,Retiro en cajero ATM
426855f6-aa2d-4c5a-bf4f-39d45a476e6f,541,2026-01-28,input,2888.47,Devolución de compra
cb23d108-11f2-434e-aac3-20f00a3124d2,133,2026-01-29,output,4096.93,Suscripción de software
b59c8509-315f-4831-b8ba-cb78b538b693,521,2026-01-29,input,5552.81,input por reclamación
69f85717-1985-47bc-a6b8-bf1f5c2164fc,144,2026-01-30,output,960.07,Compra en línea Amazon
88c2645f-b87b-443d-a1ca-f3e5378c0dbf,325,2026-01-30,output,2401.49,Compra en ferretería
85d424bb-3eae-460b-bd93-0b3c0aab5592,511,2026-01-30,output,1810.53,Pago de Spotify
d1c56068-b272-4f22-bedd-67ea8c6fc9e4,576,2026-01-30,output,3559.35,Compra en tienda departamental
8b430270-8b20-4d5d-bd1b-8a9cda73d8f4,597,2026-01-30,output,4601.43,Pago en restaurante
95ac111a-6b0c-45f9-85a2-467c5eea43d9,174,2026-01-31,output,2926,Pago de servicios públicos
e8718caa-7773-4bcb-b4fc-cf9ecb5c6fc0,178,2026-01-31,input,13494.41,Transferencia entre cuentas
67bc6f7b-b330-4a6b-868e-6583024af07b,246,2026-01-31,output,855.4,Pago de Netflix
67ee8265-9932-4075-9567-3495d92e48b2,340,2026-01-31,input,8411.24,Transferencia recibida
568b6d3f-6e7b-4ebf-880c-6d2ea6900030,407,2026-01-31,input,2930.36,Bonificación bancaria
a785ab65-4d4f-49f3-93bb-016f58ee43ba,456,2026-01-31,output,4498.8,Compra en tienda departamental
1c91c4eb-b088-4987-8382-2f68a88e79fb,204,2026-02-01,input,602.4,Pago de mensualidad
8f473fd8-adc9-414f-b25a-efc1413310ef,359,2026-02-01,input,13097.33,Pago de mensualidad
f1263014-3c6a-4840-b38e-6063199fa0ff,410,2026-02-01,output,1616.83,Suscripción de software
6e52948d-2ca4-4d87-93a9-684ca131b33e,476,2026-02-01,output,1368.42,Retiro en cajero ATM
6d8325cf-66c8-459f-9476-30d6fde80a8b,540,2026-02-01,output,4681.82,Compra en ferretería
21b36840-17b8-4e13-972a-a55b17fe2b7c,572,2026-02-01,input,4513.22,Bonificación bancaria
b3644c8e-53a3-456a-bd6f-dfcb8a20b010,262,2026-02-02,output,2174.34,Pago de Netflix
34aea9c5-9804-4858-9443-fd26a8380a56,295,2026-02-02,output,4769.11,Compra en panadería
fadcfaa9-2e8c-44c6-8fa1-80365adb7ff1,135,2026-02-03,output,618.25,Compra en Supermercado
26326bb2-50b7-4040-b85e-2e5a9ce7b61e,151,2026-02-03,output,2530.75,Compra en librería
5e401963-6a8d-4519-9313-e5e7a427a9c7,212,2026-02-03,output,3242.35,Compra en tienda departamental
2b9c9cb6-9430-4615-95db-f5bce647a73b,268,2026-02-03,output,3469.95,Pago en restaurante
00ad8f59-fd67-4ef1-8746-2337eff9a4ce,285,2026-02-03,output,3145.89,Compra en farmacia
00fbfc14-0185-4f49-8c50-fb3396bad562,328,2026-02-03,output,4864.19,Compra en librería
b2c3b328-5180-4674-bb8f-cd6d366d2400,410,2026-02-03,output,4417.74,Pago de Netflix
8ff8b0b7-1f1a-429a-ac5b-63b4dce81430,412,2026-02-03,output,2951.54,Compra en farmacia
2b1201c4-bafb-467b-b466-faa469565153,486,2026-02-03,input,6258.12,Pago de nómina
8484bf7b-49a0-4689-aa3b-b71fbe336326,537,2026-02-03,output,1019.06,Compra en Supermercado
90adc4ec-f88f-4b75-94b9-d507143e4140,130,2026-02-04,input,9634.2,Devolución de compra
743f2616-316d-4d5b-ad0e-7db7ddecc884,170,2026-02-04,output,2849.27,Suscripción de software
141bb778-0d3f-4284-ad3c-aae51406a8dd,397,2026-02-04,input,13103.5,Pago de nómina
d1196d1d-e01f-4867-8def-b9ec602ed506,435,2026-02-04,input,7377.67,Transferencia recibida
8f76b709-8fff-40dc-9736-90030a10d9ae,454,2026-02-04,output,216.55,Compra en librería
d2335c57-cd28-4bd1-88d8-61b408f05600,170,2026-02-05,output,2520.14,Gasolina estación de servicio
465f223e-05a1-4bf7-9855-c6a2441c0ab7,175,2026-02-05,output,4192.47,Compra en línea Amazon
ee193a02-f061-44c0-8fd3-809260b7b5c2,178,2026-02-05,output,3505.1,Pago de Spotify
69e789fe-0da3-425f-8aac-aed46f5ed84d,217,2026-02-05,output,2829.99,Compra en Uber
457a3464-4ba8-4720-9627-ddffc0296ffa,225,2026-02-05,output,4633.93,Pago de Spotify
ee1e312f-6481-424c-98df-46a6fc89b216,289,2026-02-05,output,4992.51,Compra en línea Amazon
4581c637-ae1e-4bdb-8f29-557193a0736f,304,2026-02-05,input,10016.28,input por reclamación
f516b8f3-436a-48b9-9fcf-1b9a44bb38ec,360,2026-02-05,output,1668.57,Pago de Netflix
5a0006c1-49c5-4e5a-a334-84c86a1d73ea,469,2026-02-05,output,1851.49,Compra en panadería
3adaabe8-7077-4c06-b389-c3b8f3747345,479,2026-02-05,output,3402.5,Compra en línea Amazon
5d80b3b8-1545-4041-bb53-d7d8e9c23d8e,503,2026-02-05,output,4219.2,Pago de internet
720b59d0-1f67-4c9e-a04e-e0581108469c,542,2026-02-05,output,3454.25,Compra en panadería
7de3b890-0eb0-4f09-9772-7f6f01c8a1c2,548,2026-02-05,output,4490.41,Compra en Supermercado
398b1f7c-2b31-402b-a372-de1a06c8c50a,140,2026-02-06,input,11743.64,Reembolso de servicio
089447a6-37c1-472e-b75c-52e5f1b58f95,185,2026-02-06,output,1282.66,Gasolina estación de servicio
912d1807-71bc-4078-8be5-11c7352e6aad,250,2026-02-06,output,1389.77,Gasolina estación de servicio
42ab8ee6-c9fa-4155-a862-3926f8bae2dd,434,2026-02-06,input,4167.04,Transferencia recibida
879b83d0-af75-461f-a758-20af638b0bd9,469,2026-02-06,input,6901.89,Transferencia recibida
cfb67f6b-ec85-4617-8a0c-8b5464f1499d,475,2026-02-06,output,423.43,Pago de Netflix
70bf8fde-32e8-4cdd-b17b-1c0a872d6851,494,2026-02-06,output,18.48,Pago de servicios públicos
17d6a604-03bc-49d3-b21f-a52a7b03c800,542,2026-02-06,output,3850.59,Gasolina estación de servicio
e7afdc51-27e1-4120-b33b-545d40c33573,281,2026-02-07,output,2786.61,Pago de gimnasio
8b13f671-f92d-4098-a4f5-52a61a058d83,284,2026-02-07,output,2766.95,Pago de telefonía móvil
efc4aecc-44c5-4998-9e1c-87cb253ff7dc,567,2026-02-07,output,3374.03,Compra en cafetería
2e5d1356-24a8-46f4-9563-7be7396436b2,123,2026-02-08,output,438.34,Pago de Spotify
053b29e9-4242-4379-b15e-dc117f143947,229,2026-02-08,output,1906.97,Compra en librería
f3dcb8d1-fd94-4540-bf0c-c118efb6f0d9,339,2026-02-08,input,9664.38,Reembolso de servicio
1bab49c6-ff53-4880-89a7-d1b4db196e56,459,2026-02-08,output,161.38,Compra en electrónica
b2e04f96-b9c1-4a64-985f-98962c50b89d,155,2026-02-09,output,3069.99,Pago en restaurante
b654d72b-20a9-41f4-9174-9a2ea8377483,207,2026-02-09,input,2440.27,Pago de nómina
113e7e96-5faa-400a-ad92-ce331f30fd5a,361,2026-02-09,output,3991.62,Pago de Netflix
4b9189ef-c18d-4bbf-9eec-e9e98712193c,378,2026-02-09,output,3512.43,Compra en electrónica
bbdc8b01-1ff1-47b7-9599-621f981b2955,509,2026-02-09,output,840.86,Pago de gimnasio
f57d1e66-997f-4dbb-994e-514f1354e51c,538,2026-02-09,output,985.02,Compra en panadería
27f33c92-8630-4943-992e-953ecb883b62,115,2026-02-10,input,8402.44,Devolución de compra
86b1967c-0d39-4ff6-a383-e48baaed0085,387,2026-02-10,input,3363.42,Depósito en efectivo
0ccd0003-2351-4c7b-aff0-56be9d1b2fa2,395,2026-02-10,output,578.54,Pago de telefonía móvil
c10eebf4-740a-48c9-b0e5-0d52f3fb199d,143,2026-02-11,output,2161.05,Retiro en cajero ATM
96758d6b-f371-4298-a8a1-fe26682d2255,172,2026-02-11,input,12106.85,Pago de nómina
bec734ce-e47c-497f-9a12-88f574f574be,356,2026-02-11,output,3794.71,Compra en Uber
d8dbdbf3-3231-40fc-a708-773e7234b313,383,2026-02-11,input,4338.18,Reembolso de servicio
d8b64fd8-73e3-453e-9f93-f88cd1b40a1f,497,2026-02-11,input,14350.74,input por reclamación
c4f080f2-2a93-47a6-b8af-0e5ffea079bd,120,2026-02-12,input,10108.4,Devolución de compra
cde7b5d8-412a-418e-bd1a-ec108560acf3,123,2026-02-12,input,14565.68,Pago recibido de cliente
b4108b9b-243e-4bd0-92a3-871c9219787b,313,2026-02-12,input,10183.63,Bonificación bancaria
5a869a09-1ffe-412f-8263-34815d8e3be4,333,2026-02-12,input,275.49,Depósito en efectivo
4c76702f-92cb-490d-8ce0-74b78dbd0b2a,382,2026-02-12,output,4819.16,Pago de gimnasio
6aaf9759-3405-4d08-b94c-f7cddbaf0dc1,435,2026-02-12,input,12221.16,Devolución de compra
6f34727e-3a27-4dc1-921c-296cfc08cb2b,493,2026-02-12,input,14724.05,Pago de mensualidad
53b2aa29-3e96-47a3-8adb-8821e001f54a,360,2026-02-13,input,2101.35,Bonificación bancaria
f489d774-8d34-47d3-8614-482310bf425d,375,2026-02-13,output,3008.83,Compra en Uber
2e64e8f8-dc64-4e25-9491-85553cd61e76,385,2026-02-13,output,1569.71,Compra en Supermercado
dc8f595d-208a-44c9-8fda-8ba8052f056d,385,2026-02-13,input,6254.22,Pago recibido de cliente
c605ab54-ef42-4b5e-b8fe-76fcfec8c836,469,2026-02-13,output,614.92,Pago en restaurante
871e48c2-31e2-4274-ab64-efd29759c231,480,2026-02-13,output,255.09,Compra en electrónica
c39ecfac-52e4-49c4-856c-1339845232d8,598,2026-02-13,output,3825.17,Suscripción de software
e1a1fbd3-5c74-44a4-8b84-afce30bb4d59,117,2026-02-14,output,1196.11,Compra en panadería
ff376702-7dff-46c4-9b50-38d4834ec296,274,2026-02-14,output,13.63,Pago de Netflix
7e402223-afe9-4fce-a17c-b2f565c2e623,421,2026-02-14,input,10578.18,Pago recibido de cliente
a4720043-695e-4c72-84c4-2f738ae86bd9,457,2026-02-14,output,224.42,Compra en Supermercado
9ba80bae-5431-4d65-b5a3-bef964786423,508,2026-02-14,output,1517.1,Compra en Supermercado
57a73252-8b85-4b1c-8bda-d0f242113a0c,154,2026-02-15,output,4563.21,Compra en panadería
ec81b119-12f0-47d4-a88f-2975593c7268,164,2026-02-15,output,3321.95,Pago de gimnasio
7b23e686-32c8-4df2-918d-cf3ec50f7862,400,2026-02-15,input,6205.52,Depósito en efectivo
486c1484-b03e-431e-953d-caf4213adc39,469,2026-02-15,output,4260.44,Compra en ferretería
88a32fd2-e111-4de8-9620-1e64ea5ecd35,195,2026-02-16,input,11697.85,Transferencia recibida
716d3c1f-472b-4c11-ba0f-5f7288b122fe,549,2026-02-16,output,4498.58,Pago de servicios públicos
9d7b2593-fc96-4096-9a0a-1726bec50078,549,2026-02-16,output,2174.27,Gasolina estación de servicio
20ee1f5b-3a77-44aa-9cab-c3ac23f75047,107,2026-02-17,output,123.93,Pago de Spotify
7ba70757-c46e-4b3f-ba7e-c151ac85772c,156,2026-02-17,output,786.4,Gasolina estación de servicio
9a7ce091-7efe-4921-961d-47455e685d95,257,2026-02-17,output,4609.04,Pago de gimnasio
e2206522-557e-452c-b334-51a4feab26ea,302,2026-02-17,output,2776.4,Compra en panadería
be128da9-b668-4091-b062-0db59e1a28ef,306,2026-02-17,output,960.81,Pago de gimnasio
e58827ab-dc61-44a2-8e17-5368153c2bb1,338,2026-02-17,output,1203.36,Compra en tienda departamental
9e285ba7-6add-4de9-8951-f5aa01fe4d9b,466,2026-02-17,input,4548.3,input por reclamación
6f691fd6-5e06-427d-b010-8b29d775ea63,328,2026-02-18,output,1686.4,Compra en Uber
6e776c12-776e-41d0-9839-b80ea671ee80,441,2026-02-18,output,3318.86,Pago de telefonía móvil
703954e2-1e70-424e-9dae-42fdc4e42df8,582,2026-02-18,input,14790.91,Transferencia recibida
8dc50ce0-e9c8-42c7-a936-42b53e9e2a8a,201,2026-02-19,output,2473.57,Gasolina estación de servicio
9876c24b-21d3-43f6-ad46-14d555e9d909,419,2026-02-19,output,2243.48,Retiro en cajero ATM
03746fd9-06ae-4401-b0b3-855290a6d522,535,2026-02-19,output,4375.47,Pago de Spotify
705ef4b0-0d4f-4419-8e67-ba5286a876c8,539,2026-02-19,output,4388.09,Pago de gimnasio
21026a39-fc54-405e-b6b1-8d3940c66ee2,565,2026-02-19,output,4976.88,Pago de telefonía móvil
d852786b-b9be-46c1-9e20-a962f494bc34,230,2026-02-20,output,2060.8,Pago de gimnasio
30ae8fe0-b7cf-417e-8cea-398b74d23dde,280,2026-02-20,input,11946.56,Pago de mensualidad
bcdf13f2-d0e5-41c0-8c75-9219182060ce,376,2026-02-20,output,1012.1,Pago de Netflix
e2f88519-ecfe-4642-ae61-df4ad14696bc,131,2026-02-21,output,1958.66,Compra en panadería
7fa0c5fc-8f3a-4a65-a628-50a65804e0b1,138,2026-02-21,output,2365.45,Pago de internet
ad5c6180-32c8-4f7d-b391-dc40662b6980,381,2026-02-21,output,4715.22,Compra en librería
b5fbfbfd-0f7b-4298-a0b6-a87367ac5119,576,2026-02-21,input,12497.17,Bonificación bancaria
0922fdb9-b83a-4e53-99bd-9ecbf5716507,200,2026-02-22,input,8371.11,Devolución de compra
fc7aaaee-ba01-433b-87c1-e60e9f4158bd,208,2026-02-22,output,2467.88,Pago de gimnasio
3cffe435-f7a9-45cc-b63e-8fea86fcfa55,307,2026-02-22,input,10261.48,Transferencia recibida
ad5e55af-4d51-448d-833d-21c5ca539ed1,314,2026-02-22,input,8156.18,Depósito en efectivo
cc6bfb3a-b52b-41d5-affb-32c01763e151,372,2026-02-22,output,4058.11,Pago de Spotify
7c2c4f25-56d5-4aba-9a87-bdd5567a45a1,373,2026-02-22,output,2122.2,Pago de gimnasio
ee82e269-b7dc-4ca1-9404-3a22f69c987c,549,2026-02-22,input,6571.45,Reembolso de servicio
af43a2be-eb46-4c8a-8213-1e46cd6b5d10,584,2026-02-22,input,13341.26,Bonificación bancaria
bf19e332-56c0-4d60-a2e9-e47727408aba,261,2026-02-23,output,1480.1,Compra en cafetería
54650bc0-8500-41f7-8c95-6b3245a854a7,278,2026-02-23,output,4378.31,Pago de gimnasio
6de941fa-207a-480e-9d1f-a5d5aa39e1dd,319,2026-02-23,input,5609.01,Pago de mensualidad
5bf3ed04-1bdc-4a5c-8ead-0085cbc3820d,436,2026-02-23,output,4618.34,Compra en cafetería
1348ec56-5a7d-46cd-921e-14768e3cc28d,174,2026-02-24,input,11573.61,Transferencia recibida
25ac0a56-f1e3-430b-af37-c83ebe13a2b3,190,2026-02-24,output,3260.19,Compra en librería
5b60d46d-8727-4bd4-94aa-3cafafd604eb,357,2026-02-24,output,4651.9,Gasolina estación de servicio
5f8e5caa-806f-4545-aa77-aed155d0715e,471,2026-02-24,output,1378.93,Pago de servicios públicos
7834bdd8-e730-40a5-8413-dbdfccf0cb5a,516,2026-02-24,output,4782,Compra en panadería
aec2e268-f006-400d-b429-27e25d0072b5,534,2026-02-24,output,355.74,Pago de servicios públicos
e9eac5e5-a1db-44ef-a479-a559b49b8182,545,2026-02-24,output,1378.98,Pago de servicios públicos
f765361c-fa8b-496e-ae97-1145f2e09bf6,562,2026-02-24,output,2901.56,Pago de Netflix
d2a5177f-0358-495e-b07a-2349ca1022cb,111,2026-02-25,input,7038.1,Bonificación bancaria
66970c42-08c5-46d1-bda6-63e0be3a6802,481,2026-02-25,input,2347.82,input por reclamación
1a2214e0-5331-4d60-b855-1a4e1c7838b8,164,2026-02-26,output,4812.93,Compra en panadería
d2e841fe-d08b-4bfa-be68-aa256aa56b8d,187,2026-02-26,input,3517.02,Depósito en efectivo
3ea5eb3a-f9b9-4030-b151-4036cf48758f,233,2026-02-26,output,1007.59,Pago en restaurante
22ecccc3-ba4e-4f8e-9fd5-7aec5962fc84,506,2026-02-26,output,710.44,Compra en ferretería
e29a52ae-1a83-446f-a4d2-2ff61d6b23a2,525,2026-02-26,output,551.51,Gasolina estación de servicio
18e3e25d-9115-4330-8540-aeecc62918db,587,2026-02-26,output,3963.97,Pago de telefonía móvil
cefdca88-3e36-450c-9008-30ef6b8b07c0,123,2026-02-27,output,3715.06,Compra en farmacia
fc9f2135-838a-42d9-ae98-255f2350091e,251,2026-02-27,output,1893.68,Pago de internet
f11399bf-9a2b-49e1-9c62-a9a8b8fbd775,500,2026-02-27,output,245.49,Compra en tienda departamental
2c649131-7f52-4dbe-a8f3-9b1fd63a935c,144,2026-02-28,input,11064.27,Pago de nómina
8d3d06f0-2ff7-4b25-8a41-8e2d07fa7e3d,505,2026-02-28,output,2799.49,Compra en farmacia
41695891-9164-4527-aa2d-9ec3da2ceafe,597,2026-02-28,input,757.54,Pago de mensualidad
fc4cc946-5e29-4a38-a661-012cdeb5ab36,122,2026-02-29,output,3415.02,Compra en Supermercado
99e4c2b8-d0cf-46fb-9785-4578ac4b8ebf,124,2026-02-29,output,4157.17,Pago de gimnasio
dbcaf448-098a-41ce-b155-94d8c218c8bf,194,2026-02-29,input,14344.4,input por reclamación
85223fea-dc52-4eb3-a66a-2c6d69fb9f6b,211,2026-02-29,output,3335.88,Compra en Uber
0fe37fd5-634b-4893-b477-988b4b58365e,267,2026-02-29,output,3441.21,Suscripción de software
9f68f06a-3b90-4ce4-a4f6-9ba864889483,385,2026-02-29,output,4166.44,Compra en línea Amazon
3029e697-2fe5-4a57-9f1d-28d8116b61cc,490,2026-02-29,output,1876.79,Compra en panadería
b4c9348f-a7e0-465a-bc14-674b23ad4f03,120,2026-03-01,output,1772.49,Suscripción de software
c9187682-ebcb-4dc8-866e-4c8f7ef64449,204,2026-03-01,output,1223.79,Compra en cafetería
2f7f4c59-96d4-4576-8509-9f86a383ad43,262,2026-03-01,output,2981.68,Compra en línea Amazon
912ab095-1ef5-4c26-8c05-da1c9f30f63f,447,2026-03-01,output,241.68,Compra en farmacia
df2506ca-8a6a-46ff-8340-9219827c7c90,460,2026-03-01,output,4928.31,Pago de gimnasio
76f47e93-f512-4351-bbbf-20738a25e449,528,2026-03-01,output,4943.55,Retiro en cajero ATM
a8b0708f-c0cd-428f-8a09-26833899961f,556,2026-03-01,output,1092.86,Pago de Spotify
5d4c9689-f268-43fa-8f4a-e55e5bf81702,577,2026-03-01,output,383.21,Pago de Spotify
17526572-e0b5-4bc6-b910-b359036f58bf,295,2026-03-02,output,427.2,Compra en Supermercado
034fd865-a0ff-463c-8d0b-16ca05ec25ed,452,2026-03-02,input,10320.98,Reembolso de servicio
ef73823c-8a48-43da-a768-140777037405,495,2026-03-02,output,4613.99,Pago de servicios públicos
913492f7-d239-4ce1-a80f-6811e9b69c43,530,2026-03-02,output,2450.05,Compra en ferretería
1962e9b6-3fde-4477-a028-5b08e7f00716,177,2026-03-03,output,1973.75,Pago de gimnasio
a7284e09-dbb5-4a5f-8e06-c2f463943ade,242,2026-03-03,output,1162.68,Pago de Netflix
256d7b08-4133-4e7a-bbf7-1c93e2f66ea0,296,2026-03-03,output,4945.13,Compra en librería
1ca379c6-79c6-47dc-aeea-3ce53aaf1713,313,2026-03-03,output,1025.02,Compra en Uber
eb382f60-32bb-4b4c-beb2-9b5e91b692a0,313,2026-03-03,output,2803.01,Pago de servicios públicos
565f8c3b-95c8-4f73-b631-bc8653f398c8,331,2026-03-03,input,255.07,Devolución de compra
b6d4fed6-8baf-4aa4-ae56-6df882ea0aa4,340,2026-03-03,output,3894.48,Compra en panadería
8c7ecea9-5301-496f-a99e-914bcf9dedac,391,2026-03-03,output,2719.68,Compra en línea Amazon
073d90ec-2902-44f9-83e5-868c4549f088,101,2026-03-04,output,1868.55,Pago de Spotify
1e13ea64-ca91-4aaf-9111-d6893b332bc8,116,2026-03-04,input,8291.38,Transferencia recibida
416c9af8-10ae-4b54-ba7c-a8e7448fdf52,137,2026-03-04,output,3771.67,Compra en farmacia
d96127be-1100-4636-8a91-8f7cee4c45c9,174,2026-03-04,output,4764.04,Compra en cafetería
dfff001e-1ab1-4f70-98a2-86ba1a8a3948,437,2026-03-04,output,3371.17,Compra en electrónica
fa32261b-0f91-4376-911d-d1133b227f50,457,2026-03-04,output,2914.71,Suscripción de software
c6b5c1af-b5ba-4c17-a528-b92ee8378ebf,314,2026-03-05,input,13224.29,Bonificación bancaria
f3679d18-9a17-408e-a64d-109fda28adf8,486,2026-03-05,input,12319.06,Pago de nómina
0fad1c4f-3ec3-48d2-a31c-a3ad84808c5f,101,2026-03-06,output,2477.62,Pago de telefonía móvil
d8492816-193e-4c02-8c46-743fe3b74499,119,2026-03-06,output,3510.08,Pago de internet
41dd7210-52e4-4d66-ad54-8a1db1380cae,140,2026-03-06,output,4705.05,Pago de gimnasio
2538958a-c302-40c1-8d5f-d01c2c23cb13,198,2026-03-06,output,4127.58,Pago de servicios públicos
534afb0c-18c8-4a18-b6bb-4e9105f10296,237,2026-03-06,output,3896.54,Retiro en cajero ATM
2600cfd3-2278-474b-9752-e0a897aad9ff,404,2026-03-06,output,4719.2,Compra en ferretería
b932605d-b7db-4a1f-a33c-ff064a3f6d5f,513,2026-03-06,output,875.63,Compra en tienda departamental
5957839d-5e60-45ff-a9ae-1b16ea8df58f,245,2026-03-07,input,3208.7,Pago de nómina
86e92ae9-5f08-4de7-a7b9-dadc728a84b6,325,2026-03-07,output,4275.86,Compra en tienda departamental
4a491c0b-30bb-4526-a037-6983d1d4ffc9,409,2026-03-07,input,5669.68,Depósito en efectivo
f5b1b098-fe09-421f-9ac0-726945d1f798,471,2026-03-07,output,373.36,Compra en electrónica
308ecfe7-61a2-4ab4-96fc-0f6061fb8573,547,2026-03-07,output,925.65,Pago de Spotify
6aa74198-882f-402b-98c5-62fceeaf1dcd,579,2026-03-07,output,3213.25,Pago de gimnasio
9ee040e3-58b1-495f-b5c8-2971d7512066,209,2026-03-08,output,3676.51,Retiro en cajero ATM
f1a920a2-4546-44f7-b9a2-0c5465eaeb99,222,2026-03-08,output,435.39,Compra en Uber
2e19963e-d34a-4fdd-85be-868e1ca90cdf,255,2026-03-08,output,1742.47,Compra en panadería
d3e63749-e692-4741-bc5b-b31f6d580285,274,2026-03-08,output,4963.08,Compra en panadería
fb9c9243-009a-4a48-beac-7d15b8869e72,281,2026-03-08,input,7064.53,Transferencia recibida
ac950f7e-fc29-480d-bb6e-6eecc3756284,396,2026-03-08,output,4058.78,Pago de gimnasio
61037800-bf48-4321-9e00-b3efe708cfe2,127,2026-03-09,output,884.13,Compra en línea Amazon
531ad010-9d87-490e-a5a8-f4e0c04945dc,164,2026-03-09,output,994.43,Compra en librería
2c6d8b58-a9ea-4a67-a2ae-01f133620577,241,2026-03-09,output,3946.68,Compra en Supermercado
8e8f2753-91a0-483a-b879-39f9519dc50a,431,2026-03-09,input,7678.49,input por reclamación
b3742673-c64b-46e7-bee7-e3d2da97d1d0,479,2026-03-09,output,3487.45,Pago de servicios públicos
4130ff8c-c9d2-4c50-b70c-9f6e6660831e,544,2026-03-09,output,3711.94,Compra en tienda departamental
e540e520-f02e-4875-8bba-e132c0c65dd9,554,2026-03-09,output,870.75,Pago en restaurante
19f7307b-d250-43d9-9aa5-20e8dfc03b3f,576,2026-03-09,output,4701.23,Compra en tienda departamental
42fefe52-3853-48be-aa3c-af917af2a2de,101,2026-03-10,output,1536.68,Pago de servicios públicos
0679164a-dedb-473b-916f-24282965bdc8,196,2026-03-10,output,1596.71,Pago de gimnasio
be04a935-a642-4e6e-a55a-91b6dfa8aabe,227,2026-03-10,output,2970.83,Suscripción de software
fc2bd29a-0672-4dc5-ba3e-42ad34574415,390,2026-03-10,input,8796.52,Reembolso de servicio
dc122bb1-9652-4306-87bf-4d4cf4ba2c90,400,2026-03-10,input,12980.57,Depósito en efectivo
1f5f0236-4c87-4be0-85b3-0bcf357dd482,592,2026-03-10,output,4587.02,Pago de Netflix
22405be3-f04f-450a-a14f-c70d3c6f5165,230,2026-03-11,output,1149.19,Gasolina estación de servicio
241c38f6-8e3c-4c7c-995b-5b0c778b7d2b,374,2026-03-11,input,10931.19,Depósito en efectivo
53c334a1-151c-4f5c-817f-0656318d91f3,530,2026-03-11,output,4912.17,Compra en cafetería
80fb3ba9-5593-4a7b-bcbc-a11a565f49a9,191,2026-03-12,output,1399.09,Compra en Uber
2df79355-dcd3-4c50-977e-8d213e3aa2b4,250,2026-03-12,output,1015.7,Pago de Spotify
8655089c-561d-4f3d-be06-054c9c06399a,301,2026-03-12,input,8213.44,Reembolso de servicio
ac0aa87e-7b0c-43da-8946-a8471d76a6aa,450,2026-03-12,output,596.52,Gasolina estación de servicio
b9f3fcfa-1ead-45b1-a166-e3b6a08b0e6a,237,2026-03-13,output,3565.57,Pago de servicios públicos
99b43f14-cbc2-4979-8262-b6f94b2cb66c,252,2026-03-13,output,3949.86,Compra en farmacia
86f0350a-eb89-4fe8-ba6d-081b927b68cc,271,2026-03-13,output,880.89,Compra en cafetería
b3bc5ffe-36ce-47bf-8c20-262c4dee2e19,326,2026-03-13,input,11312.43,Transferencia entre cuentas
35990921-cb46-4413-9ff0-90562788d3be,390,2026-03-13,input,2294.97,Pago de mensualidad
c616ce05-45ea-4738-8106-745405b87dc6,392,2026-03-13,output,902.12,Compra en línea Amazon
f282a5ad-6786-4edd-be5a-5cb2fa6d59a0,230,2026-03-14,input,5284.24,Bonificación bancaria
23f840a7-f078-4c62-9a49-063f40d4a3ea,340,2026-03-14,output,2761.01,Compra en línea Amazon
a3769585-7b62-433e-9c1c-9be17d03dc73,506,2026-03-14,output,4348.21,Compra en tienda departamental
972b5456-e91a-4b14-9db9-917a794b5924,557,2026-03-14,input,9289.22,Transferencia entre cuentas
e8838b78-29f4-4167-9229-3906367099c7,572,2026-03-14,input,6471.13,Pago de nómina
644f4c38-7f83-4827-86f8-3ad792a63480,140,2026-03-15,input,270.23,Devolución de compra
2a6000a6-e980-401b-a83c-26a1fc794b3a,200,2026-03-15,output,1447.18,Compra en electrónica
31de9e9a-5378-4462-8b71-e4b1277a4c7c,316,2026-03-15,output,3932.66,Compra en panadería
bc5a36ec-8aa9-48e8-8520-db7e3baf9755,353,2026-03-15,output,350.44,Retiro en cajero ATM
cd02c8b7-c137-4c97-bfb3-7586b05fccb1,386,2026-03-15,output,3530.54,Compra en farmacia
3c7543c8-7919-4907-9dfc-7edbb5c63746,124,2026-03-16,output,1367.04,Pago de telefonía móvil
1d05af93-126f-4720-be2d-348603d01ef9,201,2026-03-16,output,2673.35,Retiro en cajero ATM
52340f17-0073-44f0-b61a-45f8e426aac0,203,2026-03-16,output,4118.76,Compra en electrónica
03a5f2c4-559a-4704-a392-66d94af90415,271,2026-03-16,output,2236.33,Retiro en cajero ATM
3eb0914f-e2f7-4d02-b8d6-9beb7b6277ab,309,2026-03-16,output,1061.04,Pago de internet
dabb8b1f-be69-4930-a57d-660b836f36c4,318,2026-03-16,output,771,Pago de internet
edb9fcf6-5a54-4818-a15f-ae61dd5092b9,431,2026-03-16,output,2586.63,Compra en línea Amazon
6b0bb41a-0737-4ab0-b413-cf5e89795dd2,460,2026-03-16,output,3127.6,Suscripción de software
c0ac7933-6211-4255-be7f-466432bbca93,170,2026-03-17,output,767.23,Compra en cafetería
a5b09524-0265-4d15-92c2-4008754f86d1,211,2026-03-17,output,3094.24,Retiro en cajero ATM
06b172d6-bc85-42a5-a182-453db45b6b92,446,2026-03-17,input,7157.23,Pago de nómina
24b694b8-5f63-407b-a97c-bc20c8c22ae3,510,2026-03-17,input,1224.14,Transferencia recibida
40e576e1-4edd-4d3d-80ff-1a08918312ca,182,2026-03-18,output,3789.75,Compra en Supermercado
618b0280-871c-4ada-8ed4-775f98ac988f,257,2026-03-18,output,1103.17,Compra en librería
cc018f43-fa98-458f-b892-76fd8ca08660,267,2026-03-18,output,2526.38,Compra en ferretería
5c1d935b-1b18-4383-ba43-0a77f9377fb0,350,2026-03-18,output,2675.57,Pago de gimnasio
8a9dac92-08b7-486d-86af-0f4f1bc00a83,389,2026-03-18,output,1025.24,Pago de internet
87f7709a-bdd4-40a7-aa31-8be2c336e1a7,529,2026-03-18,input,2559.15,Devolución de compra
e4a33084-8501-4302-8f9b-47517f1f6584,545,2026-03-18,input,1767.58,Depósito en efectivo
d2e14334-ee3e-440d-aef9-be806670edb1,189,2026-03-19,input,1956.43,Transferencia entre cuentas
a3d822b4-f104-4a09-a141-03b78550f78a,268,2026-03-19,output,2547.96,Gasolina estación de servicio
0ed23598-8ac3-4c08-946a-210e22d52f99,401,2026-03-19,output,3915.24,Pago de Spotify
71f780ca-a559-4567-9539-4a9953236bfe,542,2026-03-19,output,1757.2,Compra en tienda departamental
576c0f97-db7e-4428-874e-a845ae9db4ed,155,2026-03-20,output,4953.6,Compra en farmacia
9d63c244-9224-4a22-a780-48fa33776dc5,249,2026-03-20,output,3947.96,Retiro en cajero ATM
7bc2869f-8ec4-4be5-b88f-2ac573f9e857,292,2026-03-20,output,1638.06,Compra en línea Amazon
0663789b-0b24-4100-bb3c-f14b59b7048d,296,2026-03-20,output,4440.22,Compra en librería
d0e55506-4b35-427c-8907-87aadfa0b1c2,318,2026-03-20,input,10679.8,Transferencia recibida
061979f2-ba6c-4af1-84f2-542d63893d81,322,2026-03-20,output,4488.8,Compra en farmacia
aa1f6e56-771a-4be9-81a2-293da25dcfb9,338,2026-03-20,output,549.18,Compra en cafetería
15cfadf3-aa4a-4713-bf6c-eab850258d1a,371,2026-03-20,output,3750.66,Compra en panadería
f1d85d1b-1808-42f5-84fa-eaf567207b45,463,2026-03-20,output,3001.69,Suscripción de software
5b81993d-6422-421a-8426-5d8be8cf98f0,307,2026-03-21,output,1945.61,Pago de Netflix
92f3640b-c2b1-482b-9a09-d05eec33e703,490,2026-03-21,output,772.82,Pago de telefonía móvil
3891ce05-f3b5-4d3c-acef-2d54bc043379,511,2026-03-21,output,797.67,Compra en tienda departamental
64e04365-cae6-4a77-89ee-0da29b3d3615,135,2026-03-22,output,1944.6,Compra en farmacia
de5f1f6e-5de0-42cc-998f-9c5c8026d571,367,2026-03-22,output,2748.38,Compra en Uber
de74cad2-13d8-4427-8370-5825039d15e6,177,2026-03-23,output,3473.79,Gasolina estación de servicio
75247751-001c-415f-9a3d-cc9cf5ccee31,236,2026-03-23,output,1832.93,Pago de telefonía móvil
d8db1882-50c6-4410-ad02-a4a40930aa5c,357,2026-03-23,output,621.33,Pago de internet
80acfd9c-23d0-4c17-b961-e57bae319a97,416,2026-03-23,output,2974.79,Pago de Spotify
d44ffe43-d89b-4e31-a57e-9f6252b0fa8c,448,2026-03-23,input,9142.74,Reembolso de servicio
15def5ca-4603-43a5-af05-16599541262d,501,2026-03-23,output,1823.34,Retiro en cajero ATM
906f76a0-508b-406c-b70c-3c5c199aadb0,508,2026-03-23,output,4307.07,Compra en panadería
7b55e0dd-fbc6-4a29-8c8f-f71abf2e1c91,532,2026-03-23,output,1780.93,Compra en farmacia
27527e61-4769-4957-b96b-16e77cd3a68b,593,2026-03-23,output,1706.35,Retiro en cajero ATM
7bd1ae8b-0d01-4d7d-8e68-f1abd2ae44bd,110,2026-03-24,output,4601.5,Compra en Uber
f4ff1c3d-de30-4104-bc67-bc3ff5342c6f,165,2026-03-24,output,1956.71,Compra en tienda departamental
422e710d-691a-44a4-8a63-a2ba13e94c57,177,2026-03-24,output,2719.37,Compra en ferretería
87d48170-5ca3-47db-a90d-ba05fa5fe734,199,2026-03-24,input,4498.72,Transferencia recibida
85ff85aa-ac6c-4b6c-92ff-c200ba68a312,201,2026-03-24,output,4872.47,Compra en cafetería
202766c8-1805-41f7-953a-3549e01ac9ef,241,2026-03-24,output,3905.1,Pago en restaurante
77d19d0f-cf0a-4181-a966-d799f305841e,357,2026-03-24,output,1737.2,Gasolina estación de servicio
e4b17a81-c493-49ab-bda7-e3de4c4f3fb2,435,2026-03-24,input,8106.19,Transferencia recibida
7a8164f3-9c40-4cb3-b4a3-badf114fe6ba,366,2026-03-25,input,3298.58,input por reclamación
afea6c5f-8a82-41b9-9b99-4e916e3e13be,142,2026-03-26,output,1070.36,Compra en Uber
8f4da006-3390-4119-ba9d-75c132f880b8,331,2026-03-26,output,428.86,Pago de Netflix
24083c34-dd50-43cd-ab57-3af3f817b109,389,2026-03-26,output,3919.73,Suscripción de software
b130d055-1df1-47b5-9191-7ead89283284,453,2026-03-26,output,2794.41,Retiro en cajero ATM
51dc5a28-74d5-4c6e-82fb-4fe6d2ae593d,513,2026-03-26,input,6251.08,Pago de nómina
79729fda-bcaf-4728-b9ec-3c666e0e911c,527,2026-03-26,output,2792.5,Compra en panadería
4ace3003-d38c-4d4e-8147-09244263a9f7,578,2026-03-26,output,1960.57,Suscripción de software
4e220445-7189-4834-9e75-19294ee5cccc,599,2026-03-26,output,4865.23,Compra en Supermercado
c657727a-a3f5-4d97-bd10-247305bb99ad,140,2026-03-27,output,4100.96,Pago de Spotify
924cb8b7-8f42-4d96-9b1a-174c4396db95,201,2026-03-27,output,865.95,Retiro en cajero ATM
535391e4-9273-4a2a-8a57-f9648ec4b47d,328,2026-03-27,output,1755.09,Compra en electrónica
2e4fcc24-94ba-4daa-83de-0fab70d30913,330,2026-03-27,output,4663.67,Compra en ferretería
80bc4d8c-e61f-40c8-b6c1-4f3defd0263b,364,2026-03-27,output,651.78,Pago de Spotify
80d1a50e-1f3d-4c82-af11-64eced86ae0a,369,2026-03-27,input,7571.99,Pago de nómina
07be6ecf-b497-432e-8690-939faf4cb6b0,383,2026-03-27,input,2982.48,Pago de mensualidad
63a565a5-456e-4f35-8bac-c830061da810,486,2026-03-27,output,2431.26,Gasolina estación de servicio
2ee9f3b9-136e-4c64-bdcb-babc835fe077,503,2026-03-27,output,60.94,Pago de servicios públicos
0dd0b368-426c-4bc2-b0c1-c2ba6c01c5f9,249,2026-03-28,input,12657,Transferencia recibida
efba31cc-98e2-4d06-922a-538f8371dab6,378,2026-03-28,input,2259.74,input por reclamación
5a2c1ee7-e64c-4f22-815a-42cfaa5a84ba,288,2026-03-29,output,4401.58,Compra en electrónica
ec14b91c-7b54-43e9-a812-8e733d605230,319,2026-03-29,output,1966.55,Pago de Spotify
ea0e18bd-cf55-426a-a01b-c176cd70dae1,442,2026-03-29,input,3627.73,Pago de mensualidad
0bde6d1e-53ce-40a0-86f9-6a3a48334495,460,2026-03-29,output,1122.7,Pago de servicios públicos
a08cd1d1-9443-450d-bc51-0c6b51f3c723,527,2026-03-29,output,4274.9,Gasolina estación de servicio
bc1b95ed-366c-43a4-b42a-115b65499b9b,118,2026-03-30,output,1461.89,Compra en farmacia
02f44702-f0b2-4645-9543-6ad3ea9155e8,251,2026-03-30,output,1789.99,Compra en panadería
f8e50b22-75ad-43d0-86fc-be00e6770fd0,350,2026-03-30,output,3281.33,Compra en electrónica
6362d5d3-9a95-4d33-996b-64d370ecacf5,229,2026-03-31,output,4741.01,Pago en restaurante
b7cce5a3-7284-4d75-a436-26741a11fdc2,358,2026-03-31,input,14331.54,Transferencia recibida
5987fd41-95fd-42d5-8a2d-2554927fb461,487,2026-03-31,input,7363.17,Depósito en efectivo
3932bad3-a3b2-46c9-bdd1-536d5c80e1ab,516,2026-03-31,output,931.06,Suscripción de software
e22378ae-e864-43ba-b17b-b527a90b91ab,582,2026-03-31,output,496.72,Compra en cafetería
18ee3198-d626-479b-b6d0-5e6d96484872,254,2026-04-01,output,3170.06,Suscripción de software
245b3d33-284e-4d5c-9f8c-48487ff96ec3,388,2026-04-01,output,4960.32,Compra en línea Amazon
378815f9-a6eb-4f82-92e9-8cfa85810fc8,222,2026-04-02,output,2235.64,Gasolina estación de servicio
fd44e280-6172-4954-8f52-389d75e802dc,329,2026-04-02,output,1983.05,Suscripción de software
a5a2cd5d-761f-4e2d-aac6-c4d84f731e2b,369,2026-04-02,output,3590.53,Compra en Supermercado
ac4063f5-a2a4-4435-923d-5003b10c4d2f,391,2026-04-02,output,3665.25,Gasolina estación de servicio
bdd4f8d6-7d6b-4f31-a097-a34cdf3af9ad,185,2026-04-03,output,484.88,Pago de servicios públicos
e834460e-9d07-4ebe-bad1-751719f0bba3,301,2026-04-03,output,4365.22,Compra en farmacia
cb8025c3-4256-4d9e-87be-b64f8051d7cf,118,2026-04-04,input,4440.9,Pago de nómina
45096489-e505-4e6a-972e-f4fa3aeb4be5,138,2026-04-04,input,7567.27,Devolución de compra
e3d439b1-77b3-43f9-9de6-41ea3a19e8c0,146,2026-04-04,input,11543.45,Pago de mensualidad
e4714f2b-25a1-46bc-a8e9-df4b21a5f861,346,2026-04-04,output,2796.96,Pago de servicios públicos
4fd400b3-2d07-43e2-b2d9-d685f4b15567,386,2026-04-04,output,697.03,Retiro en cajero ATM
73c58ce4-a9ac-4d12-b50f-5c86082dc6d6,387,2026-04-04,output,631.51,Compra en Uber
89700b0c-673e-43cf-bd09-861a1acf8ec8,459,2026-04-04,input,8949.26,Pago de mensualidad
a40a5b73-ce74-4312-98b7-e51fd7b7c40c,495,2026-04-04,input,7790.78,input por reclamación
d05d5f7f-fe33-4d7e-9ec6-f075cae6062d,180,2026-04-05,input,3986.97,Bonificación bancaria
303112f5-cdc3-4ce9-81a6-47dbc7653654,301,2026-04-05,output,1202.16,Gasolina estación de servicio
9d9f1571-ae2a-49d6-a7da-b8c75d4af7c7,315,2026-04-05,output,1182.19,Pago de telefonía móvil
3341e887-5d27-45f5-8a79-17130d6ab70f,418,2026-04-05,output,2689,Pago de Spotify
8f822fef-8605-4ded-8367-07a877dd236d,443,2026-04-05,output,3882.67,Compra en tienda departamental
36998307-8fb3-42b5-82df-0800fa88d107,478,2026-04-05,output,2936.06,Compra en panadería
4ab4e619-d18e-4f59-bc0f-1da5bc2a390c,143,2026-04-06,output,64.62,Compra en panadería
04c7e6fd-a7cf-4be8-a39c-1c04ad66a807,212,2026-04-06,output,4596.76,Compra en ferretería
6a28a320-ae6d-4421-9610-daccb42cecfd,461,2026-04-06,output,1829.82,Pago en restaurante
754a1105-dcd0-4cf0-9f69-1c08887d7610,546,2026-04-06,input,10678.3,Devolución de compra
47c88fde-68d8-48c5-81f9-b9a8b12882f8,121,2026-04-07,output,2098.86,Pago de internet
b54cf1b4-69a9-41ef-baaa-6d19fcb8e367,224,2026-04-07,output,448.55,Pago de Netflix
d195a1fa-d40c-4155-b16f-002edf8b75d5,257,2026-04-07,input,10756.78,Depósito en efectivo
fcab2a6c-c5fb-410d-a286-548d551251da,295,2026-04-07,input,5972.88,Reembolso de servicio
dcbcfe87-0c24-48d2-b8d9-1516ca72cf4f,466,2026-04-07,input,1158.39,Devolución de compra
1e31855e-4b2b-42f3-94ef-11dc5bcc0a72,485,2026-04-07,output,964.29,Pago de telefonía móvil
54b08e74-e54f-4baa-958f-9fafb8986fe9,492,2026-04-07,output,319.27,Pago de internet
640219c6-655b-4a26-85a0-a833a9d95a33,540,2026-04-07,output,4218.98,Compra en farmacia
a668d202-f104-4901-8331-82e1a08eaa29,540,2026-04-07,output,1740.54,Pago de Netflix
8440df1a-5fca-49dd-a2cf-db33e2785bf9,110,2026-04-08,output,2031.62,Compra en librería
0a0d8417-45d0-479a-af4f-5127f193e1bf,341,2026-04-08,output,510.71,Retiro en cajero ATM
2c945cd1-a07f-4303-a273-927739d689b9,348,2026-04-08,input,4211.27,Transferencia recibida
d63a2c34-4f55-4e04-b708-5fd131d47f39,412,2026-04-08,output,1629.59,Compra en electrónica
f701c79b-cd1c-4fa8-be29-b17d26d62b1e,440,2026-04-08,input,1718.93,Depósito en efectivo
9ec06b14-256b-4d75-8db9-1de8d8f024e0,530,2026-04-08,output,1216.15,Compra en línea Amazon
cf55a698-826c-4432-aca2-1b6390c8d130,546,2026-04-08,output,4170.49,Pago de internet
698c2d47-2032-4813-80b9-c3a2cc5e8aa4,590,2026-04-08,output,3150.46,Compra en tienda departamental
d8619a75-bc86-41c1-9f0e-bf54b5cd6f77,183,2026-04-09,output,4329.71,Compra en ferretería
24c2aee9-15ca-430a-8b73-cf060c055211,497,2026-04-09,output,1143.94,Pago de servicios públicos
b3b34798-0dea-4688-8001-1c57d69ab9dc,110,2026-04-10,input,4259.91,Transferencia entre cuentas
76bb97c6-dd6d-4407-a1cf-ad4f1a6aaf74,166,2026-04-10,output,954.75,Pago de gimnasio
ca434ad6-17ea-4836-9d72-355b546d5744,281,2026-04-10,output,1999.17,Compra en cafetería
96e6519d-d713-475f-b3ff-c86c6133ecb5,296,2026-04-10,output,2410.41,Pago de gimnasio
1435a3cc-037d-4c3e-890c-bd79775b4abf,416,2026-04-10,input,2622.07,Pago recibido de cliente
bc72da4c-bcd8-4e87-9d63-1db93903b809,112,2026-04-11,output,4836.92,Suscripción de software
11509ba3-04a0-4fb7-bcfe-dfb143741072,146,2026-04-11,input,3896.88,Pago de nómina
c59f3229-4c01-470c-8e00-27bf1f77b472,217,2026-04-11,output,4959.03,Pago de Netflix
a4c85434-2c36-4eb0-8bc0-16ed1bbd9e93,261,2026-04-11,output,865.38,Compra en panadería
bdda0c09-a23a-41f5-b9ca-967fbaadb9aa,341,2026-04-11,input,12266.39,Transferencia entre cuentas
64fb5265-b6e0-48dc-bd2f-c05eed3e387d,379,2026-04-11,output,1949.08,Pago de internet
242eb589-d866-4e1a-a87e-800c1bb37354,574,2026-04-11,input,3591.24,Transferencia recibida
67d62aa4-e120-48e6-a593-f8117e6d0bc6,134,2026-04-12,output,2221.65,Compra en librería
f0cef29d-28a2-471a-ace0-e78febb3e83f,490,2026-04-12,output,4845.86,Pago de gimnasio
012675aa-a6ee-437e-9692-366bb52b9ee9,534,2026-04-12,output,2158.61,Compra en tienda departamental
cfa9fb41-472b-4989-9dd0-b851e059e533,243,2026-04-13,input,3581.05,Pago de nómina
931b7a8c-eb34-40a8-93d1-96fb6b315cb9,246,2026-04-13,input,163.96,Reembolso de servicio
cded016b-db87-4e45-84a9-13f605a7f028,359,2026-04-13,output,3779.89,Compra en línea Amazon
ca381c9c-5025-464b-a01c-4e83a99cf1df,451,2026-04-13,output,352.97,Compra en Uber
d900b6b3-3ff3-4fce-8532-c96a27de3cb0,116,2026-04-14,output,2171.82,Pago de gimnasio
f63237f3-5061-4579-b60c-261b78bf1d92,364,2026-04-14,output,791.72,Pago de Netflix
4686ae55-ec86-4658-a4ac-5d35f3727e96,532,2026-04-14,output,3325.13,Compra en línea Amazon
2de16172-b516-4cb3-9b8b-81683679d3e0,586,2026-04-14,output,1652.16,Compra en tienda departamental
105ef494-af6e-4e7d-9313-f994254fadf2,124,2026-04-15,output,732.8,Compra en cafetería
21786ee2-0c0d-4fd4-a2f5-cd6f3396ed19,137,2026-04-15,output,2748.85,Pago de servicios públicos
42bb9f09-00ff-4c93-b595-9c00da2616e9,137,2026-04-15,output,919.27,Pago de gimnasio
1f32aafc-a0d8-493b-ae6e-85c527f7d5cf,201,2026-04-15,output,2987.64,Compra en ferretería
ab13c33e-ee1b-4972-8862-9143462b2901,410,2026-04-15,input,10789.06,input por reclamación
7e6e2dfe-4b36-4f0a-bf63-316da02546e8,464,2026-04-15,input,3176.88,Pago recibido de cliente
3c9d1d4f-4da1-434a-9971-54717a69f9a0,595,2026-04-15,output,1075.57,Compra en tienda departamental
3a1173a1-eeeb-4556-820c-d1115a3766ff,294,2026-04-16,output,1078.15,Compra en panadería
b811b948-4170-4c53-ba80-7dd7677ec1fe,419,2026-04-16,output,2889.91,Pago de gimnasio
8fc75cdc-b400-49a0-8d8e-7b5dd62a5112,439,2026-04-16,output,4766.93,Compra en electrónica
a98f86ca-cb83-4a54-a3b4-fb0dfb3f6483,440,2026-04-16,output,2864,Compra en librería
62819ae6-e42d-4e76-9ff1-a7cf021e795f,534,2026-04-16,input,2539.92,Pago de nómina
47515810-44cc-4f2b-9302-64868ab409c7,106,2026-04-17,output,612.21,Pago de telefonía móvil
7980fe00-c617-4a08-83ae-838446adbf39,165,2026-04-17,output,2537.31,Compra en ferretería
5baf96b9-b4a3-4cd7-8704-c15d07e8516f,371,2026-04-17,output,2775.03,Pago de Spotify
95089f17-fe40-4f0d-9b1e-ac4b43d66e2c,118,2026-04-18,output,685.88,Pago de Spotify
1823f248-e46e-4270-a3ad-f037d55febc9,143,2026-04-18,input,11233.86,Transferencia recibida
d9847528-4a1a-46c9-8a80-e84abdca948c,151,2026-04-18,input,5201.44,Reembolso de servicio
de1b35f8-ff25-4a45-8d96-d674b914049c,275,2026-04-18,input,12984.41,input por reclamación
b47ae10b-6e50-4382-a5ad-673ce9da17b1,285,2026-04-18,output,81.56,Compra en librería
dfd79f3d-804a-4fc9-a2e2-6cb956f8e074,319,2026-04-18,output,2751.76,Pago de Spotify
7b02de94-b9c6-4a1c-abcd-5fcbce2cdf73,326,2026-04-18,output,1917.65,Compra en panadería
cc2b0e26-9b10-4d55-a84e-cdf2bb027b80,372,2026-04-18,input,11210.6,input por reclamación
0e455c04-7193-4ae4-a75d-8b3f5813cca4,386,2026-04-18,input,1300.14,Pago recibido de cliente
582de099-9d23-4776-9d77-0b89ed994602,519,2026-04-18,output,832.35,Compra en línea Amazon
bd0ac09e-5642-48b6-8b2f-2c7cb62804cf,570,2026-04-18,output,309.71,Gasolina estación de servicio
ab19cfb7-6183-4128-9482-fd5d0c44517e,134,2026-04-19,output,3578.34,Pago de Netflix
b76dfb11-4f20-4761-8c55-8f28d34056bd,144,2026-04-19,output,4734.85,Pago de Spotify
228f2f36-c9e7-4c3e-a30e-89eb920bb066,161,2026-04-19,input,11501.84,Pago de nómina
05d8184d-74cd-46a5-90c1-c3dd11ebde0b,183,2026-04-19,output,1268.49,Compra en cafetería
7d3d8696-17e1-4485-b487-d0c01b131607,198,2026-04-19,output,3395.81,Compra en Uber
34f3b8cb-9830-4a5f-a79e-83da7c329927,363,2026-04-19,input,2786.53,Devolución de compra
d77c6972-0111-4bf4-8a8d-32753277c5c2,368,2026-04-19,output,2479.08,Compra en ferretería
ded7de9f-63d6-4b5f-87e7-95fefb6f27d7,374,2026-04-19,output,3802.09,Compra en cafetería
85383d9b-1d21-423f-9f3d-38f65d8ea830,420,2026-04-19,output,2289.45,Pago de internet
2df9179c-afb1-45ad-b5b9-a8709e14c312,461,2026-04-19,output,2907.83,Pago en restaurante
c4d226da-c388-484e-afcd-0b55a52c2486,523,2026-04-19,output,2881.97,Pago de internet
8774ba31-be19-482a-9ed4-218809112264,598,2026-04-19,output,2822.35,Compra en cafetería
0c369b0e-55c2-4eaf-a28b-f08c54dac462,120,2026-04-20,output,318.75,Compra en electrónica
e03c3715-810a-4f56-b4ce-c06fea99ef3b,120,2026-04-20,input,10333.41,Pago recibido de cliente
fc4e5e5d-81cb-485d-9e17-33dbe8eb9eba,217,2026-04-20,output,1931.73,Suscripción de software
f595860c-4496-4df2-ba0d-6cad28476fce,258,2026-04-20,output,661.52,Pago en restaurante
6f3ef970-3e37-4c53-a4ac-eb4de34724ad,277,2026-04-20,output,2570.4,Pago de telefonía móvil
5cdaf125-2f91-4602-a9d6-02877c2664fe,335,2026-04-20,output,4359.42,Compra en cafetería
ec634944-42d6-4187-b016-f02ec748892c,335,2026-04-21,input,13535.07,Bonificación bancaria
f0e800ff-0fbf-4d7f-b784-674b27dbfa41,438,2026-04-21,output,2142.21,Pago de gimnasio
5b5767cc-f956-4ed8-b378-b73010d8f217,527,2026-04-21,output,3654.16,Retiro en cajero ATM
e14a27e6-2fb9-48f4-95de-04b3a9b513e7,369,2026-04-22,output,2536.81,Pago de gimnasio
0ce457ff-ed2b-4b2b-b7ae-c622e9db48e2,435,2026-04-22,output,3987.47,Pago en restaurante
3556a699-2f2e-4da8-9ea6-ce03f9b505fc,497,2026-04-22,output,3933.45,Pago de Netflix
92b4f1f7-0d57-4c69-813f-a43bb9774298,502,2026-04-22,input,12287.42,Transferencia recibida
26938756-b637-42ae-a7aa-5dc96b1c0846,545,2026-04-22,output,1067.03,Compra en Uber
411cc7a8-bc38-4284-8822-1759c784f336,368,2026-04-23,output,1795.1,Compra en línea Amazon
91b28657-c027-4b41-b443-138662695903,361,2026-04-24,output,2814.47,Compra en Supermercado
bf306c28-873e-473d-8313-17abc653d07c,455,2026-04-24,output,3033.54,Retiro en cajero ATM
dfa3a4b4-ed05-4776-ad69-1d2c477e78d4,512,2026-04-24,output,4633.98,Compra en electrónica
c67d5a84-ad20-44ad-bc46-46ffd064cb41,575,2026-04-24,output,3000.52,Compra en cafetería
d2f9f08c-363d-4de9-8e14-eeceac01ffe7,149,2026-04-25,output,1999.26,Compra en cafetería
e912d568-b008-413b-aa81-b51cb86a6911,228,2026-04-25,output,2539.97,Compra en electrónica
72fb4bcd-b450-4730-ac5c-fdbb5b10f630,327,2026-04-25,output,2895.42,Suscripción de software
2a878fc0-79f8-471e-a2c5-79eb88023129,365,2026-04-25,output,4128.83,Pago de Spotify
7867b4eb-7b9b-451f-abb2-a686a5bc8697,382,2026-04-25,output,2140.01,Pago de telefonía móvil
7df26243-e508-4eef-a85b-e32bc86d7f92,261,2026-04-26,input,11397.83,Devolución de compra
8d8bcae4-8492-4298-be95-b0d72afd78f1,298,2026-04-26,output,546.24,Compra en línea Amazon
ad42da11-9e27-4cf2-9826-6f63672e3236,322,2026-04-26,output,1785.74,Compra en tienda departamental
f054a932-86df-4b14-b8cb-a354374e8e4c,423,2026-04-26,input,12727.11,Devolución de compra
0a8c11b4-3914-448a-a861-e77b2a7a0dc3,481,2026-04-26,output,4343.37,Gasolina estación de servicio
672e467b-bab1-48e2-9dc0-9b1059e6f9f0,554,2026-04-26,input,3686.62,Reembolso de servicio
97107f0c-8325-41b9-95fd-97358f3e2a1a,140,2026-04-27,output,2584.9,Pago de internet
a51a2dea-bd14-4ff9-b781-fabc7c42a0f2,419,2026-04-27,output,343.76,Pago de Netflix
d35026a2-7130-4043-9b6f-24d76b9c07ed,546,2026-04-27,output,3514.82,Suscripción de software
b9e2dfb4-042e-4507-a278-57e856a68f24,578,2026-04-27,output,2029.87,Pago de internet
76041c88-88f3-4507-995f-5e2ac9a5b566,483,2026-04-28,input,12264.04,Devolución de compra
32f1a108-70e4-4857-9b69-c4591b30e22d,558,2026-04-28,input,3734.9,Pago de mensualidad
f6ded39d-1ed6-4017-8d4b-33037e5d8e10,568,2026-04-28,output,2831.61,Compra en Uber
bbd859c1-a1b6-4970-be74-c865017b2732,101,2026-04-29,output,1746.72,Pago de Netflix
c1b27b1e-73e7-4d83-986a-6f4a747d53da,112,2026-04-29,output,1491.8,Pago de servicios públicos
4e84a778-b732-4455-81db-5f85573a2dc3,149,2026-04-29,input,7280.94,Transferencia entre cuentas
f0a35cde-b483-43f7-b317-c71d955eed75,250,2026-04-29,input,1879.65,input por reclamación
03f45515-9cbb-4b73-8705-bfdeb2a7f9ba,447,2026-04-29,output,3850.48,Pago de servicios públicos
c18619eb-ebd1-4aec-a47b-ee3b63dcf295,475,2026-04-29,output,1041.48,Pago de gimnasio
ebed6528-e6ba-4127-b5cb-48862e9f3de1,492,2026-04-29,input,11117.9,Bonificación bancaria
f0da4ffc-6ad7-45f9-a31a-929dd0894fc8,218,2026-04-30,output,4551.12,Pago de gimnasio
dfadc09c-4d54-4a72-8d0f-3cad286875f8,219,2026-04-30,output,3189.63,Compra en ferretería
317a56d4-4c3c-4b63-be35-1e48aba5938b,253,2026-04-30,output,3355.58,Retiro en cajero ATM
7f12ab05-3b5a-40a3-b4fa-6984206748cc,287,2026-04-30,output,2929.04,Compra en farmacia
dcc5c9b7-a467-4ac1-a48f-d80fa5f53bf1,327,2026-04-30,input,7291.2,Pago recibido de cliente
d1752463-a45e-482d-a9f8-a3e294b0137f,436,2026-04-30,output,3203.64,Retiro en cajero ATM
1eff4678-361a-4aff-9bd7-b04c770c0d4c,462,2026-04-30,output,3994.68,Compra en Supermercado
911e8cbe-e678-4f53-9663-bc621821da6d,504,2026-04-30,output,3458.77,Pago de telefonía móvil
1f06057e-777e-47d6-a8b7-92f12f7aec3d,510,2026-04-30,output,3504.52,Compra en farmacia
d44fa6aa-699a-4086-9ed1-526c0847126d,109,2026-05-01,output,2493.02,Compra en cafetería
6b64667e-154f-42ea-a683-c1edade76ce9,231,2026-05-01,output,4942.08,Suscripción de software
7d614b38-4530-4b50-a8e5-e3481a52965f,326,2026-05-01,output,2911.22,Compra en Supermercado
6ceb1bcf-ab59-4e37-80ca-9015706264e9,481,2026-05-01,output,4706.16,Compra en librería
59a72fe7-f834-4b17-9d61-97bf2d85ba39,584,2026-05-01,input,8464.2,Bonificación bancaria
28309f24-6f16-40bf-8f4b-24a0e101d446,125,2026-05-02,output,107.94,Compra en tienda departamental
554a1fad-09ed-4fa9-88cb-4f42e8565175,157,2026-05-02,input,11503.76,Bonificación bancaria
99e7c1c4-2263-4af7-8e23-6394dbd5447c,309,2026-05-02,input,13791.58,Devolución de compra
f6d344ea-42b0-4b9b-9c58-d8ec6083c168,346,2026-05-02,input,7158.95,Pago recibido de cliente
ba6248a2-0fbc-4d83-bece-5c8299cb4094,367,2026-05-02,output,2116.39,Compra en librería
4f296874-d833-4b1f-b715-2bb02bd434c8,439,2026-05-02,output,4198.17,Compra en librería
500b1bfc-b280-4be8-aff6-c93bf12a2068,541,2026-05-02,output,2872.85,Compra en electrónica
50c8e210-382d-428b-aa02-71045b7979f9,158,2026-05-03,output,751.32,Retiro en cajero ATM
76dbf467-4955-4383-8762-3ed8e741d640,221,2026-05-03,output,2142.35,Compra en electrónica
642a8d9a-912f-40a6-8935-5ec0f1e7c847,226,2026-05-03,output,3277.02,Pago de gimnasio
a5094eff-c1c3-455c-91a8-f9cdf695e0eb,489,2026-05-03,output,3470.52,Compra en cafetería
d77bea8a-aad9-4c9d-b5c7-df5c7e29267c,110,2026-05-04,output,81.47,Compra en panadería
6db6ac3a-6016-470a-8851-97d0d0f7f6f2,177,2026-05-04,output,3205.64,Compra en cafetería
2d7ab5c7-4d19-4ba4-89a9-912a714d5595,200,2026-05-04,output,3826.48,Compra en electrónica
e9398c4c-29b8-49b9-8cec-a96c30aaca1d,327,2026-05-04,output,3629.35,Retiro en cajero ATM
8c9724f5-80d3-45cf-9862-ddb638460758,472,2026-05-04,output,1116.5,Retiro en cajero ATM
d15bdf39-a41c-4aef-970f-a48f58d56bff,494,2026-05-04,output,864.69,Pago de gimnasio
ed939c11-b317-445f-abb1-4febfbbd2ce9,496,2026-05-04,output,113.89,Pago en restaurante
d6255178-6ab3-4c1e-8f00-ad1b92dc2935,220,2026-05-05,output,3189.13,Compra en panadería
3c0ba909-90c1-44da-9b3e-22877b0cc7da,354,2026-05-05,output,936.34,Compra en Uber
b7156482-c39d-424c-98fd-f4217c0e0f81,371,2026-05-05,input,11004.15,Devolución de compra
7d5da330-5a85-4b24-8496-da8162344d1f,494,2026-05-05,output,3664.19,Compra en tienda departamental
b0af7a76-75e1-4f51-a4c6-9cc3b5a188bb,523,2026-05-05,output,4655.97,Compra en Uber
18e2ce37-6a43-4d82-8e81-08d4a5218829,580,2026-05-05,output,2518.41,Compra en línea Amazon
50eac194-c4b7-4e38-8156-6165e84daf84,147,2026-05-06,input,9665.16,input por reclamación
4883d310-5a55-4de3-b95d-ad643057bc43,278,2026-05-06,output,3442.52,Compra en cafetería
1e4c4cba-99c1-4047-85e5-ef950e0a9e67,351,2026-05-06,input,3937.31,Transferencia recibida
984c673e-5b1c-4729-8d0d-ddf4749c4908,570,2026-05-06,input,10179.64,Depósito en efectivo
d80355b8-0569-4795-8a9b-8a5c8ea83d9f,116,2026-05-07,output,4357.76,Compra en electrónica
21dcb06e-7a7b-4d5f-b318-4982785e9919,125,2026-05-07,input,9424.38,Devolución de compra
963f289d-8682-4534-b2e2-3f19b01407fc,252,2026-05-07,output,572.52,Compra en ferretería
917bf01a-71a6-4fee-9019-5ea7cfba25f8,428,2026-05-07,output,2045.96,Compra en panadería
c1899279-33c1-432a-8762-bd379bdc7647,434,2026-05-07,output,177.81,Compra en Uber
2fcd5b55-4c54-4ffb-9aea-17676511e885,452,2026-05-07,output,582.48,Pago de Netflix
4371d577-06ad-43d0-ab51-66d4ebffc3d4,487,2026-05-07,output,2917.59,Pago de Spotify
5f982497-9dc5-46f3-bca4-7ba38635f4ef,327,2026-05-08,input,11474.69,Transferencia entre cuentas
949e970c-cea8-4cdf-8400-68fc82dafffd,533,2026-05-08,output,1878.31,Pago de telefonía móvil
cb200cb2-5939-4770-9905-4cdf76b3a132,212,2026-05-09,output,966.81,Compra en electrónica
87c777bc-c32c-46f5-85b7-cc27a95728ad,257,2026-05-09,output,398,Pago en restaurante
789fda0c-ede5-4187-a758-82ad80ba83a1,501,2026-05-09,input,12233.42,Transferencia recibida
8af87fcd-239b-4b80-9704-a99fb5239f88,525,2026-05-09,input,2477.93,Depósito en efectivo
2e8292d1-6618-4ced-a50e-ee4a835604f6,265,2026-05-10,output,3375.75,Pago de servicios públicos
a2b08b34-56eb-4b08-ace5-7b7fb128f6b3,457,2026-05-10,input,2759.54,Pago de mensualidad
95698a92-db69-46b6-9637-34c397c54ac8,461,2026-05-10,output,4643.35,Compra en Uber
9f85f186-fa24-4323-9261-4e43e90a49dc,483,2026-05-10,input,4531.95,Bonificación bancaria
da04981b-5340-4a9c-a3e9-c4baa2710200,494,2026-05-10,input,10323.85,Transferencia entre cuentas
79ada3a2-0215-49a3-9047-f190c9518e12,505,2026-05-10,output,1672.49,Compra en cafetería
d8504946-6979-412b-b411-124f3ef01aeb,565,2026-05-10,output,2263.11,Pago de telefonía móvil
dc8d29ab-9388-4cd6-a47e-d691652b06e9,570,2026-05-10,input,8328.24,Bonificación bancaria
4758a314-56ae-4e83-a985-e82a971af2d4,598,2026-05-10,input,5076.48,Transferencia recibida
a06c9dee-69a8-4cab-bfa4-f557a6b8ce5f,160,2026-05-11,output,3726.99,Pago en restaurante
31a46455-6744-4d88-b1ed-eee1741c8f4a,228,2026-05-11,output,1485.38,Compra en Uber
ca5cb3b2-75ea-45fa-a5b2-5466d8e91c0f,238,2026-05-11,input,8832.31,Devolución de compra
abff33d2-36cf-424a-96be-13b13f7352a2,277,2026-05-11,output,3217.18,Compra en ferretería
931828a4-a58e-4299-804c-675942819a17,417,2026-05-11,output,4002.67,Pago en restaurante
da900aeb-4583-4b67-8388-67290597ad9b,271,2026-05-12,input,2770.05,Transferencia entre cuentas
a45b690b-0b02-4bd1-b631-0abebdde05df,349,2026-05-12,output,3811.48,Compra en electrónica
ec2c49cb-b5f1-4ef6-8fa3-fe9cdc1b2e0d,394,2026-05-12,output,447.96,Compra en electrónica
1bf258cd-3386-4143-aa1d-8d0dacd5a179,488,2026-05-12,output,4773.07,Pago de Netflix
5fc46df0-2661-4e8c-a891-4faf324da292,167,2026-05-13,output,4875.56,Pago en restaurante
1814c993-dcfa-476e-b694-ca6a163c2515,218,2026-05-13,output,2743.83,Compra en ferretería
2525ee42-104d-4d04-ad4b-87254ad3913f,289,2026-05-13,output,4234.41,Pago de Netflix
1dc3bcdb-4b4c-4c35-8953-58ffcd05e7bd,381,2026-05-13,output,4372.31,Gasolina estación de servicio
373751b4-a068-42bb-8018-8a2aa8420d8c,442,2026-05-13,output,4568.65,Compra en Supermercado
2b44f3e0-54e2-4196-b327-399a48f92ea0,458,2026-05-13,input,1540.97,Devolución de compra
19e96add-58c0-426c-adb9-eb9e751f9685,519,2026-05-13,output,3135.4,Compra en línea Amazon
8d6a305e-2aa3-44c5-9b6c-fac90680c564,129,2026-05-14,output,240.45,Gasolina estación de servicio
57873e7b-576f-4569-88f4-c99d4c5e1522,228,2026-05-14,output,4763.36,Retiro en cajero ATM
57e462c7-a3d4-40d0-b88b-fd33bcc29fe0,326,2026-05-14,input,14689.54,input por reclamación
b5ac4c02-acea-48af-b592-123158f523f5,359,2026-05-14,input,4134.85,Transferencia entre cuentas
3f51f7bc-b565-4d69-a263-48bc4b856a82,375,2026-05-14,output,281.96,Retiro en cajero ATM
ed5a67ec-ccf2-4f46-ab46-61c3aa9ce7eb,421,2026-05-14,output,254.51,Compra en farmacia
3e41ed6a-3463-4e6f-b015-abde5846fe1c,258,2026-05-15,input,10245.75,Devolución de compra
48414426-716d-49d0-b6e7-91d1ac53ff88,329,2026-05-15,output,3444.13,Compra en electrónica
6d2beb41-4e52-42ba-bbd8-fe1ef1e28d74,278,2026-05-16,output,4018.61,Compra en panadería
8d9d1ff5-fbf8-4191-ae8d-d253d2286a41,291,2026-05-16,output,4759.71,Pago de servicios públicos
3702c3fa-a71b-4fc4-a75b-2da04bef62b1,298,2026-05-16,output,1871.14,Pago de telefonía móvil
f9dc894e-c670-48b0-9648-fe4a06bf17a8,347,2026-05-16,output,2722.91,Compra en panadería
ab9e80e4-c87a-45a7-bb4b-ae097fa58926,481,2026-05-16,output,1359.27,Pago de telefonía móvil
02bccc4f-c13f-4958-8c2d-3fd223f7b818,538,2026-05-17,output,137.78,Gasolina estación de servicio
6d710316-5d60-49a5-bcf8-6b7c97462003,587,2026-05-17,input,9824.34,Transferencia entre cuentas
5dbc3baf-985b-45ea-a99a-10fdf77733f3,157,2026-05-18,output,4374.83,Pago de Netflix
06ac2056-01e3-4f52-aca3-19f2dc407244,226,2026-05-18,output,386.07,Pago de telefonía móvil
25b5c0ee-d0af-4902-b6d3-0f99610a921a,324,2026-05-18,output,4322.02,Compra en Supermercado
0548e31b-b5fd-495f-8b96-55f73629d6f7,343,2026-05-18,output,1807.81,Compra en tienda departamental
0fdc5b3d-dcf1-42b1-8e67-7d460b0858a7,407,2026-05-18,input,9218.67,Pago recibido de cliente
05b62ce8-f6cd-4e29-9dbc-9ddb0f6ad793,431,2026-05-18,output,369.1,Pago en restaurante
28237306-e961-4afb-a2d4-294a1c3df430,444,2026-05-18,output,2339.67,Gasolina estación de servicio
4462f982-bd73-47f9-a623-44f51de7b4cc,500,2026-05-18,output,551.59,Compra en librería
5c7fb7df-b8ed-491e-a071-68293a5045f0,507,2026-05-18,output,3370.04,Pago de gimnasio
eb6dbefd-22c5-4e0c-b04f-b70ef1c36f6f,464,2026-05-19,output,334.16,Compra en librería
832ae439-73d6-4a6b-a08e-4d244f464eea,472,2026-05-19,input,12806.99,Transferencia entre cuentas
b23eeec1-4586-4f1d-9d5e-6f84b549a32b,535,2026-05-19,output,4088.18,Pago de Spotify
7610d470-b8f6-4c92-ab94-05f80938fb1a,552,2026-05-19,output,555.05,Pago en restaurante
e20656ae-1075-45d9-88ad-30e7998af64c,596,2026-05-19,input,1029.49,Reembolso de servicio
0a387ebb-8c84-43bc-a78b-26095efa6a92,116,2026-05-20,input,12027.34,Depósito en efectivo
f09a2569-f8bb-48c9-8f0b-7084f14b1c7a,182,2026-05-20,output,940.95,Compra en línea Amazon
c4c4e25a-1be4-4603-a3ea-23e64d39c8a5,440,2026-05-20,input,9310.14,Transferencia entre cuentas
f2f90e83-7d8b-4323-bcef-e74d1b804958,525,2026-05-20,output,3782.72,Compra en librería
7f982b41-1502-4ee9-a1a9-0e40c3620a39,128,2026-05-21,output,2270.75,Compra en panadería
55bf471e-7b6c-4eba-ac6c-07c440ae83d4,233,2026-05-21,output,4786.95,Pago de gimnasio
b1d9e2de-c4cd-4121-8ecf-a64541414ccd,299,2026-05-21,output,3587.31,Retiro en cajero ATM
11b36818-9748-4297-b02a-cd00848b898f,502,2026-05-21,output,1779.85,Compra en panadería
f0fa8656-fe27-4a8a-98f1-7d349a57f632,529,2026-05-21,input,9356.95,Pago de mensualidad
b4f39bf0-fc48-4082-82ce-1d5e32e7141c,535,2026-05-21,output,1793.03,Compra en Uber
3257c6f9-e560-4563-9f37-f19764097bf5,545,2026-05-21,output,3311.16,Pago de Spotify
4ad7aa02-0bb7-408f-ad81-2e4e07c439bc,366,2026-05-22,input,9201.59,Pago de mensualidad
a36571c7-1370-4710-bcea-305d1059de79,453,2026-05-22,output,2832.44,Pago de telefonía móvil
47f563e4-d867-4cdd-a0d5-5e90dd16be66,538,2026-05-22,output,1846.34,Compra en cafetería
5d9db873-7c89-42c3-8d5a-39c7ce2fd90c,164,2026-05-23,output,2015.16,Pago de Netflix
c4b210cc-1016-48aa-b8ce-b9026b4f937d,185,2026-05-23,output,3874.31,Pago de Netflix
1a836264-294c-4770-9f8b-2dab9b381745,190,2026-05-23,output,4137.88,Compra en farmacia
da900a70-5bd5-46cb-9fb7-7c72c17bffea,482,2026-05-23,output,387.22,Compra en panadería
5b9bbf50-953f-4742-9c55-c6c8bb511d8b,593,2026-05-23,output,2308.66,Gasolina estación de servicio
90326a77-d83b-48b1-ba87-4b52af6ffa85,110,2026-05-24,output,4901.51,Compra en Uber
5bea8e4f-554b-4d1b-b9b1-b4bc897b6420,179,2026-05-24,input,8636.63,Reembolso de servicio
039101aa-94da-47bf-8490-5bfaac715c1b,206,2026-05-24,input,10002.56,Pago recibido de cliente
ea8b90bf-f5a8-43e3-9b75-66dd865842b2,244,2026-05-24,output,4185.64,Compra en Supermercado
1b10f17d-3784-4aa8-921d-651e719ca078,272,2026-05-24,input,805.69,Transferencia entre cuentas
6af5a626-987a-4398-9072-bf81f077d6a9,307,2026-05-24,output,3784.32,Pago de telefonía móvil
65454457-dcf8-4ec4-ada6-271f2b232bd6,349,2026-05-24,output,250.46,Compra en cafetería
9bd491a8-ccbd-42ac-bb33-f62de31faa9f,396,2026-05-24,output,4750.89,Gasolina estación de servicio
f5dea8ea-4e98-4d86-a8c9-27b5fb8d6aa4,413,2026-05-24,output,2278.93,Pago de gimnasio
7e0a9821-ee85-46c3-bd4d-813990928445,413,2026-05-24,output,4323.45,Compra en Uber
e468cb4c-cf0b-4356-824e-2687016a67f7,478,2026-05-24,output,4355.78,Gasolina estación de servicio
c50b09f2-7299-4e42-9f92-001d92864ea1,108,2026-05-25,output,1020.48,Compra en librería
c5a85f5a-57ff-4d6d-acf6-d369a8210a79,339,2026-05-25,output,4739.49,Pago de internet
663f7cd0-d9b7-425b-a5b9-690f8c9fb823,363,2026-05-25,output,1508.93,Compra en farmacia
be8c7f6d-58a8-4573-9709-a2b19cd85847,421,2026-05-25,output,1188.3,Compra en línea Amazon
76cdbed4-907f-46b7-8231-a266d4c2cbce,423,2026-05-25,output,1503.51,Pago de internet
aef646fb-8c69-4adb-9e56-6b82e14b0526,557,2026-05-25,output,2505.42,Pago de Netflix
085f501c-3c87-478a-b242-b868d718a939,377,2026-05-26,output,1200.14,Compra en librería
3cb3d744-52c3-409d-b270-5061e795d8e5,422,2026-05-26,output,2191.98,Compra en tienda departamental
d4c3da86-39c8-4e44-b77b-9c928d385cce,534,2026-05-26,input,9377.46,Reembolso de servicio
a341439b-9b3a-4b98-9a87-665776d419ee,125,2026-05-27,output,676.4,Pago de gimnasio
ac0302e3-020d-4724-af61-e523ea2ee734,391,2026-05-27,output,1370.28,Pago en restaurante
fb5abbcc-8371-45fc-9e6f-e5ea27f0f122,489,2026-05-27,output,3788.61,Pago de telefonía móvil
e2b7b14e-a53d-4c83-9dd8-468fd41acfd9,124,2026-05-28,output,3477.31,Pago de telefonía móvil
baed0666-6e0d-424d-a49b-4efd9b40736e,131,2026-05-28,output,3813.82,Compra en tienda departamental
c6ea3de5-5b6c-4e8d-aca2-dac41f671506,155,2026-05-28,input,7600.14,Bonificación bancaria
9aa9f09e-1090-483a-bf6b-432a18ed70f8,208,2026-05-28,output,1166.4,Pago de servicios públicos
5d946200-9d20-4303-83c0-7bf6209f16bb,236,2026-05-28,input,5793,Transferencia recibida
f0495653-678a-4dce-930d-3f2a917c53dd,396,2026-05-28,output,4740.14,Pago de Netflix
a3e3453f-ecda-464d-a416-982d22fbc456,205,2026-05-29,output,1669.31,Compra en línea Amazon
38c09135-4d9d-45bf-ab67-18af2aa412ca,223,2026-05-29,output,3990.24,Pago de Spotify
fc74dbc0-7026-4b69-ad64-649f0ec407d2,399,2026-05-29,input,14453.54,Reembolso de servicio
81f34e8b-cdbf-4cb5-ab6b-a06c2666682f,513,2026-05-29,output,1220.03,Compra en farmacia
0b950731-95aa-41c1-99da-6f41b40603e5,543,2026-05-29,output,2023.69,Compra en Supermercado
8b56f012-8114-4555-a258-0edba3c8aeeb,559,2026-05-29,output,2295.74,Compra en farmacia
e06a6cdc-dec0-4e53-97ee-e643614af1ce,583,2026-05-29,output,4077.28,Compra en línea Amazon
a85f3a17-b438-4418-99b0-b121acc7c04b,214,2026-05-30,output,225.84,Pago de Netflix
a0353e98-d554-4a75-9399-4618a1adb723,348,2026-05-30,output,3778.84,Retiro en cajero ATM
4f746863-c1f9-4e32-b23c-2b86d1dc62ba,463,2026-05-30,output,1581.06,Compra en ferretería
3c55b0e3-d94d-4747-a69a-cab617c8d977,135,2026-05-31,output,3327.37,Pago en restaurante
db208635-8aa9-40bc-9416-b723c994a817,180,2026-05-31,output,3631.59,Compra en librería
325ebc5c-495d-4a9e-a793-a6d593ae0a10,200,2026-05-31,output,1675.14,Compra en farmacia
a57d8c99-3367-44ea-8e30-ce8a9c1975c1,259,2026-05-31,input,5104.49,input por reclamación
ddf47b6e-ac1f-4153-856b-f4b8fff26fac,273,2026-05-31,output,104.56,Gasolina estación de servicio
4f5a649b-47b7-4cfd-9151-6e02f7de3663,345,2026-05-31,input,2859.16,Depósito en efectivo
fb774524-0eee-4874-bb7d-faa03e0ade02,420,2026-05-31,output,1307.62,Compra en electrónica
59f26097-8812-45c1-ab6f-c4827b8642ab,475,2026-05-31,input,6491.66,input por reclamación
541c8092-d518-4525-9ad2-78fce1f0888f,578,2026-05-31,input,6944.28,Pago de mensualidad
cada18ff-02f8-407a-9dca-ebe54a2dfa4d,114,2026-05-01,output,468.38,Pago de telefonía móvil
dfbe88f9-d6b2-4010-91f4-68c9ed2b4475,241,2026-05-01,output,4122.91,Pago de telefonía móvil
0b4fe7a6-6f83-417d-a1d6-b25d560fb99f,276,2026-05-01,output,4117.04,Pago en restaurante
e8e4ef6e-df9d-49eb-bfb3-79fa3707e97c,356,2026-05-01,output,3548.23,Suscripción de software
f7ed15fd-e0f3-412f-8085-ca09008bf804,146,2026-05-02,output,1672.87,Compra en Uber
d75457fd-aa9c-4f94-a2b7-e332c920b07f,155,2026-05-02,output,4406.79,Compra en Uber
8ec73a27-563e-4421-901b-3c8d33b8592b,426,2026-05-02,input,14030.91,Reembolso de servicio
b990db61-fef5-4979-ae08-154281c7e2fa,434,2026-05-02,output,3412.75,Pago de Spotify
e4e3a4da-1642-40fc-bf96-bb08aab6f14f,315,2026-05-03,output,333.2,Retiro en cajero ATM
d8018244-8c66-4bf4-aef4-5923ecff5ac7,465,2026-05-03,output,85.85,Pago en restaurante
bc7dfdbd-c266-4a51-aad9-d19aab2bfa47,486,2026-05-03,input,4357.01,Pago de mensualidad
b63119a7-81d0-40fa-b7da-69abaf811653,535,2026-05-03,output,3801.36,Pago de Netflix
8dbcac1b-2f1e-4379-994a-aa707d0c3235,103,2026-05-04,input,12607.6,Devolución de compra
862d24f0-865b-457a-a920-326aab95ccdd,106,2026-05-04,output,2685.76,Retiro en cajero ATM
a8fa729c-fc25-4781-89fa-0a34c42996be,118,2026-05-04,output,3452.86,Compra en farmacia
15c310f6-84a0-4079-b689-e5780561c667,243,2026-05-04,input,9046.82,Transferencia entre cuentas
a5c59964-d70e-4e82-a5f2-422cc1c03364,480,2026-05-04,output,2142.42,Gasolina estación de servicio
bb3d49f3-c624-47c0-9e39-b0fb293d44cc,494,2026-05-04,input,10296.44,Pago recibido de cliente
289d1bb5-6aef-45a1-b5a3-ea7f54552800,318,2026-05-05,input,11036.26,Transferencia recibida
c2f71476-19e0-41c3-b558-e525c8707d44,432,2026-05-05,output,1826.38,Pago de telefonía móvil
d3fb47d9-0304-4ca3-b3bf-0e0909ab4e6a,433,2026-05-05,output,3266.39,Compra en electrónica
05be36d9-21be-4790-b4e5-e20e4197e39d,168,2026-05-06,output,503.61,Compra en electrónica
1b7c0337-e76a-4e60-a806-d92ee5cb1dca,178,2026-05-06,input,4712.47,Transferencia recibida
9e54aed4-ab3d-47ce-87a9-fdbe2d71baf1,192,2026-05-06,output,684.91,Compra en tienda departamental
d362f3e7-d468-45fd-9490-b5253bd55df9,251,2026-05-06,output,719.97,Pago de servicios públicos
cbc9eff7-a7ea-488d-a679-1138497a7857,251,2026-05-06,output,155.67,Compra en panadería
b61a4e74-bbe0-48af-abe6-1fce4b5940a0,277,2026-05-06,output,3407.07,Compra en ferretería
4eb39501-2983-474b-a430-605b00f94aff,310,2026-05-06,output,1909.33,Compra en tienda departamental
bc810e84-43f6-4031-9611-281d240a7492,335,2026-05-06,input,6520.13,Transferencia recibida
97686ace-70bc-412d-b370-725bf6ca3d34,372,2026-05-06,output,144.45,Pago en restaurante
b778b481-b43f-45b9-8651-bcf97a49f28b,526,2026-05-06,output,2145.74,Compra en ferretería
8880c8ea-14c4-4ab6-8e1f-efffe059cfdf,546,2026-05-06,output,3707.15,Pago de telefonía móvil
47b530d4-1b27-41ad-9616-4e3030cf5fc8,135,2026-05-07,input,7095.96,Devolución de compra
b6cd7a7d-f696-437e-9f24-16af47eb9e33,232,2026-05-07,output,1881.09,Compra en ferretería
b2e07b49-1f04-480d-9836-8a14b8f2e7ad,255,2026-05-07,output,634.66,Compra en ferretería
61f52f06-65c5-496d-a578-d624ecbc896d,577,2026-05-07,output,3240.83,Pago en restaurante
82ca8a3f-21d9-496c-9b6d-0bf054f3f70b,329,2026-05-08,input,6168.99,Pago de nómina
40610fa4-bc45-49d1-8da5-c12de6c98a73,540,2026-05-08,output,3684.75,Compra en electrónica
a1a4ee1a-57e2-4778-b044-f7ffbfe71513,581,2026-05-08,output,4325.24,Compra en panadería
53911f2a-6cd9-4ce8-8478-d4e297ccb0f7,205,2026-05-09,output,1811.67,Compra en farmacia
16846b14-e68a-43da-802c-a44d7c3c081c,372,2026-05-09,output,1029.22,Compra en electrónica
21f7945b-a2d6-46a5-9837-2b48c4a25a46,187,2026-05-10,output,1643.62,Compra en farmacia
66cff960-1eab-4352-8320-6b7d3a7a4ef4,249,2026-05-10,input,13204.41,Bonificación bancaria
1edf60b2-4500-4cf8-99ff-1c83124a413e,362,2026-05-10,output,2177.55,Compra en electrónica
b4b1aeed-77c0-4339-a242-5890955379b0,462,2026-05-10,output,4499.74,Compra en línea Amazon
720f74e3-1913-4d7e-9a05-10883d4a21c7,554,2026-05-10,output,2722.91,Pago en restaurante
7ae81933-8414-4d1f-8323-fda6211be68c,583,2026-05-10,output,3555.42,Pago de gimnasio
d254a19d-f10b-4edc-9d75-cefcc470a99d,584,2026-05-10,output,1320.65,Compra en tienda departamental
0d61f9e2-9a3a-40f6-bda6-1e4a1c3a1bd9,233,2026-05-11,output,1692.25,Retiro en cajero ATM
9c3f5335-355e-4ce6-9d53-d65525d54b1b,233,2026-05-11,input,3118.28,Transferencia entre cuentas
019301d9-24e6-4409-8b0c-401115ff87fc,261,2026-05-11,input,434.3,Transferencia recibida
69ecedf8-30c2-4109-978f-62b71ac71266,270,2026-05-11,output,451.02,Compra en farmacia
e7ba5123-c1f0-49ef-a1be-4f3673feb3f3,590,2026-05-11,output,862.46,Compra en electrónica
dbc4483f-c9b9-4194-bed4-272acf46e675,363,2026-05-12,output,2098.6,Pago en restaurante
d4b324a4-6ac1-493b-9684-695c70ca071e,483,2026-05-12,output,4837.25,Compra en panadería
d554a604-2f2c-4a87-ad4b-3358ee69b9fb,558,2026-05-12,output,4837.45,Compra en electrónica
6be11ed1-69d0-4d3d-a3aa-206d3a31de77,590,2026-05-12,output,3844.89,Compra en ferretería
f9bce09e-1900-4071-bf20-02fab405a50d,295,2026-05-13,output,573.44,Compra en panadería
e0bcce2e-6127-464f-a62e-b70e425a26c7,315,2026-05-13,output,593.26,Pago de Netflix
7a72c6b8-5b6b-477a-bbad-ec5f8eeecc33,352,2026-05-13,input,9515.57,Transferencia entre cuentas
e6efe241-fa80-4c77-a2be-a4db2196a816,479,2026-05-13,output,4107.14,Compra en línea Amazon
c59a9b7f-a0ed-4c2b-9b43-a0302f84ece8,515,2026-05-13,output,3293.13,Pago de servicios públicos
a2cb2ed2-536b-45a0-9610-a7e50c8a8a1b,128,2026-05-14,output,1279.4,Compra en Supermercado
aaa86446-f8b1-4d5a-aa6f-5eafde9d4c12,312,2026-05-14,input,979.68,Depósito en efectivo
1e349a21-90b9-499b-b298-00df7a8652ca,314,2026-05-14,output,4001.43,Compra en ferretería
33adf8ac-705a-4f92-9f21-4a7963cc5d03,379,2026-05-14,output,1060.31,Pago de internet
0897f31b-44fe-4c9b-a363-8deb96cd6dd0,446,2026-05-14,output,4572.69,Pago de Netflix
2509f10b-6656-471d-8e85-15d96a731925,587,2026-05-14,input,14034.16,input por reclamación
78a5ee0b-2750-4c1e-8ae5-cbfba4e62263,597,2026-05-14,output,2556.98,Compra en librería
0cf14dae-6c5a-443c-b03c-3ea1d2d96936,101,2026-05-15,input,5434.28,Transferencia recibida
81d3fa08-6f9c-400f-9a8d-07f50d909cf0,135,2026-05-15,output,1893.29,Suscripción de software
50521306-cb55-4858-be5a-f90c85c40d45,264,2026-05-15,output,1904.24,Pago de telefonía móvil
ecf4a154-52b2-45b1-87f6-288e4bbd86ce,403,2026-05-15,output,3282.38,Pago en restaurante
2294f9ec-7bb2-44a8-92fb-de4e33048569,438,2026-05-15,output,1925.81,Pago de gimnasio
e73f76f6-e7a2-4cd9-a0e0-c23c7c213ce1,450,2026-05-15,input,8212.85,Transferencia recibida
d46c88a1-107e-437b-b579-dfa84d49e287,451,2026-05-15,output,4633.9,Compra en farmacia
3ac9e4d8-29dc-483e-a1e5-57c4775d0c0e,186,2026-05-16,output,4174.82,Gasolina estación de servicio
34079fbd-c1a4-40d7-8c1d-cace2b640910,313,2026-05-16,output,3848.15,Suscripción de software
6754009a-a9b6-4333-aa50-c646aa46086e,424,2026-05-16,output,4824.28,Pago de Netflix
f276442c-f18c-4596-a09d-f0583aeeff37,537,2026-05-16,output,819.42,Compra en cafetería
1011a7e7-7420-43f7-98ca-008a867447ef,230,2026-05-17,input,851.02,Transferencia recibida
a08a0550-01ce-47ba-8bb7-d3be59904041,488,2026-05-17,input,11913.47,Pago de nómina
13938364-48d9-46fe-8ed1-8a0b00797720,292,2026-05-18,output,885.94,Retiro en cajero ATM
54bac93c-f819-447d-8d49-7cba0153dc1a,397,2026-05-18,output,2009.66,Compra en Supermercado
9bf3bd3c-7404-48ba-b2a3-925cc7ee0463,527,2026-05-18,input,6287.32,Transferencia recibida
1ee653bd-86ff-499d-b1c4-4723ae1a70a2,548,2026-05-18,input,13886.44,Pago de mensualidad
ec73d42e-8cc9-4d4f-94d5-466295098651,581,2026-05-18,input,11958.66,Bonificación bancaria
b413c747-159d-4859-ab73-becb98949f00,583,2026-05-18,input,10586.24,Depósito en efectivo
c8f63df8-c6b5-4651-bba5-f49a087bc85c,152,2026-05-19,output,1989.2,Gasolina estación de servicio
7e8f3a32-e436-4f1e-b347-e48d6e26fa64,176,2026-05-19,input,14349.64,input por reclamación
9ab1777f-7cbf-41fd-b090-3c0b345a6aca,195,2026-05-19,output,4480.08,Compra en electrónica
58088562-1a94-4f72-bc63-5b37dd1c15ff,271,2026-05-19,output,4036.97,Gasolina estación de servicio
b7912b2c-b603-4892-8c27-6d30bc2fc1e5,401,2026-05-19,output,1254.65,Compra en panadería
8a3fc60f-5796-41d9-9a74-8bd1a09b8734,451,2026-05-19,output,1266.46,Compra en panadería
34536896-0d37-468f-a829-0cd989e1da28,491,2026-05-19,output,109.28,Compra en panadería
58793080-8540-4803-9ecd-e72b11bf731e,292,2026-05-20,output,1263.46,Compra en electrónica
876373d8-e522-41c2-9a21-b1f917ddd051,300,2026-05-20,output,1527.7,Compra en farmacia
37a56eb5-196e-4ecf-b6a0-5fd54c06867a,328,2026-05-20,output,3922.16,Pago de internet
39edc9da-736c-4141-8529-16ce6c67b3be,361,2026-05-20,output,4915.23,Retiro en cajero ATM
fc19705d-6bda-4585-a1fb-cfaa897724ba,430,2026-05-20,input,4522.61,Depósito en efectivo
b606ce6a-5c60-4ae2-9e42-21f06655fd03,443,2026-05-20,input,5341.77,Pago de mensualidad
2ec4bb9b-06bd-4b6b-9e91-d1351ee1988a,450,2026-05-20,output,2515.87,Compra en línea Amazon
16a5c483-33cc-46de-9f7a-c3e2f589983d,162,2026-05-21,output,2575.15,Compra en librería
4bc154f7-be4c-42a6-8fb9-c287e7b265c9,164,2026-05-21,output,4916.77,Compra en panadería
3f41c741-5792-4246-b8fe-c52a89158841,205,2026-05-21,output,932.83,Compra en panadería
7186c92d-2a85-4d8e-8a41-62339c6de229,422,2026-05-21,output,3007.24,Compra en línea Amazon
87e2e92e-1907-4807-874f-c880cbbd739c,589,2026-05-21,output,2450.8,Pago de telefonía móvil
a6f0cf40-0ae7-402f-ac33-8e6435aef4e5,180,2026-05-22,output,4319.75,Compra en librería
2770868c-4db0-4ae9-a0d1-16742dc5ecae,223,2026-05-22,output,1942.58,Pago de telefonía móvil
4ed02c92-fa25-45a7-8ef8-e8ed291f282a,261,2026-05-22,input,664.58,Devolución de compra
59bc2cf1-f625-48f9-b84c-4919db75f0bb,271,2026-05-22,input,9653.62,Pago de mensualidad
ad23d73f-4d20-4182-b6ec-ebc6118ec7da,296,2026-05-22,input,1403.63,Pago de nómina
13145c3a-cee4-4535-8315-afebbcae6e7e,324,2026-05-22,output,1647.33,Compra en ferretería
cf4fae6d-104b-4e90-85c2-40edfe4bdf8a,407,2026-05-22,output,4848.04,Compra en tienda departamental
b2433185-5fc4-42dd-9eda-5a4de3a3265e,549,2026-05-22,output,4163.14,Compra en electrónica
74e6c20d-a8f6-4946-a359-b7877252bf30,126,2026-05-23,output,457.04,Compra en ferretería
e553f878-eecb-4470-8243-e44d0fba6184,219,2026-05-23,output,386.52,Pago de servicios públicos
00b2586b-229e-4557-a70b-9b54966c9f8c,249,2026-05-23,output,4024.38,Compra en tienda departamental
c9a06f55-f420-47e1-97c7-37e88d7426d3,279,2026-05-23,output,3255.41,Compra en farmacia
d87fb2f0-895b-45f3-8b9f-d608cca52cf9,399,2026-05-23,output,3444.27,Compra en farmacia
b0c0871b-c594-4dfe-b048-735ce5caf8f5,563,2026-05-23,output,4576.06,Pago de internet
32d6b86c-fca7-4d54-a716-2a39bb5ab16d,117,2026-05-24,output,2143.97,Pago de Netflix
aed12e15-a995-475e-b975-3803a0392348,172,2026-05-24,output,1385.62,Suscripción de software
15ba150b-6b4b-4393-9c5e-ee68e9cb7e8d,182,2026-05-24,output,2498.28,Pago en restaurante
d388bbba-3b4e-454c-be7e-6acd7c1a6c5b,276,2026-05-24,output,4304.76,Retiro en cajero ATM
5690a29b-fa28-4256-ac8f-5c050f108802,294,2026-05-24,output,725.06,Pago en restaurante
3ebafa40-199a-47bd-93a6-1b7cd381a54e,365,2026-05-24,output,1876.32,Compra en ferretería
6f454e2e-7196-4336-9ef5-0a975b97ef4e,401,2026-05-24,output,4444.69,Pago de telefonía móvil
fd56cb7f-d99a-4ecf-8188-209c3a5dc3d5,419,2026-05-24,output,613.86,Compra en panadería
ad263210-7257-4f25-9e10-caf412135f7f,426,2026-05-24,output,781.74,Compra en línea Amazon
cb7191c8-5d80-4d0b-8109-f779929733c0,560,2026-05-24,output,3786.45,Pago de Spotify
5d164ff6-5603-490e-9734-ce93447540c4,133,2026-05-25,input,6280.68,input por reclamación
0b02f9a6-7a89-40a7-9e83-694bb43b7de3,191,2026-05-25,output,4958.45,Compra en Uber
dd7397b4-805a-4336-ab14-3bc4fe1a4998,348,2026-05-25,output,1146.25,Compra en farmacia
3328950f-0c7f-4561-a9ff-f9177fa09d19,397,2026-05-25,input,13307.97,Pago recibido de cliente
52859c5f-81fa-4696-aa39-8be16f972f32,419,2026-05-25,input,9753.05,Bonificación bancaria
2c07edf3-1ff1-4e41-af11-15527b38528f,421,2026-05-25,output,1276.68,Compra en Supermercado
09cdef11-6146-4faf-b5b4-ff4a2158fcf6,494,2026-05-25,output,4992.4,Pago de servicios públicos
bc89484a-1f44-4319-b05c-18d44cc852ea,581,2026-05-25,output,2741.13,Compra en cafetería
26f121f0-cd2d-4c4b-a835-90ab1c4e785c,239,2026-05-26,output,1797.96,Pago de servicios públicos
c1cf3644-0056-4d35-874b-c9908c33f84a,346,2026-05-26,output,3901.5,Compra en Supermercado
95ad97a7-96d8-476c-9063-f6aed8acee34,347,2026-05-26,output,3866.7,Compra en cafetería
4e7d0869-c279-450b-a87c-96830f37d9a9,155,2026-05-27,output,1694.05,Compra en Supermercado
774e85d0-46fc-406c-bbf6-588124453de6,177,2026-05-27,input,11156.11,Pago recibido de cliente
6e704ff1-fc4d-4576-860f-8a4406b6e102,248,2026-05-27,output,647.84,Pago de internet
943ea6c0-35c3-40b6-b5a6-773933c3c83b,310,2026-05-27,output,2258.4,Pago de gimnasio
5bc683d8-c4b2-4d63-b7da-587229057a95,431,2026-05-27,output,212.77,Pago de Netflix
c21f7e66-d572-4611-80de-ec03402d5691,432,2026-05-27,input,10523.87,Pago de nómina
ea4dc585-40fd-4e6f-b975-95acd8f9086e,436,2026-05-27,output,3945.5,Compra en electrónica
7112ba49-a637-4741-aec5-d9dd1e2fc468,457,2026-05-27,output,1163.54,Pago de Spotify
bdb06c16-65d8-449f-adb6-0228ff38616a,181,2026-05-28,output,1401.53,Compra en tienda departamental
85a65eb0-7891-4ba1-984f-aaa82fe6faee,237,2026-05-28,input,12375.2,Pago recibido de cliente
ace81517-d968-4aec-b77d-14d72c8cad99,298,2026-05-28,output,2718.21,Suscripción de software
65bdac61-1ad6-4e11-85cf-8181c777d72c,349,2026-05-28,output,3497.69,Compra en electrónica
a49e4b51-515c-4eda-abbf-c9f374aae3df,398,2026-05-28,output,1303.76,Compra en electrónica
16f90356-9cf3-420e-9db3-9e395f8cc816,408,2026-05-28,output,2460.6,Compra en Supermercado
d600df83-1033-4c14-b534-2b0e5bfbe5af,410,2026-05-28,output,1425.79,Pago de gimnasio
bd536547-531f-45dd-83b3-9c4ed13065cf,323,2026-05-29,output,1667.24,Compra en línea Amazon
c9f852f6-ae7b-4592-8af7-c47a175a16bc,355,2026-05-29,output,4990.31,Suscripción de software
ef2e2b86-883b-4967-9dd7-e3a686e028c7,374,2026-05-29,output,1436.85,Gasolina estación de servicio
0550dffd-86c6-4676-bb9b-b0f2e05edb72,403,2026-05-29,output,4227.15,Retiro en cajero ATM
1c78f5cc-4b39-4106-a3ea-85c96d6be28a,422,2026-05-29,input,13337.86,Pago recibido de cliente
94506722-b19f-453c-82ce-97cff971cd74,459,2026-05-29,output,161.18,Compra en cafetería
c781106e-fdb5-4174-ae15-a8fb7f2632dd,535,2026-05-29,input,1789.57,Pago de nómina
b3c6c11d-201f-4cbd-aacb-60fc94003ddc,558,2026-05-29,output,475.09,Suscripción de software
bfe2cfe9-523e-4d59-be51-bfad50d12d33,596,2026-05-29,input,8592.72,Reembolso de servicio
be941f20-6a12-4171-bd0e-0f81ad522494,104,2026-05-30,input,3593.36,Devolución de compra
a852f199-acd9-4a65-8acf-a6933e069bcc,106,2026-05-30,input,478.9,Pago de mensualidad
6ae1bfb4-c1ee-4c55-887a-d336de724b85,217,2026-05-30,output,143.98,Compra en ferretería
6107a310-30d8-41ed-adca-2d7e3178bd42,269,2026-05-30,output,4330.59,Pago de telefonía móvil
820e0ad6-27c4-4de7-8f3e-1fee535ea51d,397,2026-05-30,output,2607.21,Compra en Uber
772063c4-27d8-4a5e-b09f-cad81ed66e9d,438,2026-05-30,input,2125.21,Depósito en efectivo
b9b22cb1-cfe5-49fe-8c03-df2638f59925,147,2026-04-01,output,4522.84,Pago en restaurante
a743e62c-fc60-404a-90de-556a7b419632,261,2026-04-01,output,1658.78,Compra en electrónica
8b957a29-d507-4ced-9041-a78af6c505f2,366,2026-04-01,output,4629.06,Pago de Spotify
1db79095-6df2-41e5-a335-ea0f3c38ed30,460,2026-04-01,output,2564.83,Compra en tienda departamental
bfc6aed2-34b4-40fa-a3f4-fe938ede86d4,475,2026-04-01,input,13028.95,Reembolso de servicio
d765701f-2457-442c-b740-8c54e958d216,494,2026-04-01,output,4198.75,Compra en Uber
f50c7dd9-d6bc-4bc5-bfd7-6e4e79cac1c2,519,2026-04-01,output,1296.35,Pago de Spotify
b2ba48e3-b063-43e7-a7ae-30d52fc5a5a6,266,2026-04-02,input,13138.3,Transferencia entre cuentas
9f6464d3-2dfe-4f14-ad84-4ad82221ce74,280,2026-04-02,output,3782.68,Compra en librería
405e6e37-52e7-4983-a87d-49aaa2b9d051,316,2026-04-02,input,2344.05,Transferencia entre cuentas
b4b031e5-a8cd-49b4-9b1d-1c0f78058960,360,2026-04-02,output,2568.08,Compra en Uber
81bce82c-d399-4848-a92a-3b2b0effbfc0,426,2026-04-02,output,4056.82,Pago de servicios públicos
295e4686-1227-4fd9-ba96-de0a9b934d5a,462,2026-04-02,output,4231.21,Pago de Netflix
1760b522-824e-472e-91ca-59acba50f91e,505,2026-04-02,output,3282.3,Compra en Supermercado
9d2901c3-4d49-45f8-82b8-c2fd72659ec2,590,2026-04-02,output,769.8,Compra en farmacia
5bb7a016-de93-4379-bcb7-7448685403ba,117,2026-04-03,output,4644.18,Compra en electrónica
d5352d1f-fbba-412b-9dad-76311fcdce10,280,2026-04-03,output,3545.8,Pago de Netflix
19faa35a-3215-420d-a8c2-629b2f957dda,462,2026-04-03,input,6466.9,input por reclamación
6792bf90-e452-459b-b9af-35e6c1e3d463,189,2026-04-04,input,3865.15,input por reclamación
8a4418b2-078b-4f7a-866f-bdbca7762896,275,2026-04-04,output,2710.89,Compra en electrónica
6720552b-44e1-44da-9fe2-3753b592c88c,378,2026-04-04,input,3795.64,Bonificación bancaria
82fb6006-2c6f-4795-a942-d804ab7a4ea2,578,2026-04-04,output,4111.83,Compra en tienda departamental
8dc08d53-df14-4f4b-bd87-954514d4d141,162,2026-04-05,output,2441,Pago de Spotify
1c16a484-b17b-4504-8250-a619a144f310,269,2026-04-05,output,659.19,Compra en panadería
ab2ca755-53f9-4732-9dee-177c8ec17ac8,377,2026-04-05,input,13377.1,Bonificación bancaria
cba44ac5-4306-4311-8651-17ceeba088fa,439,2026-04-05,output,1935.99,Pago de gimnasio
86d2e601-ea6d-4e0f-a92e-ad6aaa428098,594,2026-04-05,output,796.32,Compra en cafetería
2b31e86b-f170-491a-8780-361219bf041e,165,2026-04-06,output,1792.01,Compra en librería
412100b9-7d25-4c55-b3a4-c6e6b0beb572,375,2026-04-06,output,2352.07,Pago de Netflix
9ee9ce25-2cc0-4f92-9064-a31765e0ced5,574,2026-04-06,output,610.04,Compra en Supermercado
2657196b-139b-47c7-8b6a-1f171707411f,118,2026-04-07,input,681.56,Pago de mensualidad
d5b1a16c-e5eb-49f7-a0ec-0cceb2e96e73,241,2026-04-07,output,1473.42,Pago de internet
04a87cf1-3306-4114-9a96-c196b5642da9,258,2026-04-07,output,1419.28,Pago en restaurante
b5f73e84-bdf8-469f-85e8-f16c2abd93c1,261,2026-04-07,input,1261.3,Reembolso de servicio
1fbd5306-6f8c-4b14-b9f4-244f78ec9f21,278,2026-04-07,output,4778.82,Pago de Netflix
d9d44c52-cbd3-4050-91b3-d74f3d48c418,368,2026-04-07,output,4398.96,Compra en librería
a66c6730-57a6-479a-9ed2-8a14287ca254,406,2026-04-07,output,2370.62,Suscripción de software
cde39ca4-73bc-402c-ac92-e556d087dcf6,412,2026-04-07,output,819.45,Retiro en cajero ATM
d9446928-ec6b-47b5-9b3e-4e363434c214,453,2026-04-07,input,10835.17,Reembolso de servicio
448d0edf-1108-4ec6-98de-9fcf4c6c5a51,530,2026-04-07,input,362.64,Pago de mensualidad
7ec67d75-73bf-4cf7-8a5f-81826d202a08,194,2026-04-08,input,7623.13,input por reclamación
8dcd3cf5-7657-4d0a-9a0b-e917101787e2,261,2026-04-08,input,13652.08,input por reclamación
4d32ad35-6e2e-4dac-bec4-316452bd5f95,319,2026-04-08,output,763.8,Compra en línea Amazon
e7e829ab-c388-4def-ba15-2ee166642a75,447,2026-04-08,output,4418.87,Compra en cafetería
10a39d05-3418-4f9f-9f50-ca1461bbb988,509,2026-04-08,output,3528.74,Compra en Supermercado
b123c5a6-96d0-4a36-b5dc-e4f044630f53,531,2026-04-08,input,8577.31,Transferencia entre cuentas
15f6a5bd-b11e-4532-b0f8-d0f057f5b5d9,591,2026-04-08,input,12583.15,Bonificación bancaria
deafe6d1-b684-4bb2-a967-1d151de51b39,178,2026-04-09,input,14518.44,Pago de nómina
fa3fcc59-84eb-47ed-9197-27097dfcdf8f,303,2026-04-09,output,4330.1,Compra en librería
130938e9-6aae-4281-8b73-1f63d35e54fd,315,2026-04-09,input,13364.36,Transferencia recibida
3cee59ac-694c-4c03-8330-55f7fd337db5,493,2026-04-09,output,2059.27,Compra en cafetería
1e5641f9-525e-467d-904d-8f1d1aadb363,572,2026-04-09,output,998.35,Pago de gimnasio
302fc83b-f667-4070-bc72-63ecd325e80f,108,2026-04-10,output,168.66,Pago de Netflix
dddcb408-b750-45b1-87bb-0d23c1172316,192,2026-04-10,output,3813.29,Compra en Uber
21bcb829-c9cb-49d1-8048-16a5a61c5296,322,2026-04-10,input,2544.75,Devolución de compra
76c12a78-5616-44e3-b7cf-f67fac8d6c21,582,2026-04-10,output,1698.86,Pago de telefonía móvil
62e22021-757f-43d4-b190-f8b2bffef8d4,334,2026-04-11,input,7184.35,input por reclamación
d3487564-32ab-4dce-90cb-9fe9c9563997,467,2026-04-11,input,14520.93,Depósito en efectivo
8479cdcc-5bc1-4d81-a4ab-128ecb66e6c1,468,2026-04-11,output,951.49,Pago de Netflix
8275de86-d374-4210-8c29-b928c7b0c0ea,501,2026-04-11,output,1707.65,Compra en tienda departamental
34eb6204-240f-4d8f-b3db-32f25ada448d,153,2026-04-12,output,1143.16,Compra en farmacia
669938e4-65d1-417e-95b2-fc17b98206b0,287,2026-04-12,output,2176.16,Compra en cafetería
c26b098e-fe1c-4d00-8d41-ad8e5cfe45a8,398,2026-04-12,input,12778.53,Bonificación bancaria
7c288773-27dd-4b7f-85bf-4818e044fcb1,517,2026-04-12,input,7107.4,Depósito en efectivo
a632864e-ff47-426f-814c-094a092ad18a,103,2026-04-13,output,2878.58,Gasolina estación de servicio
e720aee5-9bee-4337-a646-d2a57c2c2cf9,161,2026-04-13,input,8034.58,input por reclamación
fbc980bf-e32b-41ec-b1f4-1e51be5a5b33,157,2026-04-14,output,1288.3,Compra en cafetería
6e180a81-756f-4605-8127-2c65118195a5,161,2026-04-14,output,2816.26,Pago de Spotify
9fac1690-a818-4cd3-970b-e5dec8ef1460,171,2026-04-14,output,4125.74,Compra en ferretería
621104fa-34fe-431d-8469-9502b2d06e43,202,2026-04-14,input,1394.16,Pago recibido de cliente
1046eb64-a679-4db1-911b-3165547d658e,592,2026-04-14,output,2923.75,Gasolina estación de servicio
66281142-5922-448e-9489-1cd53f1b3c9f,119,2026-04-15,output,683.47,Compra en línea Amazon
f284961d-ec8d-4df2-b0d3-6b311355fe76,216,2026-04-15,output,1533.37,Compra en línea Amazon
bf9f9bc0-f82f-4d3b-9d06-8987f2bfae06,354,2026-04-15,input,3255.7,Transferencia entre cuentas
be948307-eb9e-457a-925f-8d4436641709,391,2026-04-15,output,2352.56,Compra en farmacia
812d3fc5-11f0-4a1f-b702-7cdfdec2e967,442,2026-04-15,output,2208.52,Pago de internet
7df41bbd-4507-48b7-8b6d-156a9edeae06,540,2026-04-15,output,1036.34,Pago en restaurante
1dd657a2-fb04-4fe0-a6c4-c055f878ff4f,102,2026-04-16,output,1507.51,Retiro en cajero ATM
2e75427b-7d0a-461c-b47a-fc3e3ae72ae3,162,2026-04-16,output,1307.21,Compra en ferretería
eb65bd78-7382-4d05-8955-48312c9eb8f7,178,2026-04-16,output,1442.14,Pago de servicios públicos
570fe54c-98a3-489c-9b98-3270531e5470,266,2026-04-16,output,3566.13,Pago de telefonía móvil
510b0409-d442-4559-9fd3-22c413a541c9,311,2026-04-16,output,3098.79,Compra en librería
e58be89e-a450-41da-a25b-4d24e1eee5cb,498,2026-04-16,output,4588.77,Compra en línea Amazon
f5e60981-c55f-4f4f-a202-a886a9365a45,533,2026-04-16,output,795.98,Compra en cafetería
29196320-05f0-4213-abf1-9d2eeddf8092,540,2026-04-16,output,2895.28,Pago de gimnasio
7437cc6d-b263-43a4-ad6a-33123ee1e043,588,2026-04-16,output,3727.65,Pago de gimnasio
72bdf612-c471-4863-ab11-be28109f3db6,102,2026-04-17,output,1610.24,Retiro en cajero ATM
85579554-0f91-4cd2-b3cb-23eb1239df6f,268,2026-04-17,output,1254.12,Gasolina estación de servicio
9055c7c8-62f4-45c2-b4ee-8c12f1a8c87b,371,2026-04-17,input,8973.25,Pago de nómina
9edbf4a4-2734-41a8-b07f-c60bf9edbf2b,393,2026-04-17,output,2925.28,Pago de gimnasio
7a444873-ad28-457b-8c63-d22d19a9a7bf,471,2026-04-17,output,3002.5,Compra en panadería
437f8cdc-ce39-4aa7-84de-5e9e8b8a293b,566,2026-04-17,output,3315.75,Compra en librería
44422e0b-7ec3-4298-98a8-47c668354add,118,2026-04-18,input,12426.65,Pago de nómina
4f23088f-b588-48e4-94a2-ac01604afd59,121,2026-04-18,output,4954.65,Compra en Uber
6ef64bb7-64af-459c-bf95-b168ef1835f1,457,2026-04-18,output,4685.42,Pago de Spotify
1de7a267-d4f8-4a62-9bc1-e2a0e38002de,531,2026-04-18,output,3996.73,Compra en electrónica
ea6e6cb3-26d4-4d91-8fb2-09ae4371d6cc,564,2026-04-18,output,1739.14,Gasolina estación de servicio
53f3d08e-8c05-4618-bb51-a9901ad7bc0a,569,2026-04-18,output,647.5,Pago de gimnasio
8b55d737-7fb6-4381-8d4a-882436ddee9e,177,2026-04-19,output,2319.54,Pago de gimnasio
118e3b86-6a58-4d4b-b10d-3efcadb12028,187,2026-04-19,output,4522.55,Compra en Supermercado
b3f66108-3b69-4a6a-99c7-57892ada86e6,217,2026-04-19,output,634.69,Gasolina estación de servicio
58244eb9-a365-4df6-9e3e-965bab36cf8e,315,2026-04-19,output,3981.25,Compra en panadería
d685d0c9-0227-4b71-858a-e484b358f7ca,332,2026-04-19,input,11823.35,Transferencia recibida
b9b7c0de-2461-4ae2-b6c4-807769a5e30d,550,2026-04-19,input,11486.6,Reembolso de servicio
45cf1088-8b32-4087-99cd-3831aabf5f94,559,2026-04-19,output,4738.39,Pago de servicios públicos
b7240481-a8d0-49b8-b599-8d9717229ceb,249,2026-04-20,output,2989.63,Compra en Supermercado
caf07578-217a-4ced-bbfd-9a70694fbe45,320,2026-04-20,input,10266.83,Pago recibido de cliente
6922ad57-1384-4bbe-93ab-169cd66ff5b3,489,2026-04-20,output,776.19,Gasolina estación de servicio
6e0412bc-35d3-49b2-88dc-e20190954e00,505,2026-04-20,input,5396.53,input por reclamación
ebaa1ccc-f47f-49d2-b7e4-23e8b7b1da57,536,2026-04-20,output,1364.28,Compra en tienda departamental
6d13d5a3-650d-4450-9343-8cb750d34dd1,600,2026-04-20,input,372.48,input por reclamación
46866fc8-9cf2-4600-b8e0-4fcf7c8e55ca,242,2026-04-21,input,1799.21,Transferencia recibida
a7aec114-baf6-43a2-8318-674cbb629d11,324,2026-04-21,output,19.8,Compra en Uber
dd085d19-9510-4f51-992b-15209925abe7,350,2026-04-21,output,1382.63,Gasolina estación de servicio
1e78e997-9050-4525-9314-aae31cd3b415,351,2026-04-21,input,7142.44,Depósito en efectivo
9fe53672-739b-47fe-acf1-8705c8eb86e8,537,2026-04-21,output,526.72,Compra en panadería
5a9d8a21-bfe3-45d5-9956-81865a373508,150,2026-04-22,output,3433.28,Pago de Spotify
235ced2a-4c17-490d-8890-4750314db776,200,2026-04-22,output,1499.64,Compra en panadería
a3c1e8ed-ff48-498d-a8ea-7e19d9a774fd,287,2026-04-22,output,563.32,Compra en panadería
8ab0134d-7e1e-40bc-a848-8cd030b475f2,478,2026-04-22,output,653.16,Compra en panadería
bba5e8cc-fdf3-4120-b275-a3a727d49455,187,2026-04-23,output,2199.07,Pago de internet
ffc8f855-a43a-4992-9178-62cba37daf44,265,2026-04-23,output,1903.26,Compra en ferretería
a1b115c7-2b80-4c2f-8960-ed9a5f4529b4,321,2026-04-23,output,4576.83,Retiro en cajero ATM
0b0519dc-32f2-438a-9af4-4b6559daa28a,525,2026-04-23,input,12172.33,Transferencia recibida
699c608e-c68e-42d5-a5f9-1706b227235e,111,2026-04-24,output,2984.28,Compra en panadería
0bed1ec2-9e45-46a4-aa63-5020dcd44dea,186,2026-04-24,input,14947.06,Transferencia recibida
c790b35e-2e54-4e54-8fe2-c9cfe66eb834,440,2026-04-24,output,781.34,Compra en Supermercado
105c95b4-17c0-4806-a4e4-f52d50075bd7,114,2026-04-25,output,2497.44,Pago de internet
1b2de0cd-a7ba-4d80-b97e-6baaf924c585,127,2026-04-25,output,4681.56,Compra en ferretería
133a736a-d2f3-4470-b8c3-d18f29537ad9,213,2026-04-25,output,4183.74,Compra en cafetería
2b41d6f9-87d7-4869-ba49-c321abb5718e,317,2026-04-25,output,3833.93,Compra en ferretería
ee96d30d-c5fb-4c4f-89a6-6ed14562dc63,394,2026-04-25,output,2102.59,Compra en tienda departamental
e37d0412-21b5-42e3-9ddc-b8c709021235,493,2026-04-25,output,669.96,Compra en electrónica
8384aac8-d235-4a59-9afe-054417ad21d4,139,2026-04-26,output,430.13,Compra en farmacia
31b2f71a-3274-4ca9-b87d-e9fafee4b37a,143,2026-04-26,output,4690.98,Compra en Uber
47b80496-d9ea-4fc3-9b61-060e49e558bc,344,2026-04-26,output,714.61,Compra en panadería
fb56be7d-a85a-4818-ae71-808e0ef9ba39,362,2026-04-26,output,4107.59,Pago en restaurante
0ad62ca9-2c3c-4a8c-a135-cc1dc528ba11,214,2026-04-27,output,73.94,Suscripción de software
4d48c3c9-38b1-4545-bebf-d56d7afb9a85,264,2026-04-27,output,2776.58,Pago de Spotify
44a86a4a-fe54-4d95-937c-fbe23e698d04,373,2026-04-27,output,42.78,Compra en ferretería
835dc2be-7261-44f6-acb2-62e730676f2b,417,2026-04-27,input,692.5,Devolución de compra
ea1a286b-8b4a-41a1-93b9-42463c83466c,420,2026-04-27,input,12092.74,Pago recibido de cliente
f0f44f42-735a-419d-878f-d73bccbbe33c,463,2026-04-27,output,2190.13,Pago en restaurante
277611cc-2425-4ff0-b51c-a8165f7c97dc,489,2026-04-27,output,3775.3,Pago en restaurante
8aa8d533-575b-4eab-b1df-ca5e79d301ce,578,2026-04-27,input,1777.89,Pago de nómina
aad5dcd0-db2f-4484-815f-04e5ba00baec,597,2026-04-27,input,6030.92,Pago de nómina
4a6cda95-3580-4028-bf99-b5172f564003,160,2026-04-28,output,105.54,Compra en Supermercado
5515e610-1152-42d8-b12e-d17dc13bc046,166,2026-04-28,output,308.7,Compra en panadería
4b830e32-994b-4745-9759-c72a1bad6f5a,240,2026-04-28,output,2546.05,Gasolina estación de servicio
1e2e13bd-fb76-4fb3-b1f7-c5e68db812b2,321,2026-04-28,output,3614.64,Compra en panadería
12cc608f-7799-43b7-911c-625ebeb9649a,403,2026-04-28,output,130.88,Compra en farmacia
d2055e40-0278-4d2f-906d-2f2c6aa5a772,471,2026-04-28,input,3290.31,Pago de mensualidad
b9df7d6c-b7a3-432e-9503-a779bd08c5bd,525,2026-04-28,input,1685.67,Pago de nómina
7c878ab7-d2a5-4099-be2c-f8e7193ae243,262,2026-04-29,output,1865.28,Compra en electrónica
5cbc8743-2b5b-4a04-bfb6-49feafa3ac13,297,2026-04-29,input,4754.13,Bonificación bancaria
5f4cf896-bdf8-4e23-a910-453cc2d3e69b,342,2026-04-29,output,3230.2,Pago de telefonía móvil
61ac0689-187f-4ebc-b6b1-23750df47b8f,370,2026-04-29,output,4843.41,Compra en panadería
395c7acd-896b-4264-b53e-0b8416d4c563,436,2026-04-29,input,5465.74,Bonificación bancaria
2946accf-8ff3-44bb-8ace-fee1c69c36c5,463,2026-04-29,input,13888.65,Devolución de compra
90433ba9-4730-4b12-b4fe-190ff97eef4c,142,2026-04-30,output,123.61,Gasolina estación de servicio
ab1c7470-042c-4f34-add7-87e0b22c23ec,151,2026-04-30,output,4247.29,Compra en ferretería
79c90b86-1580-46c2-b853-6b266e301e83,164,2026-04-30,output,2889.24,Compra en electrónica
bdc313c2-0641-40cb-b203-21b0cbe40461,248,2026-04-30,output,3245.15,Pago de Netflix
1cb7024c-e374-4976-aba8-447cc69f56fa,279,2026-04-30,output,1616.99,Pago de Spotify
5babf92f-ac4e-4a87-873d-51a68aff9233,547,2026-04-30,output,843.16,Compra en línea Amazon
9f173047-3ee5-43be-be77-af09eb8fea6b,582,2026-04-30,output,1162.83,Pago de Netflix
d09aaee3-d091-4685-9941-08453ccf2c09,111,2026-04-31,output,3991.82,Suscripción de software
52a2d46c-a09e-4dd8-a56b-260ecf5efc6d,159,2026-04-31,output,1819.22,Compra en farmacia
2d48e320-d6f7-4edd-9125-d0f5980ccb4c,167,2026-04-31,input,4361.7,input por reclamación
ec92691f-0ca9-4887-aa8c-0d018d072564,181,2026-04-31,input,4463.39,Pago de nómina
aeec2faf-e508-4038-8a0b-1c886e694bd2,521,2026-04-31,output,2435.67,Gasolina estación de servicio
af3f4323-43da-4d9f-8278-590fe3bd7379,527,2026-04-31,output,1507.07,Pago de Spotify
8ea2f8e2-94f3-48f1-9390-ba1ce3967ce5,533,2026-04-31,output,3103.49,Pago de servicios públicos
33341a8d-cb74-416c-a5a0-fc6e21bc357d,535,2026-04-31,output,3177.62,Pago en restaurante
015f12ac-dfc7-4a7d-961b-20f4cd18832c,180,2026-03-01,output,2832.75,Compra en Uber
4ea6f886-86d5-47b6-859a-c681552b25e5,298,2026-03-01,input,8818.27,Pago recibido de cliente
b007168b-02fd-453c-896c-f8e41f33ea30,326,2026-03-01,input,8123.11,Pago de mensualidad
a30ef78c-4351-4cd3-909f-7f94b506f02b,374,2026-03-01,input,8049.44,Devolución de compra
6b0b4bdb-f5e7-4b49-a203-600b8643eb80,420,2026-03-01,output,4109.23,Compra en Supermercado
43a35ae1-97ab-48a7-99ef-bae76a7dc454,557,2026-03-01,output,3030.56,Compra en librería
1bba7a26-9355-472c-b96e-59c95e3d9009,125,2026-03-02,output,4811.95,Pago de Netflix
3633934f-5505-4a9e-b4d3-6d802ace852d,126,2026-03-02,output,3898.65,Compra en Uber
f910d8c2-7df3-4f6c-bff0-295a98edc7d4,197,2026-03-02,output,3406.2,Compra en farmacia
dc3672d2-2f50-4344-bacf-430e398eb0f6,266,2026-03-02,input,3040.01,Devolución de compra
8ab92986-6119-4150-993a-d70232686e7d,344,2026-03-02,output,357.13,Suscripción de software
258f3020-444c-4a95-84ef-b065f49c7b98,450,2026-03-02,output,2289.01,Retiro en cajero ATM
b9163cac-86bb-40b0-8729-e20b20e7488e,457,2026-03-02,output,3689.39,Pago de Netflix
882e1ad9-892d-4513-bec7-cc63af28d74c,520,2026-03-02,output,658.27,Compra en cafetería
6a3aa3a2-4de5-4fa9-8a41-0ba8dc7d5a6f,584,2026-03-02,output,1985.62,Compra en Uber
1e80a4fc-e7dc-4d70-995c-9fce4ab2496a,161,2026-03-03,input,8809.11,Reembolso de servicio
663c6b29-1b2c-4c22-88de-3638b3b5454a,198,2026-03-03,output,2721.23,Compra en cafetería
83678fea-7960-45b5-ae9d-53a987dbf311,282,2026-03-03,input,3494.6,Transferencia recibida
99c9f669-9426-47ab-a0ef-bd8d5593ad58,289,2026-03-03,output,2653.81,Pago de Netflix
7841f75e-a483-4387-bf9f-6ff4efd1d28a,355,2026-03-03,output,3960.69,Compra en farmacia
c84a5552-b0f1-4a21-b94d-c9e6d7043198,404,2026-03-03,output,3685.55,Pago de Netflix
d0cab883-583a-48f6-b3ef-d9e2f3289ba3,538,2026-03-03,input,10117.1,Bonificación bancaria
cd63d0ac-9929-42ff-ac15-b74476f71577,595,2026-03-03,output,2188.15,Pago de Netflix
6e19769b-350a-4db6-ac81-3b83f204a197,105,2026-03-04,output,2646.75,Suscripción de software
f1eed39c-5366-4c25-8bbb-7c8e5b5e05da,219,2026-03-04,output,1729.12,Compra en cafetería
f99e016a-21f9-40b0-a778-1df74769ab16,361,2026-03-04,output,1485.37,Compra en tienda departamental
2fdf175e-d8f8-4c21-a8ad-3c336c37f280,120,2026-03-05,output,1480.33,Compra en cafetería
2f7514d3-74f9-41e3-ad09-2560ba95117c,136,2026-03-05,input,7812.41,Devolución de compra
c6421154-c63c-45a9-85f0-307a872fd411,420,2026-03-05,output,1276.54,Compra en línea Amazon
9eda6ffb-9499-4157-bb37-d5aaaca172f9,534,2026-03-05,output,4699.68,Compra en Uber
cd7fcdb8-ba08-4b0c-b018-a65d3ca8b83a,153,2026-03-06,output,1947.51,Suscripción de software
a341ac47-0b29-4267-a226-341fc7f21dbf,320,2026-03-06,output,1922.42,Compra en electrónica
e3b3f20e-f4c6-4ff9-a020-e5028a930708,338,2026-03-06,input,9389.9,Depósito en efectivo
80b9e238-56d5-4725-9c4d-325409373c94,342,2026-03-06,input,3047.79,Pago de mensualidad
5bb03c4d-82ca-41f0-97eb-a042af3fe3d7,465,2026-03-06,output,48.14,Compra en ferretería
95d1bbe4-c6c0-4065-bfcb-1ff991cce088,471,2026-03-06,input,2753.97,Pago de mensualidad
8cc48e62-6889-4445-aa4b-3782f17ea732,550,2026-03-06,output,2485.86,Pago en restaurante
9fd392be-999a-4145-931b-851e9bbc1c32,593,2026-03-06,input,12295.35,Bonificación bancaria
dc67163d-9ddf-4a38-a4a0-53b338a8765f,108,2026-03-07,output,4573.06,Compra en ferretería
c204119d-1ff2-467f-a309-777ef9d1d75d,374,2026-03-07,output,1761.45,Compra en ferretería
f5ade3b0-15ea-47d5-a7b8-f8759bb13095,597,2026-03-07,input,9468.98,input por reclamación
ca3fc6d7-69cd-406e-b632-414a8244c7f2,141,2026-03-08,output,4447.41,Compra en tienda departamental
29870508-373b-4b18-95d9-2cc1f58f8063,160,2026-03-08,output,4668.82,Pago de gimnasio
be74d714-3b76-4b6d-aa2c-a9d7287c9240,172,2026-03-08,output,1195.83,Compra en farmacia
b7a0c4ea-ab59-4908-9493-c7f5e4ec7876,209,2026-03-08,output,1233.28,Pago de gimnasio
0651d459-34d7-4144-a7e2-3562d8336b85,232,2026-03-08,output,4770.95,Compra en línea Amazon
a5a268b4-5a89-4c44-9bb7-878573514126,244,2026-03-08,input,9932.41,Transferencia recibida
88aee0d9-cc23-4fb2-9e1e-87d985115fa2,266,2026-03-08,output,2645.73,Pago de telefonía móvil
0da8b125-1dab-4d4e-b76b-31d83a7ab9db,394,2026-03-08,output,1622.14,Compra en Supermercado
ae12b9e9-dc48-48a9-a6d8-567aece50cf5,457,2026-03-08,output,3869.24,Pago de servicios públicos
fe7fd869-89aa-4962-893a-2a5b589427b0,571,2026-03-08,output,2872.85,Pago de Netflix
7e60d7c1-909f-473f-a843-544b24885908,108,2026-03-09,output,3892.97,Pago de Netflix
589f36b4-ae73-40a2-a261-f0b9dd7b1fbf,302,2026-03-09,input,6531.96,Depósito en efectivo
26d896b6-387d-43e1-b8b2-395c653c6031,384,2026-03-09,output,81.05,Compra en tienda departamental
83b6c4b8-da6a-4f24-a9e6-089a32483bf8,545,2026-03-09,output,4764.96,Pago de telefonía móvil
44ca83bf-d880-4e63-8045-f66ff68814f6,597,2026-03-09,output,4881.53,Compra en línea Amazon
b470a4c9-6dc7-40dc-800a-4199785e8166,339,2026-03-10,output,952.04,Compra en línea Amazon
877a984d-ede6-4fd7-a57a-6d06793f2391,341,2026-03-10,output,1047.66,Retiro en cajero ATM
c090cccb-3a6a-45bc-b627-702220769c61,371,2026-03-10,input,14522.87,Pago de nómina
1a384a8b-05f1-4450-b075-8fa62cc8d23f,407,2026-03-10,output,709.23,Gasolina estación de servicio
15a1a6ad-05a8-4446-bb3a-dce9b85dc447,439,2026-03-10,output,4326.67,Compra en Uber
33b9662a-67ec-4f17-a68c-6fd64214b9c2,115,2026-03-11,output,1967.04,Pago de gimnasio
382478c5-4705-4a62-b5c9-e774deb68345,189,2026-03-11,output,1631.4,Compra en Supermercado
a4bd449b-ffcc-4c40-8e7b-42a8da802d70,366,2026-03-11,input,705.47,Transferencia recibida
cdcc390f-d3ef-435a-972f-515f9ff4030a,468,2026-03-11,output,3350.42,Compra en ferretería
ee934aea-46e0-4822-a9d1-7c9265a2f6ca,169,2026-03-12,input,4932.19,input por reclamación
5c129de8-d0f6-4bce-b9bf-8a0008e58372,210,2026-03-12,output,1608.34,Compra en ferretería
03a8b53e-8e5f-4e55-8855-7bfa57cb0003,211,2026-03-12,output,2139.79,Compra en tienda departamental
5e27c33e-eb87-4d88-b345-45096f75529b,216,2026-03-12,output,2347.22,Pago de Netflix
8c8e9978-2db3-4986-84f4-0a3fba7e18fd,258,2026-03-12,output,2929.29,Compra en cafetería
91ae685b-4137-4253-b0ea-d1d1dc54b27c,262,2026-03-12,output,2281.14,Pago en restaurante
6edb0e82-5798-4b16-9ccd-dec0b78c3168,353,2026-03-12,input,4334.35,Pago de nómina
87e081b3-d6db-4b4c-9238-2b17f9bcc419,409,2026-03-12,input,9127.11,Bonificación bancaria
b6e2fb98-fdee-47a9-81df-9f593bebb070,417,2026-03-12,input,8885.26,input por reclamación
72f834cc-5578-4f6d-afe8-295dab7f5d24,448,2026-03-12,output,1654.03,Compra en electrónica
0cfb2db7-4ad0-4432-be0a-71ca8645cbd2,177,2026-03-13,output,2593.57,Gasolina estación de servicio
7afe0e59-24cd-4813-98fe-bc0078a77fd4,281,2026-03-13,output,512.75,Pago de internet
b8383677-ac10-4e6b-b56b-f009e6b38b26,307,2026-03-13,input,6384.32,Pago recibido de cliente
0af8f1e3-510d-4a41-8993-14991d97b3ab,380,2026-03-13,input,10476.09,input por reclamación
4fa02372-0e8c-41d7-a637-78d3524ae0da,528,2026-03-13,output,3723.24,Gasolina estación de servicio
e61dee68-7ed9-4206-871d-abbd359758ab,553,2026-03-13,output,3970.22,Compra en librería
25b09a79-0ca0-4475-bbeb-d5d735830c00,560,2026-03-13,output,4716.67,Pago de servicios públicos
ab4d1242-3415-43b7-9e61-22bb71d493dd,285,2026-03-14,output,2628.15,Suscripción de software
c35e482b-4c26-4178-9c17-e1149c113e74,330,2026-03-14,output,4171.47,Pago de internet
87c9fdcc-c252-4134-ad9d-7b623206e635,358,2026-03-14,input,9516.28,Pago de nómina
7a4b7bf5-45a5-46a2-80cd-6e92acc50d18,389,2026-03-14,output,767.4,Compra en panadería
444eddc5-3bf3-4003-a959-365716e24a1d,485,2026-03-14,output,924.33,Pago de gimnasio
77345405-d592-4894-a865-f12d53e4d647,486,2026-03-14,output,3142.47,Compra en línea Amazon
8521f848-1a83-4f0c-af01-878ffdd761d4,507,2026-03-14,output,384.4,Retiro en cajero ATM
d6c9efb2-8f64-4b0d-a021-021a4e223956,544,2026-03-14,output,2588.8,Pago de Netflix
9899cbfd-9f78-4882-ad8b-926fd29fd9e4,557,2026-03-14,output,4588.59,Suscripción de software
a95e6270-2d25-42ef-a901-f7a359c52d55,584,2026-03-14,output,4998.56,Compra en ferretería
e6eb221c-475a-42d3-b146-1296612cfe2a,586,2026-03-14,output,4425.24,Pago de internet
8580c87a-0403-4071-a7e8-898d24b8c1b4,420,2026-03-15,output,1379.88,Compra en ferretería
e2380c63-5e26-4239-88ca-6f5766e74a83,424,2026-03-15,input,4424.46,Pago recibido de cliente
8d5908ce-a4bd-4e10-af73-4fe00dd94f3d,459,2026-03-15,output,1367.85,Compra en librería
d7814859-1e7f-45bf-8e5e-98bb466ffb4e,465,2026-03-15,output,3505.05,Compra en cafetería
fa1c5308-112e-4f98-903e-54b38c26d0ab,558,2026-03-15,output,3873.06,Pago de servicios públicos
c57b61a0-8048-425c-9f06-c7b7fd23050b,563,2026-03-15,input,5928.72,Reembolso de servicio
17488944-1169-407b-99d8-003276402c52,598,2026-03-15,output,358.28,Pago de Spotify
37b545dc-d33d-43bb-9fd8-81f97d406807,216,2026-03-16,output,1808.56,Compra en línea Amazon
443828af-5ee2-441a-85f3-4ba094da7a83,227,2026-03-16,output,4896.53,Compra en Supermercado
dd9c33a0-ff7d-4c1b-8df1-d90ea0f66297,395,2026-03-16,output,4470.01,Compra en Uber
56e2671c-adb7-4ea0-82f8-01a1b1a2f5d1,476,2026-03-16,output,2589.51,Pago de telefonía móvil
2e8e298d-1771-4c85-835f-928341c07468,483,2026-03-16,input,8026.09,Devolución de compra
7287ea6c-a84e-46cd-a008-3ab313191f3b,551,2026-03-16,output,1425.91,Compra en ferretería
46f54ae3-63da-495b-a46f-90bcd7fd85ae,157,2026-03-17,output,368.69,Pago de telefonía móvil
d2aa9706-aaca-4cc1-947b-52b93ab76876,323,2026-03-17,output,699.87,Compra en electrónica
95654aa8-b45e-47c2-a360-dc602a14fa57,324,2026-03-17,output,2793.64,Suscripción de software
7ed392f4-5ef9-4206-a5a3-156d3adce80e,374,2026-03-17,output,2453.26,Pago en restaurante
207202ed-4a5e-491f-8421-2e06513c19dc,429,2026-03-17,output,1327.05,Pago de telefonía móvil
55111183-4f68-4931-b2ea-6a33a17bac31,512,2026-03-17,output,4544.48,Gasolina estación de servicio
8851fb8f-746d-4929-b012-5522d9fc9a99,548,2026-03-17,input,11525.08,Depósito en efectivo
d7620d25-1bde-4c59-881f-5e73c0251bd5,559,2026-03-17,output,3309.4,Retiro en cajero ATM
17e51998-5c71-4577-854b-75cb66ddd9e6,584,2026-03-17,output,2277.91,Compra en tienda departamental
d80a5a00-2ec6-49ed-9ba6-f5ef3068efbf,226,2026-03-18,output,4192.45,Pago de Netflix
5b7139b3-940d-4faf-ab2b-7be8f8a149a1,232,2026-03-18,output,3023.96,Compra en tienda departamental
f9d45672-a070-4ff4-a48e-e74e5f72265f,322,2026-03-18,output,429.8,Pago en restaurante
1d05d94d-6d14-4f89-87fb-eef6d8853f9c,380,2026-03-18,input,6339.3,Transferencia recibida
971fe4df-4c65-4c4f-8e10-23ca55f977fc,188,2026-03-19,output,1913.69,Pago de gimnasio
7b0a872e-5015-44ec-8ef6-8d5b0bbd850e,208,2026-03-19,input,3039.67,Bonificación bancaria
6f491acc-1993-43be-ac8e-30e44d83b9ea,264,2026-03-19,input,1057.92,Pago recibido de cliente
36edd0b4-ee1b-4c50-984b-90e5776687cb,276,2026-03-19,output,2175.63,Pago de internet
841d67f3-535a-43f7-9b1f-f94ca56e8af5,496,2026-03-19,input,6133.96,Transferencia recibida
f56047f4-9741-4a5c-9301-bbc4ab2ab436,344,2026-03-20,output,1945.86,Pago de internet
341d2c4b-ce6e-4bc7-8f48-e0cd162a6a19,351,2026-03-20,output,2678.76,Pago de gimnasio
8ff3757a-d1c6-4318-b017-72b9ad9d237b,358,2026-03-20,output,1223.18,Compra en tienda departamental
530db545-5841-4eb9-a2c0-c89b8329f862,370,2026-03-20,output,2573.5,Pago de gimnasio
ce485fa7-ca5a-40de-bebe-eeb46afbd0d4,417,2026-03-20,output,2565.82,Compra en línea Amazon
8ad74ac5-6ce4-472f-93f4-91b5f2e38387,534,2026-03-20,output,3334.7,Compra en librería
38bfc7cb-686c-4916-8efa-775c249ca0a6,397,2026-03-21,output,4344.27,Pago en restaurante
3494c6ca-0779-4115-8dbc-0a4ff511e0b9,415,2026-03-21,output,603.65,Pago de gimnasio
e85d92f3-7cf1-42f1-ab56-4a94ab711647,437,2026-03-21,input,3597.99,Devolución de compra
e32b5dfe-a176-48ca-85c1-903e6236645c,596,2026-03-21,output,4616.96,Pago de internet
9bbad232-f01b-4e28-9098-7f8616d39071,275,2026-03-22,output,4214.28,Pago de Spotify
6c28b0c2-abd4-4dc7-abdf-a55c1433d969,439,2026-03-22,output,4166.2,Compra en Supermercado
03ea5263-64d0-47ed-adc2-7786dd954aed,476,2026-03-22,output,1727.76,Compra en ferretería
da52999b-b61a-4c4b-88bd-6e806c916363,479,2026-03-22,input,8322.87,Bonificación bancaria
8c5f6f9c-6e63-4eb8-943b-3f847e6059c1,578,2026-03-22,output,4300.15,Pago de telefonía móvil
41723b2f-b491-4567-9e86-667707f86e42,117,2026-03-23,output,950.36,Pago de internet
79e4275a-1069-4117-bb5a-adf76b9d0a2e,146,2026-03-23,output,2604.95,Pago de Netflix
f31e1a43-304c-45bf-a501-bb02a8dec3b6,158,2026-03-23,output,2044.7,Pago en restaurante
f62332aa-3b89-45e0-adb0-8dfd74041087,176,2026-03-23,output,4871.45,Pago de telefonía móvil
81dd6261-b2f9-47af-81c0-c9dd4b8f54be,308,2026-03-23,output,459.44,Compra en tienda departamental
de172391-cd13-4e18-8fee-c323ddc13a98,310,2026-03-23,output,3097.43,Compra en ferretería
34dfffd8-1567-4ebd-ab82-aa30da188742,315,2026-03-23,output,2224.2,Suscripción de software
e1031974-2d41-4676-a852-4c152eed8c9f,382,2026-03-23,input,9916.99,input por reclamación
01a73279-23a5-4744-8180-fccce8dcd182,403,2026-03-23,input,6179.37,Transferencia entre cuentas
6e9ac441-54a1-486d-81a1-bb35a1a31c25,436,2026-03-23,output,3076.76,Compra en librería
deab4ab5-13c4-4357-90f7-b12b8d80ae7d,503,2026-03-23,output,890.13,Pago de internet
95d925af-f181-40db-84ea-a5bccd3d741e,514,2026-03-23,input,13475.8,Bonificación bancaria
34565aa1-710c-4fcc-bb5d-3c0813639e11,532,2026-03-24,output,1847.58,Pago de servicios públicos
330557b3-06ac-435c-8527-b07d56e470dd,155,2026-03-25,output,3866.88,Pago de gimnasio
9de2cc75-8124-4d61-8ce5-24f8ad9e636c,438,2026-03-25,output,4511.43,Pago de Spotify
36389f95-7a39-4f00-ae7b-f4f4a31aecda,470,2026-03-25,output,1830.18,Pago de gimnasio
ee013862-3ec7-43ef-aa44-9dee04456022,273,2026-03-26,output,2455.11,Retiro en cajero ATM
4864ea36-332c-4121-bc96-a3371dc1b466,368,2026-03-26,output,874.01,Compra en Uber
11afcfbb-d54d-45b7-84b7-be31df457082,384,2026-03-26,input,6802.82,Devolución de compra
02b03dae-b0d2-4260-bf71-a5f16f6e7930,451,2026-03-26,input,13174.57,Pago de mensualidad
5502c8c1-f8ff-47bc-b865-2e2d71d1e958,463,2026-03-26,input,3584.8,Devolución de compra
889b62dc-9028-44f6-82fc-1cec80cb7980,484,2026-03-26,input,8001.19,Devolución de compra
05e6f40a-274a-4853-9618-e2ba90f898dd,515,2026-03-26,output,4885.31,Compra en cafetería
cbc78c95-9790-4e7e-82bc-8ca543500d49,113,2026-03-27,input,6765.78,Pago recibido de cliente
461d75d4-0c42-4fe4-aa50-05602f465cde,206,2026-03-27,output,1519.49,Compra en electrónica
c0576170-c107-48df-a70c-0261a290a7e3,227,2026-03-27,input,14358.36,input por reclamación
6379d647-282a-479b-b64c-a1d98dfeb074,246,2026-03-27,output,1786.81,Pago de servicios públicos
583005fa-21b3-4763-9ca9-ac90f1cf6102,283,2026-03-27,output,955.58,Compra en electrónica
4e5402a3-5c36-478f-a639-38397dcaceb0,339,2026-03-27,output,1178.36,Compra en Supermercado
66cbbe1e-61b6-4d14-87df-a16f649b892f,343,2026-03-27,output,1463.9,Compra en cafetería
7b1e1461-77eb-4828-8e3e-55a3dda95e3d,439,2026-03-27,output,2740.71,Compra en Supermercado
903f83b5-3fb5-4da3-aac9-c71b36d62b05,473,2026-03-27,input,2321.89,Pago de mensualidad
0d6f3414-efd6-42c3-9792-8422cef5c0e6,522,2026-03-27,input,649.48,Reembolso de servicio
d1e7e1dd-7357-4386-a63c-fcde9b7bc650,102,2026-03-28,input,2076.31,Pago de mensualidad
38d8c26c-6e9f-4552-ad13-cf7c4e273cff,115,2026-03-28,output,1162.52,Pago de Netflix
3f3e0c64-6d5c-4d64-acba-66f0cc1307f8,221,2026-03-28,input,5313.78,Reembolso de servicio
05fe35a1-ee04-471d-9fd6-61a62c1b9e4b,227,2026-03-28,output,1759.76,Compra en Supermercado
09c42f06-3818-4a45-9793-2324106b0241,248,2026-03-28,output,326.86,Compra en electrónica
2f309f19-d433-41f3-af73-d00e71f734dd,534,2026-03-28,output,3111.6,Compra en electrónica
a4f23aa1-8666-4fa1-91b6-78ec570523cf,534,2026-03-28,output,680.9,Pago de telefonía móvil
6db12cbf-eff6-4387-82ad-06829c3aff54,545,2026-03-28,input,12912.03,Pago de mensualidad
20f1519d-e5b0-4094-9ce4-ef5c05804d35,549,2026-03-28,output,2280.61,Compra en librería
4001a555-8da8-407d-8f25-36aaf897b4d2,585,2026-03-28,output,1485.47,Compra en tienda departamental
f1a293a2-7168-4b98-babb-c9f3c7c396e0,211,2026-03-29,output,2161.01,Retiro en cajero ATM
d7acd404-03ce-4ed2-8556-44e98e601ff6,214,2026-03-29,output,3193.79,Pago de telefonía móvil
f0f8081a-83e1-417f-b48c-c9934086c9bf,360,2026-03-29,output,4424.05,Compra en Uber
a3bcb14f-2a7a-4528-908c-d104c7cb1660,450,2026-03-29,output,2868.42,Compra en panadería
b07d2c88-4a6a-4206-9137-1118b76e5d21,138,2026-03-30,output,4922.03,Pago de Spotify
15f2c409-448c-4fb6-b613-3389b7303e5c,170,2026-03-30,output,4034.21,Compra en línea Amazon
cff6bb01-811a-4d4b-9e0f-075cff249f15,196,2026-03-30,input,6353.02,Pago de mensualidad
a9ba7327-831e-45a1-87a6-a5ffa8a37c07,215,2026-03-30,output,4754.28,Pago de Spotify
c72115d0-b97d-4582-b504-bf492b44e51c,270,2026-03-30,output,2484.59,Compra en línea Amazon
045ae42d-a36e-45b5-ac1d-94bb75256bfc,311,2026-03-30,input,5359.73,Devolución de compra
655ace3d-8380-4b13-8d97-c8756e978f7a,379,2026-03-30,output,786.41,Retiro en cajero ATM
23369a64-9660-4827-ad6e-c073ef16fb99,416,2026-03-30,output,2835.91,Pago de gimnasio
c498ecab-9200-4d36-9476-fba783f2e32f,449,2026-03-30,input,5268.46,input por reclamación
67704ee2-e845-4c07-81e7-b17cc633134b,111,2026-03-31,output,3104.19,Pago de internet
2c94c160-6ca5-4f9a-9133-041aafc8041a,223,2026-03-31,output,1250.14,Compra en panadería
4f1f30dd-d244-4c66-8947-b640cf3af547,267,2026-03-31,output,1396.79,Pago de telefonía móvil
a1219586-4893-4bac-b49c-913856c7adda,339,2026-03-31,input,5738.14,Depósito en efectivo
33951c04-edfc-44be-b778-62d764a41ba7,545,2026-03-31,output,721.96,Pago de telefonía móvil
1d4238a2-945f-4489-855d-6fe00172c14e,560,2026-03-31,output,715.19,Pago en restaurante
bb6c3201-f011-405d-b9e8-8c375d420c0c,109,2026-02-01,output,3751.95,Suscripción de software
47dc3be6-9c81-4eaf-b1b1-24586b8b4041,112,2026-02-01,output,2437.45,Compra en librería
243f37f0-22c9-443d-b831-a6fd1c101619,324,2026-02-01,output,3520.54,Gasolina estación de servicio
8d05b81d-71db-4c2b-81e0-2b9c9083aed5,358,2026-02-01,input,2480.57,input por reclamación
9a442ab8-1efb-44aa-a269-46fdc4e8a372,200,2026-02-02,input,14246.07,Bonificación bancaria
00d1c624-1db8-49b9-9e56-68ff2f6eb9a8,374,2026-02-03,output,3733.16,Compra en ferretería
654d40c1-f30d-4b6a-86ff-681483c17ae1,447,2026-02-03,output,971.98,Pago de internet
0d0f80f2-7f35-44c2-963c-5f69d6e18d1d,476,2026-02-03,output,1216.16,Compra en cafetería
774cb819-ec73-4a7b-8a24-b31ea1a7656d,580,2026-02-03,output,4765.69,Pago de gimnasio
bcf04938-7e58-49d5-895e-ece52644a442,198,2026-02-04,output,2791.86,Compra en electrónica
cc9f9824-9afd-4de5-a0b6-79497cb26517,396,2026-02-05,output,941.17,Compra en farmacia
e8849af6-3c72-4510-8e92-4a1f5a0f31bc,104,2026-02-06,input,13177.29,Pago de nómina
53060292-b24e-408d-86b9-72d0ebd2b1a0,214,2026-02-06,output,2293.95,Pago de internet
8631dc26-b423-4923-b158-fc6b31546acf,247,2026-02-06,output,3312.86,Compra en Uber
d5014ff9-3d14-4a4a-b735-603c3dee1adf,295,2026-02-06,output,3796.4,Compra en farmacia
0b7565e0-5e3b-4642-a3f0-f925fee7ee32,422,2026-02-06,output,1707.95,Compra en ferretería
2430e836-d0cc-45dc-89d6-5398f24080a2,454,2026-02-06,output,1264.22,Compra en cafetería
16d06ccd-5ff4-4c03-a05c-b9dee5135dd6,468,2026-02-06,output,3660.26,Compra en librería
a6b31f95-aa77-4e24-a373-588b66f7e847,514,2026-02-06,output,1558.63,Gasolina estación de servicio
5bf71b9c-8cfc-4be5-b920-1e0ba7438e4a,552,2026-02-06,output,447.64,Compra en panadería
8ede6668-b62e-4a0f-a037-d0a1225b0389,102,2026-02-07,output,1854.04,Compra en librería
67431e4f-dc16-441a-bdc7-6aaae3b71a36,122,2026-02-07,input,8259.49,Pago de nómina
a1f56793-1149-44ef-a81e-10e95084df83,274,2026-02-07,output,1709.6,Pago de Netflix
db5cb58d-ca96-41d6-98ad-89bb1e97eb34,289,2026-02-07,output,2956.51,Pago de internet
9b029714-e623-43f8-a407-485eebcaeb62,335,2026-02-07,output,4284.6,Pago de gimnasio
9789c828-b7da-4395-a8ad-1616072ce645,349,2026-02-07,output,3049.55,Compra en panadería
fc171365-0fe9-4d91-98f4-8a049026551b,364,2026-02-07,output,2812.35,Compra en Uber
5f2118b8-c78d-421b-adfc-2bd73169a44a,437,2026-02-07,input,600.07,Pago recibido de cliente
90571105-5f8c-431c-a661-0145751760c6,137,2026-02-08,input,3773.84,Depósito en efectivo
128a4d19-c2e1-4cd9-aea8-46311e704729,309,2026-02-08,input,10259.53,Reembolso de servicio
b671238c-1794-4b5f-85e8-84374549166d,316,2026-02-08,output,583.26,Compra en electrónica
fcb59015-126b-4c6e-8166-e6978d023f48,384,2026-02-08,input,11684.84,Devolución de compra
e20a24b8-75c6-4afa-929c-328769f658e3,393,2026-02-08,output,2716.16,Compra en farmacia
e6b6e23f-bca6-4dba-80df-4fa673388dc7,265,2026-02-09,output,1040.14,Compra en Supermercado
09960dbe-6665-416f-9e0a-1431a43517f1,379,2026-02-09,input,14147.31,Reembolso de servicio
c7573131-417c-403a-b87c-0b0039ba646b,409,2026-02-09,output,4252.32,Pago de internet
e9fd7082-7e36-4d58-be06-960cf552656d,429,2026-02-09,output,1604.74,Compra en librería
5c86ba6c-6890-463c-9f22-54468abc2509,556,2026-02-09,output,595.28,Compra en Uber
74183cd7-3bf5-4fbf-bc9e-75b9ab498e85,556,2026-02-09,output,3564.7,Pago en restaurante
21a2e85d-20c5-45ce-9e24-052ba0482c9e,119,2026-02-10,output,1138.74,Compra en línea Amazon
5ba41e56-5ec5-44cc-bed4-23e555da332f,208,2026-02-10,output,2827.74,Compra en cafetería
b1c5e043-4a58-45cb-a284-7f6006dd23c0,360,2026-02-10,output,4873.7,Pago de internet
45992f02-0c1e-4239-80f0-993757e422b9,364,2026-02-10,output,3600.78,Gasolina estación de servicio
a54fd871-ff47-4a21-b0c3-80eca38ed180,155,2026-02-11,output,946.37,Pago de servicios públicos
e81a524d-87c2-41db-8eb7-e04578766565,176,2026-02-11,output,658.92,Compra en farmacia
676377f6-9d6c-4207-b4cd-2f4510682f39,263,2026-02-11,output,512.87,Compra en ferretería
f9f5562c-90c4-4c03-8246-b9d1cbd17c44,295,2026-02-11,output,1073.1,Compra en tienda departamental
e4c38368-ada8-4323-bf6d-96fa223ae5a4,468,2026-02-11,output,2664.64,Pago de Netflix
35b3b4ec-692c-41e2-aab6-e15c25cb0533,210,2026-02-12,input,10591.01,Devolución de compra
31c6a3e6-ec7a-43fa-be82-0b004846ff1b,304,2026-02-12,output,811.19,Pago de Spotify
23b084ca-05df-4c71-b27f-02d2e84b958b,308,2026-02-12,output,3770.53,Compra en librería
1b9d0a6a-1d43-42cd-836d-46c3ea284b57,454,2026-02-12,input,808.02,Reembolso de servicio
2d881db8-ab7f-4d92-b256-34f51ea8c638,460,2026-02-12,output,3424.69,Compra en ferretería
76847157-fa1f-4d0e-9d4f-5b0b014fd27f,516,2026-02-12,input,320.14,Pago de nómina
f864b689-56c1-4ba5-b130-f67d78e63cfe,539,2026-02-12,output,509.66,Gasolina estación de servicio
db6c02d6-ba01-44fa-8222-f7f30a6b8378,551,2026-02-12,output,4605.95,Compra en Uber
9ab7448a-9f09-41d3-8e95-2e64dae1e43d,565,2026-02-12,output,3904.34,Compra en Uber
ff8d3353-927e-4a07-9973-92377d1895a8,257,2026-02-13,output,2080.27,Compra en tienda departamental
cdb8f1f9-b160-4aef-a0b9-d1ec64607f4a,291,2026-02-13,output,118.12,Compra en Uber
4b307905-d2c9-43d8-b55f-3a22faf164a9,438,2026-02-13,output,260.02,Gasolina estación de servicio
2b50d8b8-3e17-438e-a3c0-da3c31d5e624,459,2026-02-13,output,1285.65,Compra en electrónica
4f7f09e2-29b3-42fb-aca7-2ea889fd18ef,475,2026-02-13,output,3026.41,Compra en electrónica
5079ccd8-e5a9-4f83-89ec-d5d963802956,496,2026-02-13,input,11127.26,Pago de nómina
149b5d94-cc76-48d1-b263-e457de3bf720,560,2026-02-13,output,317.52,Pago de internet
46b0f15e-a53d-4fee-8aa5-7f1c89d1575e,107,2026-02-14,output,3390.53,Retiro en cajero ATM
a74055a9-aa7e-4eb5-98b7-3163340003dc,134,2026-02-14,output,2476.5,Compra en panadería
376962f5-8ea0-45f1-9fa8-b4792ff84527,147,2026-02-14,input,5249.94,Depósito en efectivo
94ea441b-72d3-4af0-bd55-13b79b2f33db,194,2026-02-14,output,2033.05,Compra en línea Amazon
79430bab-11aa-4d66-9cc5-d631e1923bef,303,2026-02-14,input,11748.24,Reembolso de servicio
55945656-4b23-4d6b-9963-abe7fa6cad61,509,2026-02-14,output,736.35,Gasolina estación de servicio
61c1ab4a-73a2-4aaa-95a7-dfa95aa0e569,536,2026-02-14,input,14947.6,input por reclamación
1158cd0f-26af-4580-b468-31990cc07880,176,2026-02-15,output,3736.33,Pago de Netflix
3fb297a2-450e-47fa-9102-8f90d12c0ff1,511,2026-02-15,output,1377.71,Pago de internet
43efb126-5e95-4080-b7df-368d8fbb4fc9,187,2026-02-16,output,4096.13,Compra en ferretería
b49fb8a5-b9a1-4551-8d79-abef9fdef527,237,2026-02-16,output,215.6,Compra en electrónica
3fd8daee-0f71-4b24-bd61-7bed87e798ec,329,2026-02-16,output,3858.4,Compra en ferretería
ac70d42d-20f2-48f8-a8a1-341b0657a712,379,2026-02-16,output,3367.46,Pago de telefonía móvil
4e7987ab-498a-4acd-9983-84992418ac32,463,2026-02-16,output,964.14,Compra en línea Amazon
fc549ace-8e34-4276-8dfc-fe5c36988e9d,515,2026-02-16,output,4325.99,Pago de servicios públicos
6ea6dabb-d42b-4a66-8390-7bc8bc7afb4d,579,2026-02-16,output,4968.51,Compra en electrónica
770e4f7e-a934-4553-be69-f5237426f5f8,240,2026-02-17,output,4139.66,Pago de internet
bd29c7fd-b39f-4ace-bce3-1249222dd9cd,301,2026-02-17,input,14162.38,Reembolso de servicio
92ee1014-df92-4b39-873d-6b472c85fc42,542,2026-02-17,output,848.41,Compra en tienda departamental
a9d1dff6-038d-41a9-a049-ba46b4455737,164,2026-02-18,output,1511.07,Pago de Netflix
34600f01-1150-42a4-993e-f7c17aee7a1e,203,2026-02-18,output,3795.19,Compra en Supermercado
36856dcb-d4af-4630-a365-e48c4df36897,240,2026-02-18,output,568.99,Compra en Supermercado
131fc8ba-2952-45a6-b604-d0fbe96ebf37,348,2026-02-18,output,1451.76,Compra en librería
9d0d1322-5786-4911-b449-6b517c8fe854,374,2026-02-18,output,3432.53,Compra en Uber
20512a74-8e79-4405-914f-29d3b3dc9be9,452,2026-02-18,output,2903.84,Compra en cafetería
066af184-586b-4466-9586-35bdf6775258,492,2026-02-18,output,3114.32,Compra en librería
20554416-3929-4549-8f31-6d0f30024f24,102,2026-02-19,output,3396.33,Gasolina estación de servicio
6381e2f8-0989-438a-b7dc-df2f4cb28417,250,2026-02-19,output,1456.74,Retiro en cajero ATM
dc4619c1-37e5-435f-bcaa-bd142e5c2e05,295,2026-02-19,output,3337.2,Compra en electrónica
1f5832c5-ce37-4f69-9645-4c1b82dd17ed,337,2026-02-19,output,1785.68,Pago de telefonía móvil
c1b2f47a-8906-478b-b16d-256b133643c0,370,2026-02-19,output,1420.32,Retiro en cajero ATM
71b99ba1-d174-4f12-8a6a-d0a687c845ec,569,2026-02-19,output,2340.11,Suscripción de software
751255e3-6dbb-40f7-a001-c999dff99986,101,2026-02-20,input,14822.74,input por reclamación
c69eb760-9427-435c-8cdd-bb2d6040d139,209,2026-02-20,input,7603.14,Transferencia entre cuentas
e92cdfe3-8d5a-4bd5-9b51-92d54333501a,245,2026-02-20,output,4306.96,Pago de Spotify
b7a42b36-c4d7-41ae-ab20-1433368870df,267,2026-02-20,input,6971.49,Transferencia entre cuentas
bd601681-0fb0-4930-a40b-4d14d9c5e326,430,2026-02-20,output,1520.29,Pago de internet
3281837e-d8bd-45ec-9a63-0573403de012,498,2026-02-20,output,2406.14,Pago en restaurante
a2f9579c-c0da-4308-8055-fb1c89737f9d,540,2026-02-20,output,1716.57,Compra en electrónica
b7676264-24fb-4456-a230-11525be623bc,562,2026-02-20,input,14506.62,input por reclamación
fe8cc036-9822-4522-8bf8-e20f9a06a0d9,584,2026-02-20,output,775.06,Compra en librería
5add415c-356d-441a-be01-7c447b2d70b3,587,2026-02-20,input,7222.09,Depósito en efectivo
5eb336e0-d78e-4d0f-b149-d6daa7056fe6,447,2026-02-21,input,11169.98,Transferencia recibida
1b2c6234-2484-46c0-b674-34a49eca12f8,484,2026-02-21,output,4733.8,Compra en tienda departamental
612f23ce-f2f4-4058-811a-bc961895db96,519,2026-02-21,output,988.36,Pago de Spotify
dfe7b243-4a57-4555-93e6-68ff34fc1a9f,200,2026-02-22,output,4956.04,Compra en farmacia
c88d19c6-a2fe-4b42-b8c2-d403147e6132,252,2026-02-22,input,7881.21,Transferencia recibida
5f8d279a-a679-44c4-8013-e3e9245028dd,258,2026-02-22,output,2165.99,Pago de internet
e2f34119-62a0-4712-9511-91f87b84868e,339,2026-02-22,output,3011.71,Pago de Spotify
21133bf4-0ba2-4d5b-9f73-310961dcf20e,445,2026-02-22,input,8942.86,Pago de mensualidad
82f17618-c060-4ed9-944e-bfc4a2ef6530,503,2026-02-22,output,3375.92,Compra en línea Amazon
0887681d-6cae-4028-9b80-75e554ccaa4e,509,2026-02-22,output,4390.96,Compra en tienda departamental
251e8eb3-5ecd-4532-a3e7-694a5c62f15d,562,2026-02-22,input,14674.44,input por reclamación
3809c984-a64a-4cc9-8491-3f58939c7c90,335,2026-02-23,output,2071.61,Pago de gimnasio
8ee684ce-0613-4523-9ac8-8da192c43410,392,2026-02-23,input,3552.94,Bonificación bancaria
b1d9fba0-15c4-4fe7-b329-5a6c9db46364,438,2026-02-23,input,13942.55,Devolución de compra
a5f466df-33db-4a0b-87e0-c46362455dd0,517,2026-02-23,output,2468.98,Compra en electrónica
13e5de81-b071-46ca-b374-edad1eb270ca,536,2026-02-23,input,676.07,Bonificación bancaria
c6188e3e-2459-4e6a-92a5-1d1b7c9c245a,564,2026-02-23,output,3646.03,Compra en farmacia
e7021086-2dff-47ec-8557-a307464e2abd,595,2026-02-23,input,10956.93,Pago de mensualidad
e46fca79-1db2-4d72-9dd4-00ba1cefdcb2,200,2026-02-24,input,7943.34,Reembolso de servicio
ac733172-b5dd-468f-9857-d28fb759beee,200,2026-02-24,output,4446.28,Compra en electrónica
a4be4e7f-1349-4708-ae80-81bb6cb98447,360,2026-02-24,output,1968.63,Compra en electrónica
51f2f013-c58d-4ee7-99da-d4a2acca1c2a,382,2026-02-24,output,1486.85,Compra en electrónica
42ef7573-d552-4776-915f-a33031d4754b,417,2026-02-24,output,3253.56,Compra en cafetería
6df39aaf-31d6-409e-80aa-1dd29e0375fc,462,2026-02-24,output,4308.74,Pago de telefonía móvil
6f769eba-67e0-4c09-9c59-dc3445369b60,468,2026-02-24,output,308.53,Compra en farmacia
b07f7e52-44f7-42f8-8645-4df05fe5ff38,555,2026-02-24,output,1276.45,Compra en electrónica
8cdb083f-0ba8-4e74-a595-2e46bd9a424a,594,2026-02-24,output,4009.19,Pago de internet
4da8af92-7417-4883-854b-be81eebcc9f5,184,2026-02-25,output,4289.42,Pago en restaurante
15e260d8-9e1e-4c73-816e-d594e2f5d04c,305,2026-02-25,output,830.02,Compra en farmacia
87342ecc-6e14-4797-b1f7-ed3278753181,547,2026-02-25,output,3569.41,Compra en ferretería
2368f72e-98be-46f2-8d54-68d00dcd9754,547,2026-02-25,output,3646.63,Compra en ferretería
2a5fa42b-20b0-47b7-859a-cb5919c79cbd,110,2026-02-26,output,4345.86,Pago de Netflix
7c72fa09-d500-4b79-a0a2-401f66a2b2a1,112,2026-02-26,output,4494.36,Pago de gimnasio
b8e44cef-58a8-4b25-bdb1-1b2cb9575644,124,2026-02-26,output,1759.72,Pago de internet
52a080aa-590e-4f64-a2dc-d15154455b64,185,2026-02-26,input,1537.4,Depósito en efectivo
346a9821-efb0-4a69-9390-c9f438835f0c,192,2026-02-26,output,1856.97,Pago de servicios públicos
5e845044-a6bb-4b29-b8e5-578c69f70c52,419,2026-02-26,input,3976.04,Bonificación bancaria
b71bac0d-1f99-44ef-9315-d54860957064,543,2026-02-26,output,2814.37,Compra en cafetería
9e73e55b-2feb-4998-97a5-12c79ff793c8,560,2026-02-26,input,7945.43,Depósito en efectivo
40bec1c6-b624-4749-a23a-82dbef2f2724,596,2026-02-26,input,12189.03,Pago recibido de cliente
b2e4ac6f-88c3-4643-88d6-d4fae54c2f6a,126,2026-02-27,output,693.13,Pago de internet
ec8acf33-548b-40e0-bef5-d7b35ce1f867,596,2026-02-27,output,1604.51,Compra en ferretería
6c17450d-0b30-4e90-8a54-5bb382d4a9e7,598,2026-02-27,input,5567.26,Pago de nómina
7b10dadf-c200-4811-9973-cfb238c16001,183,2026-02-28,output,488.85,Compra en electrónica
03222aee-8c85-4d11-8f76-cab3a79b4e40,195,2026-02-28,input,7715.79,Devolución de compra
dd10a3ca-389a-4284-8b7b-2e38722d6c97,535,2026-02-28,input,9652.41,Transferencia entre cuentas
c6c32072-132d-47e2-a505-2b2c22aa1590,599,2026-02-28,output,3274.29,Pago de Netflix
415123b4-bbb6-437e-b3e5-f2baf1400a00,343,2026-02-29,output,4304.39,Compra en farmacia
91aa2cfc-3b22-4bfb-a186-f8653bd6a90b,404,2026-02-29,output,4250.62,Pago de servicios públicos
397439ef-67ef-4811-9cb5-ec2695b7d225,457,2026-02-29,output,1424.41,Pago en restaurante
d9d4d971-1491-4828-8e25-4bdb6af71701,228,2026-02-30,output,4217.18,Pago de gimnasio
1aad4ecd-a62b-45f7-94f3-a0c72890f0cc,238,2026-02-30,output,491.41,Pago de telefonía móvil
3c4babfc-8344-4ed2-bc04-b3295821feb8,243,2026-02-30,input,3078.39,Depósito en efectivo
8d000510-0d00-4389-b32a-31d4da319196,244,2026-02-30,input,5447.26,Pago de mensualidad
f72f90ac-d417-4ba7-b0c1-0a098ed3b2f6,269,2026-02-30,output,2444.24,Compra en panadería
209a5c76-4a27-4ab8-ba70-0e2ed3f4aa17,288,2026-02-30,output,2133.88,Gasolina estación de servicio
7e954050-9fc3-42ed-bdfb-4230d1390c57,538,2026-02-30,output,2227.94,Pago de internet
3ae0ce16-b60e-42df-b4eb-4b22dd1e6327,567,2026-02-30,output,1178.1,Compra en ferretería
77db6466-a0e4-4316-bd17-c112db810626,151,2026-01-01,output,1424.39,Pago de Netflix
6e745829-ca28-4bb2-be19-c423aa917e70,308,2026-01-01,input,8531.15,Pago de mensualidad
4415ae8a-1148-4aca-9b76-ee6746b8efdc,311,2026-01-01,output,4917.97,Compra en librería
c48868cf-9ba7-4ff7-abb3-9a83d123bf11,319,2026-01-01,input,5616.37,Pago de nómina
8e28d9bd-ca2a-4e77-aa14-e3ed6c03470b,357,2026-01-01,input,13100.5,Pago recibido de cliente
757ad218-066c-444a-914b-449350476928,409,2026-01-01,output,753,Pago de Netflix
19003b64-ec7b-44c7-9ea2-bb044bf43a57,474,2026-01-01,output,4570.3,Compra en farmacia
fc93b3ad-7bd8-4333-aa4f-da241ec8533c,144,2026-01-02,output,1140.18,Compra en tienda departamental
2d1b247d-4146-4353-907d-5e71a63b7212,223,2026-01-02,input,14746.48,Bonificación bancaria
f106fcf7-7fd4-45d8-ab6c-d5787c0a6454,246,2026-01-02,output,4410.3,Compra en ferretería
30f72a5b-e945-485f-8dce-2293a42ffbc4,273,2026-01-02,input,2959.82,Transferencia recibida
527a6943-71f5-41d9-8892-4f2173466056,302,2026-01-02,output,4141.09,Compra en línea Amazon
aa5827f4-cb8e-498b-8955-f127046ee647,396,2026-01-02,output,1662.2,Compra en panadería
aa8a8600-514d-4302-9d74-5aa46e632636,440,2026-01-02,input,12304.03,Bonificación bancaria
3ec105d1-2919-4898-8059-52f5718e0437,548,2026-01-02,output,794.26,Gasolina estación de servicio
6123c869-8184-4f13-9af7-38fdd1872cb0,159,2026-01-03,input,2298.49,Transferencia recibida
656e00ef-0489-4592-be99-46ee11c71f9f,162,2026-01-03,input,1073.5,Transferencia entre cuentas
8cc9f553-0c43-4330-bb68-12ee3df7c693,219,2026-01-03,output,3737.8,Pago de internet
4cd57b80-64c5-44b9-a7f0-a5fae8c11689,252,2026-01-03,input,4681.49,input por reclamación
b1e30e3b-8624-40ad-8f95-79ca98854fa0,342,2026-01-03,output,4475.55,Compra en farmacia
05d56f43-2002-49be-b378-15610faaa566,366,2026-01-03,output,4168.9,Pago de Netflix
5e62282c-2bef-4e58-842e-2ba51420d4b8,392,2026-01-03,output,3685.34,Compra en ferretería
03c62436-ef45-44a7-83dc-bbd95be9b151,463,2026-01-03,output,1198.6,Compra en ferretería
89db1c5d-7641-4aba-9f25-6e3b9ef93636,483,2026-01-03,output,1661.65,Compra en cafetería
b2622eea-8fe9-4efc-ab05-e29fd8cb344d,573,2026-01-03,output,4786.1,Retiro en cajero ATM
77e35590-fe7b-4448-accf-b4acdf0e24be,109,2026-01-04,output,3331.12,Pago de servicios públicos
655dfc35-bb76-4415-8066-68aadfa6245b,201,2026-01-04,output,2357.93,Compra en tienda departamental
746e4706-1975-434d-9122-c8a6fe30d14d,326,2026-01-04,output,2241.78,Compra en cafetería
05082272-f144-479f-aafb-59226cc4f506,428,2026-01-04,output,3301.21,Pago de internet
110ed9bb-1e1b-4e6e-abf3-7a2baf0970c4,500,2026-01-04,output,3171.4,Compra en línea Amazon
c94bf5b2-feca-4d28-b251-f340de407d0a,534,2026-01-04,output,2029.98,Compra en farmacia
c58d603e-e758-4a13-bfa1-4d32a64ec5d8,146,2026-01-05,input,14618.54,Devolución de compra
518cc29e-c3e7-40ba-8a03-8a3c47859b87,217,2026-01-05,output,393.41,Compra en panadería
c0a277e5-1353-4dfc-80f3-a71e1f89a36e,361,2026-01-05,output,3211.79,Compra en tienda departamental
de1d5b9e-6381-4363-96e4-aca8a66da7a2,380,2026-01-05,output,2047.87,Compra en línea Amazon
c40dfa93-7887-4a06-a9fe-807b78060f1e,422,2026-01-05,output,669.21,Compra en farmacia
4663dc9b-643f-45bc-b031-07e0fb7a1b0e,590,2026-01-05,output,700.84,Compra en línea Amazon
292959b4-edea-4269-ab75-a3372f0c2b2a,147,2026-01-06,output,4241.48,Compra en panadería
e48c8c16-9944-4c21-8a6c-4e54874571e1,363,2026-01-06,output,652.64,Pago de servicios públicos
1a024e5f-378a-46a9-bcd7-25f9fee0b444,477,2026-01-06,output,2513.3,Compra en panadería
2204552a-dfad-4bce-b0c7-7c30117698bd,531,2026-01-06,output,103.07,Compra en electrónica
e6d4fe70-f4c6-4886-8a76-69a27de5cae8,110,2026-01-07,output,1026.54,Gasolina estación de servicio
152a0bbc-42c8-442c-add7-d9a99da1e7c0,116,2026-01-07,output,610.67,Pago de servicios públicos
53ef1e9a-96da-4019-b5ca-d1b26b6bc2ef,134,2026-01-07,output,857.19,Compra en cafetería
379144e9-7829-4b49-9f95-8e3e0fa8bc68,154,2026-01-07,output,2248.61,Suscripción de software
166cd82a-eb66-4a26-adf1-3d83001f4254,441,2026-01-07,input,8175.18,Pago de nómina
b6969ce6-2887-4638-aedc-9ce4205d52cc,203,2026-01-08,input,634.86,Pago recibido de cliente
b8ce5ca1-c18b-4ae0-82c5-b8338a3d00d2,249,2026-01-08,output,4641.9,Compra en Supermercado
dd3746f7-2282-43f6-9340-252d163fbbc3,383,2026-01-08,output,4833.74,Pago de telefonía móvil
58814ddb-d32a-4b03-9d5f-3934613482d1,526,2026-01-08,output,4783.63,Pago en restaurante
baf0b3a4-7b9f-42dd-8721-1e24e6b84b3e,106,2026-01-09,output,4035.34,Pago de Spotify
3eaa6d9e-fa5d-4151-9bb1-b01efa410675,342,2026-01-09,input,4573.05,Devolución de compra
c057c6ce-04da-4969-8bee-f782a6def22d,416,2026-01-09,output,1314.74,Pago de internet
84ad6371-cc2b-47d9-b209-05ac8fab178b,510,2026-01-09,output,3060.64,Compra en tienda departamental
4e425770-3ec5-48b1-abe1-f0e03d782f72,517,2026-01-09,output,1282.95,Retiro en cajero ATM
cfb5067f-5a73-427f-b28d-d4050701357c,578,2026-01-09,output,2997.86,Compra en cafetería
b82e1728-8601-4035-b56d-b68842842158,169,2026-01-10,output,3369.93,Retiro en cajero ATM
ce13b98e-ce10-499a-8493-43861cfcb82b,355,2026-01-10,output,1272.48,Pago en restaurante
5cc3300d-255a-4ad4-8019-950f502a68a4,502,2026-01-10,output,3033.97,Pago de internet
768f05e2-991d-4c39-a58d-16416f496606,570,2026-01-10,input,9621.53,Bonificación bancaria
e7774f87-d96d-4a41-b209-4c51a65ac491,228,2026-01-11,output,3788.66,Compra en farmacia
59b63992-1d7b-4817-8f1e-aab096871395,243,2026-01-11,output,1991.97,Compra en farmacia
735c24c3-173e-41e2-927a-4ae7d24ff42a,341,2026-01-11,input,668.51,Bonificación bancaria
598fdccc-1ccf-47bb-a506-f414f631ac5f,152,2026-01-12,output,3116.41,Retiro en cajero ATM
bd7b600a-e0f3-4da3-b100-bc78d2c4aec7,197,2026-01-12,output,167.04,Suscripción de software
48033b1c-8522-4c77-86c6-64166bc7f0a0,338,2026-01-12,input,8318.67,Depósito en efectivo
de6a059d-0ef4-464c-a774-198a263a451f,361,2026-01-12,output,4259.94,Pago de servicios públicos
6bb50d82-baca-487b-9642-46aa5428ac68,446,2026-01-12,input,13470.6,Devolución de compra
4eeb19d3-de4e-4e92-9bbb-a174ff4df435,486,2026-01-12,output,4692.64,Compra en Uber
aa0edeb3-721e-49cc-8fdd-794a6f8a1fe3,517,2026-01-12,output,212.08,Pago de servicios públicos
78fcdbaa-13fc-44dc-befa-47b08c5338bf,526,2026-01-12,output,1452.37,Suscripción de software
997b8cc1-01e2-405c-a84f-b68bd4b7ca16,527,2026-01-12,output,119.32,Compra en librería
40e0ef21-db10-4f1e-aef8-420967e14a9d,587,2026-01-12,input,746.92,Depósito en efectivo
68ee1611-8d75-49c2-9b11-fc408bb5df79,121,2026-01-13,output,1038.54,Compra en ferretería
4c658959-e115-4654-b8ed-ff3302ab0b57,123,2026-01-13,output,4504.06,Compra en cafetería
c053b303-6401-49bf-9b6e-489122e54247,168,2026-01-13,output,2517.45,Pago en restaurante
c7cad73c-e4bf-4c45-b578-b25603b7e839,202,2026-01-13,output,640.53,Compra en panadería
43b00436-0f9d-4c6b-8c0f-a70502962e0a,112,2026-01-14,output,1774.62,Compra en cafetería
152e2970-f081-4660-a472-e973a757c4b7,383,2026-01-14,output,4188.92,Pago de Netflix
0c200bf1-9727-4c52-aa30-3c095e7c3515,447,2026-01-14,input,12322.92,Transferencia entre cuentas
839f1c8f-feda-4d85-b9bd-1fbd7e0713df,531,2026-01-14,output,846.64,Pago de internet
3507c4a4-d881-414e-96a0-667d8fb78cf3,587,2026-01-14,input,3864.67,input por reclamación
271cd83f-3780-49c6-bc3f-0519da19e42d,592,2026-01-14,output,2917.69,Compra en línea Amazon
619ce56d-0b2b-47b8-a2bb-9cefa66105ac,179,2026-01-15,output,13.63,Pago en restaurante
e5c0b078-fb04-4386-848d-81f3ec587627,211,2026-01-15,output,3049.39,Compra en tienda departamental
56b5bd3d-282f-4b54-bfa4-c8bdfea4292d,284,2026-01-15,output,2593.52,Compra en cafetería
d4ab26bc-05fc-49ad-b681-e419dc33fe81,322,2026-01-15,input,2118.87,Bonificación bancaria
e4523f76-d8fb-4370-bb27-02c36c56206e,349,2026-01-15,output,3092.69,Pago de telefonía móvil
99731f01-b231-4028-b44a-b5c6830c96b5,484,2026-01-15,output,1003.7,Compra en panadería
6141c654-6930-4edc-b709-937fa9dd1723,148,2026-01-16,output,3594.62,Retiro en cajero ATM
fe15c52f-1205-45cb-8551-da98c88bff14,202,2026-01-16,output,763.39,Suscripción de software
80a4efd9-0e9e-46d8-94a8-8b100d1e543d,231,2026-01-16,output,4747.2,Pago de gimnasio
cec1990c-79c5-4446-a50b-0a4fee58c30f,265,2026-01-16,input,5034.44,Depósito en efectivo
4dc8d4fe-95da-48f1-af28-b9797e75316e,296,2026-01-16,input,8085.36,Depósito en efectivo
076199b4-28a2-40a0-a323-12a2c1f5ccce,443,2026-01-16,output,4836.26,Suscripción de software
f18cbe27-f80e-4e9d-9e72-789e664e895c,449,2026-01-16,output,4238.27,Compra en cafetería
19531045-967d-4cc7-812d-a64f731a36e0,456,2026-01-16,output,22.87,Gasolina estación de servicio
ddfe5890-74b1-493e-86f1-783b158dc323,244,2026-01-17,output,2069.76,Pago de Netflix
aab41c37-5f4b-4e19-a030-a24888589295,276,2026-01-17,output,762.4,Compra en farmacia
826f1c8c-7c3a-41aa-8d3e-b72509a13f4c,415,2026-01-17,input,8104.87,Devolución de compra
a7a3f154-512e-406a-8a93-12a902c262f5,428,2026-01-17,output,4896.87,Compra en ferretería
6d38feab-1010-40e0-ac37-0f1a6d9564dc,432,2026-01-17,output,3437.18,Compra en línea Amazon
e160c6b7-f409-4c85-9b04-d7ebd99448e7,478,2026-01-17,output,3382.43,Pago de telefonía móvil
0fa88527-1edf-41b7-b915-d1e854e4b594,263,2026-01-18,output,3066.66,Compra en librería
2a762234-baf0-4819-b63a-c737491146c4,295,2026-01-18,output,1401.87,Compra en electrónica
b268dd85-7227-4d3c-883e-7febb4491e7a,359,2026-01-18,input,8923.94,Depósito en efectivo
670ac166-09c2-4b97-a88b-8bdd4c4a068d,553,2026-01-18,output,973.8,Retiro en cajero ATM
572feeed-1065-4ff3-b1a7-d1aadf308018,113,2026-01-19,input,3486.13,Depósito en efectivo
0f96bd2a-1eff-437c-9733-e42d5b7d4dd7,135,2026-01-19,output,3932.54,Compra en cafetería
eff7f114-3f76-45ae-8bb0-7666df72c8cf,176,2026-01-19,output,4802.38,Pago de gimnasio
dc5ed1d8-dd82-49d8-8b45-9a5c2c9d212d,359,2026-01-19,input,3431.98,Depósito en efectivo
a3f83d6d-799f-4a32-8fee-6047553f5aff,499,2026-01-19,input,10114.18,Transferencia entre cuentas
557c0af5-baa3-488f-9d4e-7ac4d3d95804,499,2026-01-19,output,2109.31,Retiro en cajero ATM
bea5a270-b4a1-4751-8081-2ba3af98288b,128,2026-01-20,output,327.06,Pago de servicios públicos
808d7a6b-8203-44c4-b116-eff131b5281b,193,2026-01-20,output,121.32,Compra en panadería
32911044-cd93-4716-8581-b1b24ab9ff8f,262,2026-01-20,output,1878.58,Compra en Supermercado
3acae7e1-791e-46dd-b24d-5c9834b5cd62,349,2026-01-20,output,4229.77,Pago de Spotify
7b8586d5-76b4-4cdc-8928-c176f3072048,392,2026-01-20,input,3953.34,Transferencia recibida
3fdd8598-9547-4d88-baa8-51f08aa32421,522,2026-01-20,output,4556.94,Pago de servicios públicos
142b55e0-0fd1-4dbb-811f-96b1159573cc,562,2026-01-20,output,2506.02,Pago de gimnasio
7703161b-b70d-43e9-8b70-c788e92d6026,591,2026-01-20,output,4609.73,Pago de telefonía móvil
7de006e5-12da-4f85-bde0-563f0b8c5771,139,2026-01-21,input,6440.56,Reembolso de servicio
fea70a6e-7ce6-417e-972d-065d274f8148,150,2026-01-21,output,4539.9,Pago de telefonía móvil
dd9bfff9-6bc9-4331-a199-f44e3f63a311,404,2026-01-21,output,4950.29,Pago de Netflix
10544b78-3fbc-4776-86cb-d03dff997f2f,440,2026-01-21,input,635.95,Devolución de compra
8b2c5433-5ca7-4302-b0a2-4e39e76e7676,517,2026-01-21,output,2761.5,Pago de Spotify
6ddef78b-1809-4fc7-a370-3ebcfffc8782,191,2026-01-22,input,6062.99,Pago de nómina
aac35647-f4bc-4c49-a555-bfd6ed9ae731,246,2026-01-22,output,4646.42,Pago de gimnasio
e5adbbd6-7add-4656-8037-fe41072325b4,312,2026-01-22,output,1795.65,Pago de Spotify
d6598fb6-d7ca-4006-9920-62b50a9ed9d8,314,2026-01-22,output,2818.3,Pago de Spotify
78ff0b6b-3cce-4194-a991-91a1bbff3f64,526,2026-01-22,output,3420.13,Compra en cafetería
23bc2a5c-6e43-4d5f-afa4-bab4a9c525d8,576,2026-01-22,output,2973.11,Compra en cafetería
010c2963-c1de-410a-b736-8dfdbb5f571a,600,2026-01-22,input,3026.95,Pago de nómina
9bec4169-b032-4ee7-9548-1aa635913d12,126,2026-01-23,output,3211.41,Pago de gimnasio
dec2bb00-1140-48b1-b415-051bb1597843,442,2026-01-23,output,2460.81,Suscripción de software
b73e6bf8-fcc9-483b-a566-5d185d3e7723,453,2026-01-23,output,4703.4,Pago de servicios públicos
9becfac6-10ec-49e9-b5c0-33d4d6b0a129,251,2026-01-24,input,807.86,Transferencia recibida
53ee40d0-de58-427d-9be3-a28d473c8712,255,2026-01-24,output,708.39,Compra en línea Amazon
d28d4207-3473-42d8-a6a3-a400835b980c,361,2026-01-24,output,3315.18,Pago de servicios públicos
79573b1f-b872-4085-81c0-796e9d16cbd1,479,2026-01-24,output,2722.46,Pago de Netflix
21c1384f-c907-4e2a-baa2-d6107b7b30b4,553,2026-01-24,input,12292.03,Devolución de compra
7c8149a3-b99d-403e-9ac1-c94176dba48b,107,2026-01-25,input,10102.71,Reembolso de servicio
9e9c60c7-1d4c-4cf1-8ae1-465d6cfc3f7e,119,2026-01-25,output,1682.65,Pago de internet
9803df0d-6b82-4021-a521-aa78c01619a3,146,2026-01-25,output,611.27,Compra en línea Amazon
a7455dc9-2478-479a-8f9e-fb57368d8866,180,2026-01-25,input,9709.2,Transferencia entre cuentas
ad1403ea-fccd-492b-8d85-1e2c84d7cbc2,221,2026-01-25,input,4028.61,Transferencia entre cuentas
13782693-520a-449f-ba93-84a76ea508dc,335,2026-01-25,output,2516.1,Pago de Netflix
4f55cc24-89bd-47fd-8c7e-2054f4c17f0a,514,2026-01-25,output,2639.04,Pago en restaurante
f74fb1e9-b4e9-4abf-9e98-2f7ba4c9c1ad,599,2026-01-25,input,5322.37,Pago de nómina
4a5b1df0-633f-4b4e-8cd1-554a009563fa,120,2026-01-26,input,14502.85,Pago recibido de cliente
5bb346f9-7ccf-450f-9de0-b80a37d8b505,217,2026-01-26,output,3215.28,Compra en farmacia
72013621-156f-4b6f-8c7d-abd9cc9af4aa,225,2026-01-26,output,1893.98,Gasolina estación de servicio
e3e1e7a6-21c6-4831-a4ee-802a724281e4,271,2026-01-26,output,3943.18,Pago de servicios públicos
3a35be84-de88-4241-8a2f-3452adce542d,341,2026-01-26,output,3012.04,Compra en Supermercado
1ca375ae-ce52-49e1-b79f-06783184d372,403,2026-01-26,input,12712.08,Depósito en efectivo
2ae2b53f-7ce0-4a52-aba1-ddd642f77fd4,560,2026-01-26,output,298.21,Pago de telefonía móvil
550943f3-66f7-44d0-84fa-de90ab5895c2,221,2026-01-27,output,42.48,Compra en electrónica
c26a7b6b-705d-42d6-8a0f-e6268f12100b,373,2026-01-27,output,4372.73,Retiro en cajero ATM
bbba54ce-5886-45cc-a64d-6d756f2c0f39,413,2026-01-27,output,4871.84,Compra en tienda departamental
f91e1ac6-ad90-4ec9-a57a-9c4055caef84,515,2026-01-27,output,2657.62,Gasolina estación de servicio
da714624-616e-4dd5-b3ea-8bd4bb2205e5,554,2026-01-27,output,4476.94,Retiro en cajero ATM
b7cd3827-034d-42b3-a82c-dd4c26412520,571,2026-01-27,output,780.85,Gasolina estación de servicio
d3c7a662-2709-4d25-a89f-69fd791f0248,584,2026-01-27,output,1132.33,Compra en Supermercado
ee5bf99e-7408-438d-8edc-6f3fd0ea148b,594,2026-01-27,output,4613.73,Compra en librería
853d308b-f937-4cad-a7de-8d50a25ddec8,600,2026-01-27,output,3264.74,Compra en panadería
f8859464-1863-4bee-a75d-73db1cc7d3f7,103,2026-01-28,output,3645.16,Gasolina estación de servicio
4d0583ab-2911-4f31-8e77-6b82b9ca749a,208,2026-01-28,output,196.06,Suscripción de software
8686329b-d1fb-4907-a87c-0b671c03f3be,247,2026-01-28,output,2332.74,Pago de Spotify
7bfc969a-1918-4076-a927-7d9f62726206,258,2026-01-28,output,185.8,Compra en farmacia
773f27f7-e141-4f0f-8279-89dffdb212d2,280,2026-01-28,output,395.04,Compra en línea Amazon
2f847434-e481-4ec3-85ff-d0362ee85414,288,2026-01-28,output,2246.34,Compra en tienda departamental
2fa4e592-5d2d-4ac0-b13e-cfc8d429d453,299,2026-01-28,output,2744.59,Pago de servicios públicos
ffbc7a2d-990d-4319-afd6-b115a25e6750,600,2026-01-28,output,198.82,Compra en ferretería
aafe2632-2219-4d37-ad96-b0b2f99e07b4,302,2026-01-29,output,657.39,Pago de gimnasio
6a470222-a36e-4b2d-8354-80139c44b0b6,354,2026-01-29,input,6672.78,Reembolso de servicio
17ee4a73-7ad5-4aab-9c22-6446ff314ea3,431,2026-01-29,input,8364.12,Devolución de compra
f68736fb-0347-491f-8b4a-5be527abe330,449,2026-01-29,output,4688.09,Compra en electrónica
34e2e1b6-07de-4c87-9eb4-624f5757f1a1,539,2026-01-29,output,349.59,Compra en ferretería
fafb900a-8bdb-499f-8d0b-ea705c05e108,104,2026-01-30,output,3541.12,Pago de gimnasio
183f2d85-e5e7-4dc9-ae07-7268dee92720,179,2026-01-31,output,3418.01,Compra en ferretería
530178ab-476e-456c-8b7f-ac86e1c2a0d5,256,2026-01-31,output,3051.23,Compra en Supermercado
152ecf91-dc18-43ab-9fbf-cd91f137b982,443,2026-01-31,output,520.29,Pago de gimnasio
1ca6add8-15a7-4b34-9981-793ae51b7512,459,2026-01-31,input,3998.77,Pago de mensualidad
39141ab8-81fd-4a72-a543-cdd907525146,180,2026-05-01,output,168.7,Suscripción de software
527e648a-306c-4860-810a-5e38742221c7,250,2026-05-01,output,2099.4,Retiro en cajero ATM
1142a14c-d6d2-47f8-8251-4ba01d0642a0,267,2026-05-01,output,2636.9,Pago de Netflix
1f09ca0d-67c0-41ef-b490-e263b81a3354,319,2026-05-01,output,4862.2,Compra en cafetería
9eda86ce-bb41-48da-807b-42631981d694,386,2026-05-01,output,1441.06,Compra en panadería
2a57105f-a199-40fd-9aac-3c7b3bb3f916,487,2026-05-01,output,2304.38,Pago de telefonía móvil
3aba13eb-1063-4b64-b227-23d7901f9336,245,2026-05-02,output,3984.59,Pago de internet
48b502e3-6f56-4ccd-aa39-21d0b3101276,247,2026-05-02,input,14884.52,Depósito en efectivo
a0448812-cc36-4d8d-bc90-33c194fa881f,288,2026-05-02,input,6518.39,Bonificación bancaria
4842bf78-f48f-4593-9a75-7df9fcddee03,409,2026-05-02,input,14555.07,Transferencia entre cuentas
e297f77f-0578-468f-b77a-9595ef546b39,532,2026-05-02,input,5593.51,Devolución de compra
476056d3-5704-4a28-84b1-5e4c8a0c07c1,589,2026-05-02,output,4271.62,Compra en librería
21301914-0748-4f7e-8e0e-fc4e66335201,594,2026-05-02,output,950.5,Pago de telefonía móvil
120a3f90-d4ef-4202-8800-a40dc0225b18,104,2026-05-03,output,1928.55,Compra en tienda departamental
62b4ec9a-783a-4c11-9e5b-478a604d5f53,229,2026-05-03,output,2396.93,Compra en panadería
c8715201-c0d3-4ad8-a2a9-3b2659118e26,260,2026-05-03,output,3166.15,Compra en cafetería
4b7a0347-b350-4ac3-961a-7fba7a3a5973,285,2026-05-03,output,1837.85,Pago en restaurante
52bea355-19c9-4957-bfa2-81d9d2851455,357,2026-05-03,output,1721.54,Compra en panadería
d6cfd391-c2e2-457b-956f-1f3b1c7ff4b2,443,2026-05-03,output,195.41,Gasolina estación de servicio
970c9ea3-ad6f-46e3-9d9a-0444e58be619,508,2026-05-03,output,2681.1,Compra en cafetería
d6966dba-a14c-4f40-9f6d-ad7e5af6917f,101,2026-05-04,output,363.62,Compra en farmacia
ce3219dd-94dc-4f71-8854-90a662b4b648,127,2026-05-04,input,13456.43,Transferencia entre cuentas
4aab2bd6-4fe0-4331-81a2-c440bbf8c00b,147,2026-05-04,input,2064.87,Pago recibido de cliente
a530f2d2-04e5-41ed-aa71-420b4189e9bb,329,2026-05-04,output,1933.68,Gasolina estación de servicio
2860065e-b724-40fc-9d92-c84aff33dd8f,531,2026-05-04,input,14192.12,Transferencia recibida
c8663063-de67-412d-9cca-12c3daa64cc1,138,2026-05-05,input,2242.32,Pago de mensualidad
ef9dccd7-de15-4dee-9b9b-a45338fbf7ca,217,2026-05-05,input,919.41,Pago de nómina
aa51ff17-4771-4cef-bc99-4078d8e4d3f8,265,2026-05-05,output,4538.38,Pago de Netflix
e57d551c-e7c0-4ae3-9580-a4a2d9ed212b,155,2026-05-06,output,384.81,Compra en farmacia
a7c6811f-a4f6-4ad5-bb8f-18f8bbf3e769,191,2026-05-06,output,2967.03,Pago de telefonía móvil
1bee36e5-015a-47dc-9da3-c3aa08deb1de,342,2026-05-06,output,2638.54,Suscripción de software
ce84791b-4368-41c2-92c7-626a1401847e,500,2026-05-06,output,4492.46,Pago de internet
db2aa498-9b46-49d8-a2e0-204d827be7d3,538,2026-05-06,output,785.87,Gasolina estación de servicio
837d48f9-872f-4c6d-a946-ef7cbf85b040,180,2026-05-07,output,357.77,Pago de servicios públicos
12ec4c54-7ca0-4358-a63d-3e296ec59013,307,2026-05-07,output,4861.74,Retiro en cajero ATM
483065a3-6217-4aa3-9f06-bfded63bb953,490,2026-05-07,output,2623.63,Gasolina estación de servicio
df64a6f1-693d-4be5-a89b-873072c360e9,551,2026-05-07,output,4425.59,Pago de gimnasio
2cd72e2d-c1e2-4b81-a5d4-8db96d0e5b0e,122,2026-05-08,output,4727.79,Compra en panadería
3356104b-f627-47f5-bc4a-72179a3d09b1,199,2026-05-08,output,700.73,Compra en línea Amazon
f4190cb9-428a-4a1b-9091-c74a32ece752,340,2026-05-08,output,3402.38,Compra en ferretería
1001717e-a34b-43a4-8b3e-d0f1728b59f7,355,2026-05-08,output,3051.65,Compra en línea Amazon
953ffb5e-e7d0-4f64-a305-0d79a2e7bfcf,378,2026-05-08,output,3273.41,Gasolina estación de servicio
ffc06883-aa3e-424d-9b22-cb6ced844053,482,2026-05-08,output,4425.51,Pago de gimnasio
d420f3d8-a3e4-42db-85af-989046aa855b,210,2026-05-09,output,4459.77,Compra en Supermercado
04162d64-10b9-4498-bf1d-6cbabcdfeee8,221,2026-05-09,input,6588.1,Transferencia recibida
63804e13-2e35-45a2-8100-1b9d306f40eb,434,2026-05-09,input,8234.06,Pago recibido de cliente
026f610c-c378-4db9-b464-331eba7816ab,476,2026-05-09,output,321.82,Compra en cafetería
42a737a0-5fe4-4545-ae66-abee057d9d29,493,2026-05-09,output,3397.63,Pago de gimnasio
41051892-b7a5-44eb-99f3-e407af62f964,551,2026-05-09,output,4477.53,Compra en cafetería
88f4dcef-63ec-47ed-9e6b-c1adfdeedce6,559,2026-05-09,output,4471.51,Pago de Spotify
0d4cce5a-6d03-411a-b5dd-7973a442a048,199,2026-05-10,input,6476.61,Devolución de compra
0acc876c-d7e4-4b69-8f8e-9c505730491e,229,2026-05-10,input,9409.61,Transferencia recibida
95d1df63-abae-4675-98c3-9ca24ecbf51a,242,2026-05-10,output,3118.96,Compra en Supermercado
e6339aec-d7af-4490-bbe5-384b8c5cff9d,313,2026-05-10,output,1550.18,Compra en Uber
e07acd8e-2f1b-4a81-a3dc-05358572f93b,479,2026-05-10,input,14329.36,Bonificación bancaria
cdff638b-2861-4a2a-b6f0-dd6d8cfa2fb1,196,2026-05-11,output,3736.84,Retiro en cajero ATM
d68618b9-1c74-41e3-94a9-5812ea2cca81,381,2026-05-11,output,319.76,Pago de telefonía móvil
14064c3b-cea6-4b63-a4e9-2316e8dd40f8,409,2026-05-11,output,1601.66,Retiro en cajero ATM
80e05c32-690b-4f7f-b69c-31bce671e6ee,530,2026-05-11,output,2762.5,Pago de gimnasio
a28f7573-ec12-4f58-9584-3b77f85c74df,548,2026-05-11,input,712.04,Depósito en efectivo
1b12e195-51e7-4b63-a054-3fa80990e00b,182,2026-05-12,output,1668.73,Pago de internet
99e928e1-8e01-4210-b3b6-e93aaec95baa,219,2026-05-12,output,3811.44,Pago de internet
ad285ccc-8316-47c9-b519-7c7877081b3c,467,2026-05-12,output,1421.62,Pago en restaurante
39fa9718-c2f7-4bad-a6f9-2a1328b727fe,531,2026-05-12,output,3528.6,Compra en librería
6ae4577d-a848-471d-8639-044a5a0cb9a9,579,2026-05-12,output,4815.52,Compra en tienda departamental
b4df2974-08f4-44e4-810d-e8cb6040fd2e,183,2026-05-13,output,3931.14,Pago de internet
88c5a4ac-555c-439f-beac-276936b6766c,554,2026-05-13,output,4609.87,Pago de Netflix
0dd9a366-c795-40c1-ae4c-a2858377ff27,570,2026-05-13,output,1759.31,Compra en librería
9704eb5d-16c1-4326-9608-fc1842b6283e,182,2026-05-14,output,3441.2,Pago de Spotify
70e554d6-1c48-4164-93b8-d528423bc41e,188,2026-05-14,input,13863.81,Transferencia entre cuentas
64460c6d-501a-4ef4-a7b8-18ae0d83101c,285,2026-05-14,input,7028.15,Transferencia recibida
6beb5a2f-36f1-446d-aa00-f1bd42146775,335,2026-05-14,output,959.77,Compra en tienda departamental
f1ddd326-624a-448c-b833-64a0737aa743,361,2026-05-14,output,2787.59,Pago de gimnasio
28d50077-34e7-491f-92a2-166a0c3161b1,371,2026-05-14,output,3397.57,Compra en línea Amazon
94ac4723-cdb4-4a31-b36a-03c7cc6989de,372,2026-05-14,output,30.54,Retiro en cajero ATM
8400b1d3-7049-405e-b498-780f1d45fb17,405,2026-05-14,input,9673.78,Pago de mensualidad
5ecd8fb3-c084-41c2-b00c-e3322ed807c6,412,2026-05-14,output,495.1,Pago de telefonía móvil
203bd998-d957-4cda-888f-897a57bb74e7,499,2026-05-14,input,2554.08,Pago de mensualidad
26a8509f-4fc3-4b91-8064-1d71dccb1fdf,519,2026-05-14,output,1515.33,Compra en línea Amazon
de249b63-cb5a-45e0-8694-68e11739cb4b,546,2026-05-14,output,313.43,Suscripción de software
b6bf39d6-900c-45bc-a7bd-5ecdecff374f,139,2026-05-15,output,2576.99,Pago de telefonía móvil
315c090f-878a-4174-affb-4e87009d1c86,153,2026-05-15,output,618.86,Gasolina estación de servicio
52dab6be-ecce-477b-8a74-f53a435f8bb1,169,2026-05-15,input,575.82,input por reclamación
81a10542-3a94-4645-bbd3-b51bbc1f0716,404,2026-05-15,output,4436.03,Compra en farmacia
fad7dcaa-e3d1-4bb8-a9ec-af50ef568756,420,2026-05-15,input,281.26,Reembolso de servicio
5cfa0634-114a-48b1-9db6-9a01b98ff34e,480,2026-05-15,input,13968.92,Bonificación bancaria
d97ff059-822a-4d2f-b2c2-3e384f5f34e3,599,2026-05-15,output,3802.76,Retiro en cajero ATM
7076ae0a-d4de-4e5f-bb20-52d56e6eec2b,143,2026-05-16,output,2720.14,Compra en Uber
a1993b16-9051-4367-9dc2-fed31e804c93,157,2026-05-16,output,2060.99,Pago de internet
66dbbcf8-ac06-4ba1-b59c-00cf7e2a61fd,276,2026-05-16,output,825.82,Pago en restaurante
e08807ee-d2a2-4e77-b04f-a622acf789dc,392,2026-05-16,output,4826.87,Pago de Netflix
a0fae5e6-e9da-4583-be2b-8cd3be3c778d,466,2026-05-16,output,3525.26,Compra en farmacia
9519dd29-5741-48a4-949d-8a77953d6b5e,575,2026-05-16,input,8327.44,Pago recibido de cliente
d047ecbd-ef6e-48d9-a83d-c97372c3b4ea,122,2026-05-17,input,3682.16,Pago de nómina
c8e7b1f5-aa8e-4be7-a27b-f90f8790d838,137,2026-05-17,input,4228.93,Pago de nómina
26e03ab5-b466-41a4-a7b5-0056f25d9289,152,2026-05-17,output,1673.68,Pago en restaurante
c9577f4a-acfb-4902-964a-8911a6459ff6,164,2026-05-17,output,1827.97,Compra en Uber
60c62424-14f5-4811-b639-4dd3a63e7d0a,187,2026-05-17,output,4291.81,Compra en electrónica
541b99ce-6fab-45ed-be20-8f6aec1537ca,344,2026-05-17,output,4780.48,Compra en ferretería
032af71f-ef27-4d7f-831f-8530399acfb0,355,2026-05-17,input,10368.58,Transferencia entre cuentas
e9529256-fd35-49d4-9647-949e7039b85f,467,2026-05-17,input,4338.8,Transferencia recibida
39acaefd-16f4-4fd1-814d-ddf0b2b8798f,548,2026-05-17,output,1280.16,Pago de telefonía móvil
c1a91467-754e-4d65-b033-bb1e560968c9,599,2026-05-17,output,2066.9,Compra en electrónica
ae6d1eee-7c81-4d64-b61c-09a58d7563df,264,2026-05-18,output,1219.93,Compra en electrónica
6ce4c020-879b-4b3d-8106-829b25b7ab6f,273,2026-05-18,input,14691.57,Transferencia entre cuentas
43f76318-19b2-48c7-8768-905c8e87c759,400,2026-05-18,output,4466.91,Pago en restaurante
e42c15bc-336d-48ea-b263-509d01a1a5c3,492,2026-05-18,output,3471.79,Compra en tienda departamental
f56596f7-cb91-4195-8f8f-8f869f72f715,510,2026-05-18,output,1414.47,Compra en electrónica
ebc6f4ba-3882-4f73-a4df-635204f179ab,194,2026-05-19,output,1429.72,Pago de servicios públicos
b3583510-aec5-4078-97d0-ae088a8878ec,323,2026-05-19,output,1468.64,Pago de Netflix
3470de4d-7018-4900-9e16-ad514b0ad6a1,355,2026-05-19,output,2131.98,Compra en panadería
790c9a09-8935-49f4-b300-01478ccd089b,125,2026-05-20,output,4961.7,Retiro en cajero ATM
7da112c7-c9ac-4aa2-9f46-428850cddc8d,264,2026-05-20,output,2687.53,Pago de telefonía móvil
67499fbc-630d-4ea7-a459-887ba654a833,267,2026-05-20,output,4857.05,Pago de Spotify
7228c932-da1e-4069-89d6-5c2e3fce506e,477,2026-05-20,output,2262.4,Compra en Uber
6764f7e5-bd99-4da3-9811-c71db58f8622,485,2026-05-20,input,1067.11,Transferencia entre cuentas
74f80baf-adfd-452a-8335-aa9570d57730,577,2026-05-20,input,14473.02,Depósito en efectivo
757e41b5-3048-4a88-89c9-9699995926c9,218,2026-05-21,input,11189.44,Reembolso de servicio
35e7be92-8370-46e8-aff3-aa3fb448e803,255,2026-05-21,output,1475.39,Compra en Supermercado
543fd0ac-4061-42a2-aa19-b1ec0e5c61b8,258,2026-05-21,output,1264.78,Compra en librería
8163cca9-971b-4e14-a1f4-cc6a0465618d,295,2026-05-21,input,10245.07,Depósito en efectivo
269eccbb-9ce1-4ac7-8ff1-727d4c658187,106,2026-05-22,output,1085.09,Compra en librería
66848aa2-3879-48f2-92c6-3b20ef89b40c,158,2026-05-22,input,8346.09,Pago de nómina
d25b043d-7815-45eb-938d-fb10a5eba30b,274,2026-05-22,input,11275.52,Pago de mensualidad
3bb45130-e431-4c91-a10c-419f54cf881a,278,2026-05-22,input,1774.63,Pago recibido de cliente
7b78c3a0-cb86-48ca-a9f3-4eeeaf7738fc,300,2026-05-22,output,1482,Compra en librería
6f922f13-7a24-4f10-a020-1c6ebacd02f0,481,2026-05-22,output,439.85,Compra en Supermercado
e7bb871e-cc6e-4ec4-bac8-a17aa11a5db9,482,2026-05-22,input,4173.02,Pago recibido de cliente
f6506ff2-792d-4436-94f2-5efc465014c9,482,2026-05-22,output,3998.39,Compra en tienda departamental
ab82489f-5cbc-4ed7-89bb-636379c4afec,576,2026-05-22,input,12161.59,Pago recibido de cliente
37d50225-d191-4b31-91ae-7a88db30f042,591,2026-05-22,output,2195.59,Pago en restaurante
111153aa-b229-4632-b769-75a246968ab2,152,2026-05-23,output,3207.83,Compra en Uber
bc2caae8-9716-4ac9-8911-b5e005817ec1,167,2026-05-23,output,4630.82,Pago en restaurante
e7e53ec2-aa77-48e3-b96d-ef7a7737b557,223,2026-05-23,output,862.45,Gasolina estación de servicio
4b940df0-e52c-4ed2-a6b9-ccdaf919db18,231,2026-05-23,output,361.2,Pago en restaurante
acccaadf-dbf7-45e6-a816-e8f21b3cad6a,281,2026-05-23,output,386.29,Compra en línea Amazon
8fe8c321-e58c-427a-8460-e1367a2b5333,355,2026-05-23,output,3935.66,Pago en restaurante
4d373152-cd4e-42d0-9c24-f7669e0b0a2f,355,2026-05-23,output,1570.71,Compra en electrónica
da281050-d1bd-456f-9931-a1cdb7ea65db,357,2026-05-23,input,12891.61,input por reclamación
ee67a218-0096-4521-9bef-31b606201415,424,2026-05-23,output,771.92,Compra en línea Amazon
16805022-0631-483c-96cb-5c49cae73904,429,2026-05-23,output,11.86,Pago de Netflix
3d54a428-18dc-4b3d-919b-4447c11ded72,449,2026-05-23,output,4671.48,Pago de Spotify
cb809233-6035-4ac7-90da-1fa03abdd8bc,260,2026-05-24,output,1774.36,Compra en ferretería
26ad7379-d196-4d43-ae7b-38ce0d7a999a,358,2026-05-24,output,4229.32,Pago de telefonía móvil
43c1417e-4c6b-449e-941f-9fd4e3ba0efa,360,2026-05-24,input,14921.4,Reembolso de servicio
27ed3abc-ab2b-443b-ac6c-56944f8c2283,369,2026-05-24,output,3721.16,Compra en ferretería
9ec0e9b9-184b-41b8-a622-ddd7d3a7244c,530,2026-05-24,output,92.26,Pago de Spotify
13140656-052c-4061-92dc-4025868ea95f,102,2026-05-25,output,654.24,Compra en electrónica
c4d6f5fd-7b4b-48a7-ab10-4487ed936546,293,2026-05-25,output,968.52,Pago de gimnasio
abbeaede-97bc-4d8a-b1f0-ac2f67ec78d6,305,2026-05-25,output,3678.82,Pago de telefonía móvil
95255ae5-3dd2-418b-a649-7e49f3edde79,338,2026-05-25,output,1998.67,Gasolina estación de servicio
64e6c14e-8a32-4948-89e1-f5f9e3d4f673,143,2026-05-26,output,3532.07,Compra en línea Amazon
799db930-1b18-4280-aefb-7ed037fe36cb,166,2026-05-26,output,4722.39,Compra en cafetería
df412707-f770-4c09-b5d4-f69c65970bc7,322,2026-05-26,input,331.24,Depósito en efectivo
f9840013-685f-4f77-8cdb-64448104d05c,327,2026-05-26,output,3576.99,Pago de Spotify
d32e4f79-4574-44df-9324-9dbca39f410c,339,2026-05-26,output,4262.22,Compra en farmacia
2335a2d9-2ae0-4a3d-9d77-71c1371212b3,377,2026-05-26,output,4494.32,Pago en restaurante
a80094eb-aea6-44c5-b563-a33f993b13f1,403,2026-05-26,output,2946.45,Retiro en cajero ATM
3ac74eac-a8a1-40e1-ac4d-84f39d3c77e3,442,2026-05-26,output,1136.79,Compra en panadería
dfa74652-53df-40fd-8d41-372f57f71b8f,103,2026-05-27,input,559.24,Transferencia recibida
166f4a85-a2fb-447d-8af2-776c9ae54ac9,445,2026-05-27,output,4358.78,Pago de internet
bc5c8d36-a1c8-4585-9e74-04fff6fd547a,523,2026-05-27,output,3416.51,Gasolina estación de servicio
377ea203-b43b-4605-a33f-66b48fdc1e21,549,2026-05-27,output,2896.31,Pago de telefonía móvil
f0b46f44-3695-4787-aa8d-d5f51b32f76c,567,2026-05-27,input,7633.53,Transferencia recibida
6148e72f-9f6d-4c51-a2da-7ce9b7f753e2,594,2026-05-27,output,3056.23,Pago de servicios públicos
538066c6-3441-4e85-a1f1-5c9c27fbc53a,160,2026-05-28,output,452.23,Pago de Spotify
1ac13c32-8d6b-4bb4-98e9-82fe3fee1a29,284,2026-05-28,output,1355.4,Retiro en cajero ATM
f2d7dfe8-8eef-417c-8ac1-5bc5f82d5aac,487,2026-05-28,output,1324.89,Compra en electrónica
58197e90-96e7-4ffa-be53-eedeaad1ff45,542,2026-05-28,output,3609.25,Compra en Uber
63bda7e7-d6a8-4140-8efc-c3eb1072e7d5,131,2026-05-29,output,2505.89,Compra en Supermercado
67816c41-8f9b-4b13-af06-3f5ca9b5d09c,277,2026-05-29,output,991.03,Pago de telefonía móvil
92eed7a8-1294-4516-a0d0-14a50cd447f8,283,2026-05-29,output,870.97,Pago de telefonía móvil
95082f98-18ca-465d-9d5f-c94aaa1033a9,287,2026-05-29,output,4730.98,Pago de gimnasio
f8660828-da22-4fdb-8ba4-9d8426bd03dd,354,2026-05-29,output,1237.5,Pago de gimnasio
b0044dcc-29cc-44cd-ab3b-3a0814b4efd1,450,2026-05-29,input,5304.27,input por reclamación
9289321c-0982-4f11-adfb-5436ea05fae8,566,2026-05-29,output,2447.38,Pago de gimnasio
cfa3fcae-8364-4773-9d9c-d4d8baa728f4,589,2026-05-29,output,4363.42,Compra en librería
b9b01486-bc46-4854-b34d-e202ad84dba1,110,2026-05-30,input,12501.43,Depósito en efectivo
c87fb78b-ad1a-4220-a4a7-8e9c6c4016fd,121,2026-05-30,input,10008.47,Pago de mensualidad
fca18f26-a2bb-448a-bb32-3c62d54fa497,263,2026-05-30,input,8298.14,Pago de mensualidad
aba89356-8b01-4e27-8675-89918f97d7c8,276,2026-05-30,input,9142.69,Devolución de compra
f833e07f-6fd1-4168-8035-a919bb64af5b,307,2026-05-30,output,2109.75,Gasolina estación de servicio
0a3bc0ef-e1c7-4843-a151-bb82e597603b,368,2026-05-30,output,4941,Compra en librería
9b510615-2c90-4af2-b49c-2079392c8edd,411,2026-05-30,output,236.12,Compra en Supermercado
13fb4a8c-d7f0-43b5-abe9-bcd0946f9e95,448,2026-05-30,output,3120.78,Compra en línea Amazon
06e9c786-f9fa-43aa-a53e-1ea79f0e6a52,510,2026-05-30,output,2382.37,Pago de servicios públicos
29f309bd-c2dd-4ca9-8a40-485b7a4255a5,547,2026-05-30,output,4334.63,Compra en Supermercado
6ef385bc-fdc8-4019-937c-850c4bb4f50d,552,2026-05-30,input,5797.48,Transferencia recibida
d731ccff-0f87-4df6-a3ce-2b18260f5c4a,596,2026-05-30,output,3383.85,Compra en línea Amazon
6beb4c00-ef99-4fdb-b035-470e8b4ce7d2,182,2026-03-01,output,47.5,Compra en farmacia
dc3ee68a-00da-40f1-907b-a9ca170b93ae,253,2026-03-01,output,4120.28,Compra en Uber
04e76f97-a1c9-430d-a937-8029e00b524d,315,2026-03-01,output,3521.42,Suscripción de software
344da2c7-2a54-4c2a-9338-94295ab0da0f,328,2026-03-01,output,2305.38,Compra en tienda departamental
4ccbd440-d6fd-4eb9-bf87-59c2ffafd0d9,405,2026-03-01,output,547.56,Compra en electrónica
810ed511-7e41-4c84-bc51-ae1c9143a735,104,2026-03-02,output,3802.87,Pago de Netflix
b50b1f83-36b0-4406-bd01-e4707fd5280d,114,2026-03-02,output,298.88,Compra en cafetería
3c986266-ff35-49d4-ba33-10531d2470d2,125,2026-03-02,output,4302.18,Suscripción de software
eb225e30-e382-4b59-b101-b724ee0c43dd,143,2026-03-02,output,1592.76,Suscripción de software
2ba4a59e-97b3-4fa7-9a0f-7101eaa449c8,147,2026-03-02,input,337.02,Pago de nómina
8da1b259-53ab-4a80-ae8a-821099512595,193,2026-03-02,output,3585.47,Gasolina estación de servicio
19634afd-44e6-4559-b6e8-37bd6f0d9f06,323,2026-03-02,input,6925.38,Depósito en efectivo
ad8ef042-b477-42b9-af83-b5e0500241c2,457,2026-03-02,output,2610.31,Pago de telefonía móvil
33bea4c8-8b55-48d9-9b96-50487b599747,141,2026-03-03,input,7733.73,Depósito en efectivo
d67e5c50-56c9-4531-879f-09ac70a11cfb,161,2026-03-03,output,238.48,Retiro en cajero ATM
d4931f74-304c-4374-a1f8-6cd0773c0410,188,2026-03-03,output,839.05,Compra en Uber
6329463b-0c68-4a7c-8104-80bd9112bc9c,222,2026-03-03,input,3088.2,Reembolso de servicio
64bfe3d3-5a52-43cc-a927-a327d06a10db,395,2026-03-03,output,2637.31,Pago en restaurante
ed83ec23-46e8-4f51-89de-9bc289eaf274,418,2026-03-03,output,657.58,Retiro en cajero ATM
c6b530d7-c22d-4aa6-b3e0-fa774e13c065,491,2026-03-03,output,4692.17,Gasolina estación de servicio
79efd1c5-aa73-491b-acf9-5062772fc39a,167,2026-03-04,output,3227.63,Compra en cafetería
c554ceab-7935-44fa-9915-57882190580c,207,2026-03-04,output,1274.5,Compra en panadería
302c62c2-b502-44fb-95c6-b1bfa4734ab3,264,2026-03-04,output,3343.24,Pago de internet
d8597260-e1ba-4600-a85d-82fbd2220a6c,319,2026-03-04,input,7749.74,Bonificación bancaria
3a0cb9d2-5936-4227-8674-c21d3da86cdb,342,2026-03-04,output,4173.14,Compra en electrónica
facacfed-4226-4c37-9272-8a6740b3b7d2,426,2026-03-04,output,2955.06,Suscripción de software
90eba519-5fbd-430e-b6cd-993169e82d03,461,2026-03-04,input,10642.72,input por reclamación
89379950-2771-482f-be7f-4ba2139ec377,564,2026-03-04,input,10641.86,Reembolso de servicio
933c7f99-dd60-41ee-b615-811e9c1552b7,153,2026-03-05,output,3880.34,Pago en restaurante
ed164f90-d4eb-4759-9482-f49ef640a87d,244,2026-03-05,output,886.66,Compra en Supermercado
7fe2d63e-c298-43b5-bab3-20b94c0fb9df,256,2026-03-05,output,4482.3,Suscripción de software
563b894d-fb14-444a-a612-8a323e2e806b,433,2026-03-05,output,2275.39,Compra en farmacia
9aed1e7b-3586-4a31-b9d6-1d11643793cf,495,2026-03-05,output,3869.04,Compra en Supermercado
d33d0486-eb8c-4de8-9339-f879bb7e0b6f,556,2026-03-05,input,2894.48,Bonificación bancaria
4f9bc92f-b3ed-42a2-8d0b-b235371f1034,161,2026-03-06,output,2680.19,Pago en restaurante
71837e48-9962-400c-bb9a-93294b3880c4,298,2026-03-06,output,4567.31,Compra en farmacia
5013ea0d-4dd6-4fa0-99c4-d5ebc2b98634,376,2026-03-06,input,13997.91,Depósito en efectivo
7c53f95b-cfaf-4184-ac4f-49d87a327de2,183,2026-03-07,output,1785.71,Compra en ferretería
aa49b724-1186-4153-80ed-df9ad2f92f50,185,2026-03-07,output,4494.19,Pago de Spotify
5b4ad02d-d00c-47e5-a8d2-de087f25673e,195,2026-03-07,output,3254.47,Pago de internet
6bdcce04-39be-4754-a162-af1f8b6544d1,219,2026-03-07,output,2868.26,Pago de Spotify
af83aaf5-bd53-48ef-96ea-48d05312fec5,438,2026-03-07,input,9470.72,input por reclamación
55b38f01-b2f5-443f-a627-c2c2538c63a0,483,2026-03-07,output,992.53,Compra en electrónica
bc410100-3b71-40ed-9559-37742db1de2c,198,2026-03-08,input,14427.4,Devolución de compra
cbe2ac2f-973d-4ea5-926c-78ce2031b21d,231,2026-03-08,output,3669.18,Compra en línea Amazon
33d676dd-5e19-4a2f-bf6d-6ac0bf051e23,307,2026-03-08,input,897.76,Pago recibido de cliente
6495690f-d448-4c8d-a022-56305b6f900c,351,2026-03-08,output,3795.23,Pago de Spotify
e726aefb-606d-4615-8c45-1008577eb47f,375,2026-03-08,input,5706.36,Bonificación bancaria
c68d6d74-2e83-4c97-89da-c4897ed65199,421,2026-03-08,input,7805.99,Pago recibido de cliente
1d3568e0-e3b7-423b-8b3a-e9f3e13cbabf,461,2026-03-08,output,1027.04,Pago de gimnasio
b8a3e0dc-a504-44d3-8715-aa0f6a592d85,462,2026-03-08,output,4252.2,Compra en cafetería
9b2f2cc1-e9c5-4684-be1a-1e2c9b2ab2b0,229,2026-03-09,input,921.36,Pago de mensualidad
9e1c0f64-2e01-4dfc-9cfa-a78aaeff6b55,235,2026-03-09,output,2668.86,Pago de Netflix
e2ea5a73-b065-4649-86e4-efaa8faa6de4,370,2026-03-09,input,780.23,Bonificación bancaria
b6b1fb74-2acd-4d74-96a2-d92a12e3cfec,551,2026-03-09,output,4783.74,Compra en ferretería
bff0999e-1f78-4dab-9852-b4137af96ce2,590,2026-03-09,input,1227.77,Bonificación bancaria
50723b6d-3b8d-43df-9439-3ebdeb6bf02a,102,2026-03-10,input,762.31,Depósito en efectivo
01972eef-4c2e-4da2-99b4-61a219014a4a,193,2026-03-10,input,4099.32,Bonificación bancaria
eabd23e8-43c3-4a82-9bf6-2a50c44457f5,223,2026-03-10,output,1539.27,Pago de Netflix
e9397b15-fc71-43cf-88b7-4829b1be0a99,287,2026-03-10,output,1374.76,Compra en cafetería
104f59a9-4269-4340-9591-609dc4d02bee,472,2026-03-10,output,1558.78,Compra en farmacia
4bbd1924-c3af-4566-8fa8-645968cdea83,125,2026-03-11,input,11224.71,Transferencia entre cuentas
b4490332-38f2-49b3-b135-c9fc854961c8,194,2026-03-11,input,11679.15,input por reclamación
276709e8-cdb7-4439-b456-a5cea6ea1103,264,2026-03-11,output,4479.47,Compra en librería
a2192fa4-0b27-431d-b13d-cb9f5437972b,312,2026-03-11,input,1481.94,Pago de nómina
27cea06f-70e6-4dc0-af1a-2e8ffe8b20bd,318,2026-03-11,output,3168.97,Gasolina estación de servicio
bb3e844a-d716-4d20-9452-6ccfd428ab85,459,2026-03-11,output,1568.97,Compra en farmacia
d90d0387-ae72-4b58-863d-219946bf55e5,504,2026-03-11,output,755.43,Compra en farmacia
d9b6a1fa-25ae-4f29-ac30-b7e88a1f4fc6,559,2026-03-11,output,969.24,Compra en ferretería
12511967-1490-489a-a666-a2831ffe170f,559,2026-03-11,input,1622.63,Transferencia recibida
ddace521-3506-4cb1-87ca-12ddfc536111,109,2026-03-12,output,4324.56,Pago de Spotify
5f38c904-2cf4-4080-8f10-7597d2ab1fc3,233,2026-03-12,output,3402.1,Compra en librería
2a8a1a63-e4ba-4000-a850-a7f4fafa380a,297,2026-03-12,input,10506.26,Depósito en efectivo
e113d682-92dc-4307-8e9b-fedf72a5572b,402,2026-03-12,output,1909.67,Compra en panadería
32578b6f-f1bc-4364-9e7b-5e1272f82e76,435,2026-03-12,output,3828.89,Pago de telefonía móvil
8a494de2-38a3-41bf-9fe0-13ab4b636b5e,596,2026-03-12,input,7107.13,Reembolso de servicio
15ccc133-837b-48f5-8f5d-a4003b20f94c,156,2026-03-13,output,2680.63,Pago de telefonía móvil
d211bb42-3a81-4a42-9afb-815ce53b9206,419,2026-03-13,output,3988.87,Pago de servicios públicos
bfc37dcf-0445-4beb-820c-24fb0566f45d,514,2026-03-13,output,4628.25,Compra en farmacia
f61c9bae-985a-43ae-a46b-0d8e796c9e1d,178,2026-03-14,input,12024.42,Depósito en efectivo
7a6f3a93-ed10-45c8-95dd-0b6102163d5f,194,2026-03-14,output,735.91,Compra en librería
70c64e14-780f-4954-a354-b07eeca8acd1,362,2026-03-14,output,2396,Compra en farmacia
1b3fcbbc-6e9b-400d-b727-7d51ab6dd4d9,457,2026-03-14,input,13628.92,Reembolso de servicio
f73f1617-48a7-4ff2-be19-a114524865cd,535,2026-03-14,output,3724.72,Compra en tienda departamental
d744dfd7-ee10-4d89-a496-016c9d1d5e20,556,2026-03-14,output,1775.25,Pago de Netflix
7ccbb01a-ef4e-44e3-abc0-9b02e9c8da2a,173,2026-03-15,output,2397.67,Compra en línea Amazon
24adae5a-ebf1-4520-904f-7d2edd1d0ae7,235,2026-03-15,output,3853.58,Pago de Spotify
9ed871a6-367f-4cb3-a4ba-cdc0a19ca135,303,2026-03-15,output,925.18,Retiro en cajero ATM
4f1c574a-f415-431a-b4f7-624e387c7bff,360,2026-03-15,output,1872.91,Pago de internet
253b03cd-5e68-498a-90de-38c933ed355e,360,2026-03-15,output,1642.64,Pago de gimnasio
738d6da1-923a-4f0a-8426-68d9f8fc9049,436,2026-03-15,output,1883.87,Compra en farmacia
c8dce4ff-d622-4f04-8877-54efd8146870,497,2026-03-15,output,1402.29,Compra en ferretería
69bdbfbe-4222-459e-927a-d2e2fa47bd77,561,2026-03-15,output,4284.94,Suscripción de software
2f4d3a42-0bbb-47f1-9be6-19bff99652c3,595,2026-03-15,input,9886.58,Pago de mensualidad
351370d3-8871-4b00-b65e-53ea8b87508b,459,2026-03-16,output,2416.54,Pago de internet
4c5b5f2e-cfb4-4491-a1c1-ee9999138d6a,467,2026-03-16,output,4709.22,Compra en Uber
15a24464-0a25-47eb-954d-32fc8e8e8a61,544,2026-03-16,output,2208.89,Compra en línea Amazon
4a40d9ee-b7b8-4334-bead-c2e97bc2a876,598,2026-03-16,input,13346.63,Depósito en efectivo
8464fb3b-9d4a-4ab9-a031-57bc9d3bda9a,116,2026-03-17,output,2270.43,Compra en línea Amazon
6cdec3a7-408a-4ba7-ad61-0afc779c2fe1,154,2026-03-17,input,7721.39,Bonificación bancaria
d6bf8a5a-4647-4df9-b95c-81abc91bffa7,455,2026-03-17,output,3554.84,Compra en farmacia
d1ce573d-7ac5-43c8-8afc-e902776a7e01,513,2026-03-17,input,165.79,Devolución de compra
0dcaf485-ca9a-41a3-af35-b471dd72c898,547,2026-03-17,input,8679.91,Transferencia recibida
b6f59a2f-37d8-4aa7-8793-4bbbf3c92f53,576,2026-03-17,output,173.76,Pago de Spotify
321814d3-6dfd-4460-9477-1f95d306295b,583,2026-03-17,output,3143.19,Compra en Uber
af663b6f-67f5-40d4-bcac-b84eff45ce31,135,2026-03-18,output,4039.76,Pago de gimnasio
90487b6c-83bb-4834-8945-fda6208dda06,246,2026-03-18,output,3131.27,Compra en electrónica
f3cf51b5-6934-40cb-97de-e02882336560,356,2026-03-18,output,572.62,Compra en ferretería
9d1d390f-21a4-4e87-9f8a-8bd4361dedae,434,2026-03-18,output,3846.28,Retiro en cajero ATM
935548de-b462-4a37-8e4c-4d3cbe152d13,447,2026-03-18,output,1849.36,Compra en ferretería
42097bdd-faf4-4fec-af77-1494f454ffb7,170,2026-03-19,output,4105.86,Pago de servicios públicos
0eeac22b-ee31-412d-b936-76c0aab514c8,309,2026-03-19,output,2846.19,Compra en panadería
f20ac056-ba99-4d36-b30b-90db339b6d27,417,2026-03-19,output,3616.36,Compra en línea Amazon
b46dad62-16d6-4e75-895f-06956b85686e,471,2026-03-19,output,393.35,Pago de telefonía móvil
bb912f2f-eeed-4088-85ba-c3ece0b40520,534,2026-03-19,input,10794.17,Pago de nómina
e74915b4-1135-407d-a970-fd2c4f78cb8c,184,2026-03-20,output,4651.71,Pago de gimnasio
94fcbba3-4dfb-4e5b-ad22-4848d4b18dbc,306,2026-03-20,output,3792.84,Pago en restaurante
aa5db66f-9fbf-4213-9a20-54e0ef039005,424,2026-03-20,output,1614.08,Pago de Spotify
f94bb12e-fcdd-47f6-88f6-ca003946ce4e,431,2026-03-20,output,4611.1,Compra en farmacia
dbeba2c5-f6e7-4078-931b-36598ec3594f,563,2026-03-20,output,1135.42,Compra en tienda departamental
070e71e0-68d8-494a-9d0f-f3f48f502647,188,2026-03-21,output,4353.38,Gasolina estación de servicio
3d7b295b-4c52-49e3-af22-a69507efc7a4,407,2026-03-21,output,4563.14,Compra en cafetería
cf2c20c7-fbbc-4e49-ad54-2438f5c705f7,424,2026-03-21,output,1924.9,Pago en restaurante
e97482eb-78f0-4548-8be0-db371af89146,539,2026-03-21,input,9824.97,Bonificación bancaria
89d3f103-ad80-4520-be4a-9fc909753b6f,579,2026-03-21,output,4879.25,Gasolina estación de servicio
4c3cf32a-3f29-4496-be70-b70aef51e280,110,2026-03-22,output,4068.03,Compra en Uber
b8169e48-df7f-4f4a-a777-5817508d480d,118,2026-03-22,output,3605.4,Compra en cafetería
5ae8bdc6-e927-4188-94a5-48420a8742df,214,2026-03-22,output,888.95,Retiro en cajero ATM
89d7134b-50e4-4525-b6d8-29c6cdf4ceaf,257,2026-03-22,output,1125.98,Compra en Uber
0dcc9379-5688-44eb-95bb-907593bff049,286,2026-03-22,output,3208.6,Pago de servicios públicos
f07b45f1-0a74-499a-8edf-61c7fafafff7,372,2026-03-22,output,4212.16,Suscripción de software
1597c896-b17c-4989-a54f-5f41e39569fd,565,2026-03-22,output,1087.44,Compra en Supermercado
0bff760f-6a3c-45d9-b2e4-433382c19925,585,2026-03-22,output,3741.11,Compra en panadería
e930bd7f-fbf2-4563-8232-9ba8b35e207f,132,2026-03-23,output,166.03,Pago de Netflix
2feb256d-fdcb-48c4-a2f1-f902ac80aeab,133,2026-03-23,output,1456.08,Compra en cafetería
92de1e69-dce8-40e1-ac6d-b305d8a6e8c4,159,2026-03-23,output,4362.85,Pago de telefonía móvil
94da9bc6-5112-418d-91e6-0d103510105c,365,2026-03-23,output,4279.56,Pago de Spotify
a1fcecfe-5808-4d1b-907f-879ddfe356d4,483,2026-03-23,output,2017.85,Compra en ferretería
44bb775b-cf56-47ea-939f-f2bf8f7b2212,509,2026-03-23,output,222.53,Suscripción de software
4cc15354-7c73-4290-83ba-1cb6622a0324,543,2026-03-23,output,3577.87,Retiro en cajero ATM
8aad924b-dce5-4b59-aa11-fbcb75c1549a,552,2026-03-23,output,3214.63,Pago de servicios públicos
3164edd2-3d76-432b-8c5d-f41a155c5688,577,2026-03-23,output,189.87,Compra en librería
658df55f-8ece-432a-ba29-99f1b94039ab,597,2026-03-23,input,2168.89,input por reclamación
ea9fed94-d66f-4d9c-bf2c-276985dfd9a2,250,2026-03-24,output,2391.94,Compra en Uber
c199ee3c-cc40-4b24-9dc0-c64c76f51495,260,2026-03-24,input,12075.64,Transferencia recibida
76fa5a65-51de-4cfc-8b5f-e3d189db9b1c,273,2026-03-24,output,3734.7,Pago de Spotify
db542345-8147-4d2c-bd34-645e29c22ae3,591,2026-03-24,output,2404.08,Compra en tienda departamental
ec9c5dd7-0c38-438a-88fa-ebe73a715466,203,2026-03-25,output,4918.83,Compra en tienda departamental
10e469d0-82d8-447d-b048-f5acae525a10,236,2026-03-25,output,1571.76,Compra en cafetería
b36bf6ab-1782-4c10-acc9-0a5f18fc59a5,279,2026-03-25,output,4245.83,Compra en farmacia
02977b5d-3605-41ca-bac6-a8a619fa91e5,283,2026-03-25,output,2769.33,Pago de servicios públicos
254328b6-be17-4089-aa39-7a498c7c776d,386,2026-03-25,output,2024.65,Compra en panadería
dc8cfc67-f239-4540-a9e9-a733a34a6a16,391,2026-03-25,output,21.87,Pago de internet
631c1877-e448-44a0-887d-175ab5f202ef,417,2026-03-25,output,4048.77,Compra en Uber
86393f56-b6eb-4937-bd83-3fd174d90566,419,2026-03-25,output,2919.44,Pago de internet
2fa82549-5047-4bb9-8038-201e7bd59f38,514,2026-03-25,input,8403.09,Transferencia entre cuentas
656c05d0-277f-421e-ad99-fe5cf3cdaefe,530,2026-03-25,output,2279.34,Compra en panadería
e6c0d057-d2ed-4044-846c-9d278bc0c2dd,551,2026-03-25,output,3928.75,Suscripción de software
9cdac181-0d3c-4445-b215-0f64c1b66a76,556,2026-03-25,input,12978.06,Transferencia entre cuentas
41f41bc3-6516-4cfe-ac1c-e3671abda79f,579,2026-03-25,output,3893.6,Pago de servicios públicos
15137b63-10dc-4041-9b49-9f4cae2e6294,104,2026-03-26,input,8376.07,input por reclamación
e434334a-51f8-4726-9429-70af68da5bfe,123,2026-03-26,output,787.9,Compra en farmacia
dee0f2d5-1bad-4f7f-959f-c83af2ef023d,237,2026-03-26,output,3863.66,Compra en electrónica
f491f352-3ab2-4937-85b5-6977669006b6,270,2026-03-26,output,4250.56,Pago de telefonía móvil
e25c0de0-19e9-470c-99e9-a8ddaefe759b,281,2026-03-26,output,1648.44,Gasolina estación de servicio
18e88fee-2406-4932-901b-0388261eb2ae,340,2026-03-26,input,13336.39,Bonificación bancaria
5cdd1a05-3966-40d4-9d1d-a19451f3a27c,343,2026-03-26,output,1499.69,Compra en línea Amazon
30f38f9d-47e1-4c86-869b-0c00c88227f8,113,2026-03-27,output,577.58,Pago de gimnasio
62560b89-de75-405f-8620-bbe9b557828b,194,2026-03-27,output,4643.11,Compra en línea Amazon
4a0bc5d4-15f2-44d0-a79f-181d7583f3d6,292,2026-03-27,output,3876.54,Compra en librería
24632a09-b292-46ea-a1e1-635ad0ce7050,304,2026-03-27,output,2076.72,Pago de Netflix
d71aa84e-339c-460b-9831-eb9a7e335e17,393,2026-03-27,input,7743.45,input por reclamación
8f5302f7-8493-4352-ad6f-1e8aaabf240a,422,2026-03-27,input,9093.7,Bonificación bancaria
d9c40f79-9198-4b45-94ff-451a025d4637,119,2026-03-28,output,894.37,Pago en restaurante
8b111979-1b30-4535-86d7-12c9f0dd5f31,205,2026-03-28,output,507.02,Pago de Netflix
71327935-7f17-4b6a-9005-5e885f234563,447,2026-03-28,input,11468.42,Pago de nómina
317fbaea-e3a2-43bd-8aee-3bd60ffc925f,460,2026-03-28,input,351.07,Pago de nómina
ba6384f4-90ef-4b5a-bef4-0c9b4eff6d23,186,2026-03-29,input,12725.51,Pago de nómina
7c7c149a-f048-447b-babd-d3aa121b28b5,316,2026-03-29,output,1640.03,Compra en panadería
8ac31cf6-4795-4172-90a9-2bbebcf98a37,424,2026-03-29,output,4937.65,Compra en ferretería
b43d7e89-626c-4adf-8b92-77feb0c5b762,435,2026-03-29,output,1588.9,Pago de telefonía móvil
cc515d58-0096-43aa-bc3e-8ded4bc855a6,565,2026-03-29,output,29.4,Compra en Supermercado
b9bf4c24-525c-4364-ae97-e4aa19cfe17e,213,2026-03-30,input,8804.94,Transferencia entre cuentas
0952cba2-3dd3-4ca3-93a9-c09c6ab39542,305,2026-03-30,output,2516.97,Compra en electrónica
a2ab9643-afae-4701-be8d-dc71ddc3adbe,375,2026-03-30,output,107.99,Pago de telefonía móvil
fcae2419-ed85-4216-8eb6-2fc522ce6df5,377,2026-03-30,input,11999.67,Pago de nómina
b6173f1d-3db0-478c-831a-ba2ad270b360,409,2026-03-30,input,9437.43,Pago recibido de cliente
06e982c3-ab00-473e-b4cc-ecc9e4a366e7,416,2026-03-30,output,4658.67,Compra en Supermercado
985d9734-162c-45fb-b9d6-c35966bb99eb,105,2026-03-31,input,11486.69,Devolución de compra
b2663364-49ec-4f4b-ba8a-c2896f663f56,456,2026-03-31,input,7134.25,Depósito en efectivo
c83c75cb-e163-4c4c-8ede-7874d33e0b74,487,2026-03-31,input,2369.65,Devolución de compra
f81db4d6-5317-441a-813a-52e9274f7472,547,2026-03-31,output,1148.96,Pago de Spotify
45b11336-2fd7-4c0e-9b44-b229d8ddc8c8,267,2026-01-01,input,5408.2,Depósito en efectivo
aa190a65-35c2-4298-8789-ffc36c3c0370,369,2026-01-01,output,4923.6,Suscripción de software
5108ad68-47d5-4a4f-b451-12796d8f33c0,196,2026-01-02,output,2918.52,Pago en restaurante
5f4013a4-8ac4-45be-8c4d-d135c79a774d,353,2026-01-02,output,3680.31,Pago de gimnasio
94d3269f-4303-4d7d-9a0c-c667f027bf9a,383,2026-01-02,output,4438.68,Compra en cafetería
cb531249-05f6-48b9-a832-99ce85f7b232,429,2026-01-02,input,7955.26,Transferencia recibida
6622feb0-a97c-4fec-95ca-22ce00b99d18,514,2026-01-02,output,52.47,Compra en electrónica
065b8b06-3f43-4a64-9ffc-7381e91cd1bb,574,2026-01-02,output,859.08,Compra en panadería
00b5d9c1-b840-4b93-8dd7-83ee30fbaef1,101,2026-01-03,output,2376.32,Pago de Spotify
6b30095b-19ca-48b0-be19-c54ab4634174,109,2026-01-03,output,2585.43,Compra en línea Amazon
138da8c3-4b33-46a9-b6f3-572c995c5105,123,2026-01-03,output,4147.39,Compra en panadería
100b833f-4e81-48ab-b2a2-ce3241b8a0d0,131,2026-01-03,input,1861.88,input por reclamación
6759e5d5-652a-469e-a661-74b756cca70e,343,2026-01-03,output,1812.59,Pago en restaurante
e3b276a3-5f86-4f02-93f0-c2db1a983176,348,2026-01-03,output,3531.14,Pago de internet
68e9b4b5-83d8-4680-aaf7-fafd63cf74e2,413,2026-01-03,output,780.52,Compra en cafetería
1a754d2f-889b-4a29-88db-91ce83281f82,413,2026-01-03,output,3273.03,Compra en Supermercado
a798c7fc-8718-4603-b706-66c4a43e34d3,420,2026-01-03,output,1330.3,Compra en Supermercado
e036f4a7-d5ee-4e54-961f-23f6f0a32320,482,2026-01-03,output,3734.88,Compra en cafetería
076d1fe6-7f7b-42a0-bf60-99a2790e6a71,500,2026-01-03,input,6117.48,Reembolso de servicio
7d940f59-01c9-4450-af41-6805571d8f11,288,2026-01-04,output,3185.38,Pago de servicios públicos
f08e9f50-3508-47a3-a567-b39052a08f28,528,2026-01-04,output,212.33,Compra en línea Amazon
9933ae49-f1f5-4c08-b9bb-0b33ae521d6c,177,2026-01-05,output,1281.8,Pago de internet
3a752d26-2eca-40ec-a913-af1b58fe565e,482,2026-01-05,output,3972.2,Pago de servicios públicos
a0af0a76-7b52-476f-9609-c28a69cb707d,147,2026-01-06,output,2831.93,Compra en electrónica
308b6cbb-66c4-4395-b0d4-2dd67d29adff,226,2026-01-06,output,2914.31,Pago de Spotify
3ff0301f-371e-4755-8649-2606ccda6a88,266,2026-01-06,input,10024.43,Pago de nómina
b00ba9fa-a334-442d-817c-dec933fb3747,283,2026-01-06,output,1280.63,Compra en tienda departamental
ca0dffe7-518b-4276-85ab-75bb618d0ead,420,2026-01-06,output,193.8,Compra en librería
0862c3ab-1cf7-4fd9-8e8b-dd02abdf3740,467,2026-01-06,output,4047.35,Compra en Uber
4b6c5aa2-3cf9-49c0-aa8d-cdebf973a185,169,2026-01-07,output,3682.95,Compra en farmacia
93a5453c-5e1f-4d21-aa9e-dd1cbfa04e2e,563,2026-01-07,output,4612.76,Compra en cafetería
c14ab62d-be64-44da-b1c9-40cc32b4f968,581,2026-01-07,input,11607.84,Depósito en efectivo
e5d78b3a-0b6f-41c7-a13b-8893d63d2a8a,284,2026-01-08,output,208.77,Gasolina estación de servicio
9288ef0b-8041-46da-aae4-4634245e49d7,293,2026-01-08,output,2453.76,Compra en Uber
67ed0a38-300c-4fb9-813d-9607674fb018,364,2026-01-08,input,1503.71,Devolución de compra
2854e42e-56b3-4c31-a279-954940dd3a89,434,2026-01-08,output,1893.69,Compra en Supermercado
ba10ea5b-0bc5-48c4-9659-dab513a00d3f,561,2026-01-08,output,2122.1,Compra en librería
3da7f4c0-1f14-4120-aebb-2d7813461418,403,2026-01-09,output,2416.67,Pago de Spotify
ff38621b-96f3-47da-b7bf-f9b86accebeb,426,2026-01-09,output,130.02,Pago de servicios públicos
b67a3dc0-0665-4cc7-9da9-0f8f71ce4c6d,234,2026-01-10,output,2483.42,Pago de gimnasio
c9192c20-92be-43e6-904b-41d9aa821674,290,2026-01-10,input,1713.49,Devolución de compra
774a8c40-55f2-4e1b-a4ca-f0b90ef41243,383,2026-01-10,output,4789.44,Pago de internet
8a6a1880-4d78-46ad-a522-876e2ad2a5fd,456,2026-01-10,output,3707.23,Pago en restaurante
7aa10f68-77c9-49dc-9129-dd77ea9d255d,459,2026-01-10,output,3007.69,Pago de Spotify
96047ed9-5bc2-4ef9-babb-2dbe2d831ffe,245,2026-01-11,input,5359.48,Transferencia entre cuentas
50525ed5-7847-49a9-937d-df0dacda3825,429,2026-01-11,output,332.95,Compra en tienda departamental
a5087e44-2b14-4d5a-bbab-27cce27dce62,549,2026-01-11,input,6125.2,Bonificación bancaria
cf32de6a-1ad2-42a5-b7d2-063ae004f89f,117,2026-01-12,output,3138.6,Compra en ferretería
2cab12c2-1f5f-4bdb-bba8-7978a438c18c,390,2026-01-12,output,2063.53,Compra en librería
3b2ba300-a97f-4963-8029-18e502ce0c18,438,2026-01-12,input,5493.33,Transferencia entre cuentas
4e763e78-ca12-4578-83be-0643d16dbfdd,503,2026-01-12,output,2860.07,Retiro en cajero ATM
95b1ad3c-ce9e-4b76-b951-bf0274a2d2cb,557,2026-01-12,input,7689.85,Transferencia entre cuentas
bfb3d324-7904-43a7-a806-867f436ba31e,136,2026-01-13,output,3100.99,Pago en restaurante
592f0f68-e645-4db0-8c05-279ee9044ac4,178,2026-01-13,output,1358.44,Compra en Supermercado
fa6406f2-c9eb-4c06-b382-4020c8dca5dd,194,2026-01-13,input,11405.87,Reembolso de servicio
2822e052-c6c1-4ac7-981f-86df6bd247ef,308,2026-01-13,output,2942.35,Compra en panadería
9f66d372-7ab9-4adc-ae77-0c00e130b2fe,340,2026-01-13,output,3430.49,Compra en ferretería
bd8a76e9-57c3-42a1-9a89-706f9fb098f2,345,2026-01-13,input,14830.26,Depósito en efectivo
534ee8d2-7077-4a21-8a07-d0d0ded08163,346,2026-01-13,input,7516.32,Pago de nómina
64d86d03-c8e3-4f57-be04-541c839563ee,367,2026-01-13,output,4811.81,Compra en electrónica
c1f9ae35-98e5-4a8b-8ae8-9fad744c72fb,396,2026-01-13,output,2030.55,Gasolina estación de servicio
a9ea6902-3771-4524-9481-0799f98d1b30,154,2026-01-14,output,4455.7,Pago de Netflix
e5f8b32d-dae4-49f9-8550-0899be468947,209,2026-01-14,output,2979.56,Pago de Spotify
04c18d84-27d8-460d-b9c8-18d0e6402b61,448,2026-01-14,output,3008.12,Compra en Uber
a28dc7f5-fe22-4841-9441-804acbfbc45c,409,2026-01-15,output,1328.78,Compra en panadería
fcda89cb-a4c2-4cbc-a6bd-cf4e5d371542,536,2026-01-15,output,4650.24,Compra en cafetería
bec71c4e-1afc-4b35-903c-4e8bc868930f,552,2026-01-15,output,141.78,Compra en electrónica
6604f4cb-0f2b-4ad6-82df-07ed3bd51dec,567,2026-01-15,output,3559.05,Compra en Supermercado
aa4d08ac-d2af-416f-ab6c-d3ee1af593ea,567,2026-01-15,output,1272.93,Compra en Uber
ba2bb54d-6ae7-4e95-a038-cfebeaa27d6a,253,2026-01-16,output,3528.81,Pago de servicios públicos
3bac3624-55b7-40e7-8272-44c222ff25cb,337,2026-01-16,input,6778.96,Devolución de compra
5507f282-c70b-4679-84da-0740cfec5e54,425,2026-01-16,output,3238.98,Gasolina estación de servicio
d692d6f0-1e1e-4334-b683-125c4fd573d5,520,2026-01-16,input,3688.98,Pago recibido de cliente
68d4f5f5-e666-43d7-a043-7b4c6d3c3648,554,2026-01-16,output,1886.4,Pago de internet
ea065e14-2264-4bec-923b-1c96c94a1010,559,2026-01-16,output,2257.11,Pago de Netflix
df3be0ad-5f1b-47c7-a94d-5c52145436bc,183,2026-01-17,output,3034.07,Compra en Uber
97a4cc93-637d-4cdf-9abe-75b6e657462c,234,2026-01-17,output,1458.03,Compra en librería
0db4aede-d09f-40ec-b5fc-830e3d05c7ab,573,2026-01-17,output,3588.4,Compra en electrónica
a8dccb07-4fb4-48af-af7f-18b264ad132b,113,2026-01-18,output,543.37,Pago de Spotify
226fde15-fc06-4649-a2f8-0b96f2403082,324,2026-01-18,output,2737.97,Compra en panadería
300ab091-b19d-497f-a439-4966458481ae,385,2026-01-18,output,159.65,Pago de telefonía móvil
862f3f14-a5be-4832-8373-dba76bae96c5,474,2026-01-18,output,242.46,Compra en ferretería
e10e1fef-183f-4c53-a0a8-6d547b7dae3a,151,2026-01-19,output,3751.5,Compra en tienda departamental
07106573-879a-4cbe-948a-1aee3d717a63,309,2026-01-19,output,159.03,Compra en línea Amazon
e4e23fd1-8eff-472d-980f-1bf0fcc130dd,369,2026-01-19,output,4722.69,Pago de Netflix
1d2eb1b6-68c9-4716-9304-079d3b85d939,475,2026-01-19,output,2546.38,Pago en restaurante
125cc184-d6c6-4bb1-aaf6-c246a2f7f064,542,2026-01-19,input,7495.45,Depósito en efectivo
36717e7b-7afc-41f5-9e66-e63349552509,234,2026-01-20,output,4394.73,Gasolina estación de servicio
a29c9216-482b-4cb5-9336-6a8f1e1ffeb9,247,2026-01-20,input,12567.78,Reembolso de servicio
81f5996e-bb24-4e3e-92d1-58a9d75e156d,269,2026-01-20,output,2967.15,Compra en tienda departamental
b1c98211-c47a-4f4f-9711-9af80105cbb2,400,2026-01-20,input,9112.99,Depósito en efectivo
7e1f7a47-83cc-4257-8451-dc07399332d0,451,2026-01-20,output,4876.75,Compra en tienda departamental
0acb18d8-b971-44d4-bd33-7caffc5d73df,586,2026-01-20,output,3262.49,Compra en panadería
5f0921bc-561a-4ccf-800d-3dd5ccf5c0f3,590,2026-01-20,output,1877.72,Compra en Uber
4f046648-f0d9-4b53-b164-82129b3df281,262,2026-01-21,output,278.09,Pago en restaurante
d4655784-86d2-492c-b7d6-81643687ea67,440,2026-01-21,input,440.87,Pago de mensualidad
5b43880b-0afc-4080-98c5-32639ac8b5ad,479,2026-01-21,output,2643.14,Pago de Netflix
354b95b7-cfb5-41c3-b3a2-90843cacd060,516,2026-01-21,output,4914.92,Compra en ferretería
8e2cacae-f990-4a46-9d48-d6f3abc6d366,254,2026-01-22,input,5142.52,Devolución de compra
4dba92c3-02cc-4fe2-b0e2-96c7dd22e9eb,278,2026-01-22,output,1788.8,Compra en panadería
30f0504e-2fcb-42ae-b046-48bcca9bad11,390,2026-01-22,input,9932.37,Pago de mensualidad
e399669f-f801-45be-b512-94bf96a90e20,492,2026-01-22,output,1869.34,Pago de Spotify
de0f9e29-d2df-4ae9-b7ce-0b46d4efe7b6,125,2026-01-23,output,3611.24,Compra en electrónica
f7eccd87-c691-4bf8-8433-0f965028aaf3,145,2026-01-23,output,3165.55,Compra en cafetería
55b6c778-a5d7-49e2-b013-b0fb1b3d2958,206,2026-01-23,input,7117.7,Reembolso de servicio
3f1a1d2d-d299-468f-a44f-1a6fcbcd20b7,235,2026-01-23,input,6438.61,Pago de mensualidad
9b35ed72-fdbe-40e5-a17a-e57e131468ef,600,2026-01-23,input,14810.8,Bonificación bancaria
0cdeb264-da9f-4533-a013-d05ce6e28f56,156,2026-01-24,output,2022.31,Pago de gimnasio
f0120a67-c474-40f9-becd-1c31fcc95fb3,374,2026-01-24,output,3283.67,Compra en línea Amazon
1b79eded-18d9-4b06-987d-fd6ffdd7b674,425,2026-01-24,input,2683.32,Pago de nómina
81bebc73-4e93-4f9d-953f-5a27de71b80a,174,2026-01-25,output,318.36,Compra en electrónica
a01d8344-97c3-478c-b222-458c792a7793,210,2026-01-25,input,11150.24,Reembolso de servicio
9164378c-c245-4137-8cdf-d9f8f57be3ce,249,2026-01-25,input,5206.91,Bonificación bancaria
6c6b29fc-7442-4533-8207-c86c8b841c33,327,2026-01-25,input,2320.88,Transferencia entre cuentas
7989614e-90cd-4252-af01-b39112cc50aa,357,2026-01-25,output,4084.22,Pago de telefonía móvil
257835cd-ea9a-40fe-9f1c-04373c9a2d2c,563,2026-01-25,output,2091.96,Suscripción de software
d88c1230-8df9-4684-ab9e-20589aea3e57,594,2026-01-25,output,4335.43,Pago de Netflix
691f6364-c28a-4adc-b231-d645da0c9133,244,2026-01-26,output,1026.6,Compra en librería
7d63c872-49a3-48fd-b692-1d1038192245,246,2026-01-26,input,5161.16,Depósito en efectivo
898f1a82-5b72-431d-83ee-d390d82b080c,445,2026-01-26,input,1860.13,Devolución de compra
124189ea-c7dc-48b4-ab21-7c5ca6de14f1,542,2026-01-26,output,762.57,Compra en cafetería
2bfbd37d-9706-44d9-a8c0-6c4c5386c933,155,2026-01-27,output,2359.42,Gasolina estación de servicio
422f7ca2-cabd-4895-b2ce-aabe444c0005,193,2026-01-27,output,282.6,Compra en línea Amazon
3a2da0d3-81d8-4fe9-89e8-fd573b585f77,204,2026-01-27,output,3019.58,Compra en librería
d901be00-5042-4c53-8b75-6f2fe640303c,443,2026-01-27,output,3163.02,Compra en Supermercado
3025f762-84f9-454d-9e66-293969c30255,309,2026-01-28,output,1548.5,Compra en tienda departamental
69a558f1-fc68-4d74-8fed-905acdc04196,401,2026-01-28,output,4546.2,Pago de servicios públicos
37f4665c-47a9-44e2-a944-c2e1cc545b5f,459,2026-01-28,input,14783.75,Transferencia entre cuentas
a3c18b9e-0735-427c-b634-5e08b48a3cb1,574,2026-01-28,output,3047.63,Compra en Supermercado
0bb32fc8-48e7-4f05-9d7e-7ff76933fe01,578,2026-01-28,output,4184.89,Compra en Uber
f75f037a-d92a-4b3f-a7d8-b8eb1027cdc0,105,2026-01-29,output,1129.25,Pago de Netflix
ce4a84aa-b1b1-4fc6-a31b-d7e4ddfea11a,134,2026-01-29,output,1801.99,Suscripción de software
c830c00f-2d1c-4854-97d2-889ec3af3250,180,2026-01-29,output,4919.1,Compra en cafetería
1379ca72-8a69-416b-bb40-e8c7dd9ccdd1,295,2026-01-29,output,3432.89,Pago de telefonía móvil
09d83619-a8da-451a-868b-975f4636869e,516,2026-01-29,output,4770.03,Compra en cafetería
bccea9f4-e45b-43ca-87f5-f9931a37e8bf,257,2026-01-30,output,2207.34,Pago de Spotify
eee1bb9a-9db3-4423-8e96-3329dceaf2e8,513,2026-01-30,input,14924.06,Pago recibido de cliente
4e8d11fe-6ea8-4a28-a7c7-8d3da0eb6602,570,2026-01-30,output,805.85,Pago de gimnasio
26c99202-4fe1-4405-b90a-951c248425cd,153,2026-01-31,output,1865.72,Compra en ferretería
1385d4a1-9264-49df-9f1e-692c3be86a41,202,2026-01-31,output,995.31,Suscripción de software
45add0ea-2c14-42c7-b89c-a2b0c2fc2599,283,2026-01-31,input,8237.61,Depósito en efectivo
b6928107-8629-4287-afc7-90c266852f78,356,2026-01-31,output,1637.06,Pago de Spotify
5008bd35-8dc9-4806-99a8-327f1e0bd03b,463,2026-01-31,output,1807.4,Pago de telefonía móvil
4f60c8be-5781-4b7d-8a01-ad1fb124ab43,540,2026-01-31,input,11472.11,Transferencia recibida
c7eded6e-78d3-4d10-9748-d178a0816e20,568,2026-01-31,output,2671.98,Pago de telefonía móvil
bea73ac7-e8d0-432a-a35b-83fcab6db84e,153,2026-02-01,output,2158.8,Compra en Uber
6c5abec8-b030-4d48-b49a-e7ed148a57be,455,2026-02-01,output,4969.8,Compra en Uber
a359f88f-f697-4012-9ad7-6cc1f0024ce8,498,2026-02-01,output,3548.99,Compra en electrónica
9a883ed4-9242-469a-bd2d-8351402c4e53,537,2026-02-01,input,6883.66,Transferencia recibida
cc287e72-e33c-4144-88fb-a05c3a5a0f26,543,2026-02-01,output,3625.32,Compra en ferretería
45deeb3d-ef0e-4956-a6dc-3a51c52f362c,549,2026-02-01,input,1925.26,Devolución de compra
c9b6818e-a86c-487c-9ec7-c5ad65a7bc65,147,2026-02-02,output,772.7,Compra en cafetería
f9f61cca-ca3a-4149-8da9-e0bff933e6aa,175,2026-02-02,output,2715.06,Retiro en cajero ATM
711f7467-07a6-4806-9851-6a19027ff489,284,2026-02-02,output,3439.73,Compra en línea Amazon
4e1075c7-bc00-486c-9608-fad5d5f1b1ba,525,2026-02-02,output,426.51,Compra en cafetería
b3f87f58-8d1d-4b03-93b6-0f38e666e062,558,2026-02-02,output,3034.75,Pago de Spotify
9e6f892c-7052-40d9-b1ae-659ece90f71f,209,2026-02-03,output,2257.51,Pago de telefonía móvil
9d8f4f69-b37f-47e7-b0e0-ea3b4f4d06d5,248,2026-02-03,output,2489.36,Pago de gimnasio
757af4d0-c640-4ee7-bb4b-708736d6b0a0,322,2026-02-03,output,1769.68,Pago de internet
fe590e48-ba6e-4eb2-bad5-771dd6a86d36,403,2026-02-03,input,9267.03,Transferencia recibida
ea9782ed-7190-497e-aecf-cd79e9c28034,412,2026-02-03,output,2310.58,Pago de gimnasio
54608502-6725-449d-8d02-88530bec2521,560,2026-02-03,output,2600.26,Compra en electrónica
1bd53c28-68cc-46e9-a2c8-8f6ca214880e,155,2026-02-04,input,12389.28,Devolución de compra
61398a25-28a7-441f-84ef-60ecc68a5988,271,2026-02-04,output,525.56,Compra en panadería
cc54ef12-2dd7-4520-b368-01a8ed696db1,303,2026-02-04,output,40.65,Pago de gimnasio
28d0ee39-66ce-429b-9ef5-1ed3cd0a7349,379,2026-02-04,output,4315.22,Compra en línea Amazon
3abf856c-e187-4a5f-a70f-ab8df516e8f6,103,2026-02-05,input,12873.79,Reembolso de servicio
54d59109-85c9-435d-963c-c9053c25c56e,111,2026-02-05,input,9820.51,Reembolso de servicio
92767833-8a2b-4f52-b9b1-b90f2690cf9c,123,2026-02-05,output,3607.96,Compra en panadería
37c0375e-0198-439f-994d-b2a9ea5617c9,214,2026-02-05,output,481.6,Suscripción de software
a9455693-7f95-46d8-aa05-de62e4fa6c31,294,2026-02-05,output,1703.76,Pago de internet
a69f115c-0f22-4cc0-bb52-acd950f75d88,377,2026-02-05,output,4776.32,Compra en cafetería
1c385518-ccaa-4e8c-a192-fe2006001791,428,2026-02-05,input,12062.03,Pago recibido de cliente
1a50e9ec-468f-43fb-bb93-a6e74c9715e4,503,2026-02-05,output,1989.34,Compra en panadería
1a86aeeb-45ed-4f43-b2d2-b5ea90aaa119,507,2026-02-05,output,2110.93,Pago de servicios públicos
96bba134-d050-434b-aa94-c749284c0f6d,576,2026-02-05,output,4918.13,Compra en farmacia
2fdfae11-2a90-4810-a6b6-04c2c7c6b04c,204,2026-02-06,output,4982.53,Pago de servicios públicos
2886656d-bc3b-4a0c-8bda-5fdd9b9fb45e,237,2026-02-06,output,4702.61,Pago de servicios públicos
622fa5c9-5939-4483-bb8d-585237531a04,256,2026-02-06,output,1579.09,Compra en ferretería
24771bf8-c15b-4fe1-9bda-c0260fe0867e,273,2026-02-06,input,2757.73,Bonificación bancaria
d643de29-f7aa-4276-8d44-464ed4cd2eee,287,2026-02-06,input,5835.66,Pago de mensualidad
72fb8661-b045-42f1-9ce9-9271194acbcd,506,2026-02-06,input,4219.47,Devolución de compra
fe338968-a48a-4fd0-ad36-663379c3cba6,529,2026-02-06,input,11499.27,Pago de mensualidad
49713f92-9634-4976-977f-50f0ab5a2c47,112,2026-02-07,output,2816.83,Gasolina estación de servicio
e506feb2-5c50-4554-9cda-67bd69cddbf0,209,2026-02-07,input,1975.11,Reembolso de servicio
541b6823-358d-4356-b9fb-59c1584b29f2,260,2026-02-07,input,9524.13,Pago de mensualidad
f5acc012-3041-497f-92a8-701f27b4e48a,276,2026-02-07,input,13926.03,Transferencia entre cuentas
6ee60f0b-5084-4d3e-a607-0b38ea63849b,291,2026-02-07,input,6637.9,Depósito en efectivo
3e7421ec-55ca-4e67-a723-84855c3bd748,320,2026-02-07,input,13857.95,input por reclamación
3cbc5064-f86b-4fb9-8515-ebe6672e1e64,467,2026-02-07,output,3335.4,Pago de servicios públicos
145de547-b38c-4a8b-a01e-a7a622cf6fd6,577,2026-02-07,input,6841.4,Pago recibido de cliente
5be6a539-273e-4d5f-a361-a919c5e6d558,112,2026-02-08,output,509.18,Compra en librería
02df6748-519d-48d8-ae76-7bd7618ab58a,321,2026-02-08,output,3457.71,Gasolina estación de servicio
68c8696a-5a3f-4da0-a1ff-751ec201b420,359,2026-02-08,output,739.03,Compra en cafetería
a98b8e9c-646b-41aa-aadc-e28e4b704867,412,2026-02-08,output,393.25,Compra en electrónica
e9a623b8-dc83-4403-8ec1-4a9d9abb3f20,463,2026-02-08,output,327.18,Compra en cafetería
8178b722-5f9d-468a-9e01-da5d5c09dcbf,479,2026-02-08,output,3723.22,Compra en electrónica
32a1f66f-1680-48f7-839d-fb421540dec2,483,2026-02-08,output,1737.65,Pago de servicios públicos
f54341cd-11c4-4d7d-b50c-f53d776095ad,510,2026-02-08,output,2887.49,Pago de telefonía móvil
57cec7b9-0f41-428f-9e90-ae350839f6db,586,2026-02-08,output,1079.42,Compra en panadería
776a3498-a502-408e-84c3-dd5f5c844f59,295,2026-02-09,input,1402.35,Bonificación bancaria
9a69538a-8cb5-47de-a4b7-e60c920d255e,425,2026-02-09,output,4996.97,Compra en librería
a8f0fc48-07d5-4a4f-be66-61362cd885e0,469,2026-02-09,output,4083.39,Compra en cafetería
49f334d5-2ee3-4695-9e4f-f03733d14dc8,501,2026-02-09,output,2813.52,Compra en ferretería
1a69c549-8a86-4e53-a7c8-48eed1dcf465,118,2026-02-10,input,8726.83,Reembolso de servicio
395de11e-b730-4dae-8c7c-98cecdf6c377,124,2026-02-10,input,14360.16,Reembolso de servicio
60e9fde0-790f-4f1e-a941-748c5c23607d,193,2026-02-10,output,4315.44,Pago de gimnasio
7dedca5f-46f2-49c5-988b-afda823c82ba,325,2026-02-10,input,12989.79,Pago de nómina
601dcb61-c23e-4daf-b765-872f6aa45ded,354,2026-02-10,input,3670.31,input por reclamación
d28c5d8a-d80e-41a4-a11f-c81a252647ff,478,2026-02-10,output,1288.4,Pago de Netflix
c1c87804-25ab-4486-bd23-7b22a80263f5,549,2026-02-10,output,2249.14,Compra en panadería
6dc64209-f06e-4c18-8299-d08b6e0812dd,559,2026-02-10,input,9763.03,Pago de mensualidad
173e2711-f6ff-46f1-9af5-5a8ea7e1dbd4,106,2026-02-11,output,4674.6,Compra en línea Amazon
ab534862-9a37-46e3-b091-27991ed82eec,321,2026-02-11,input,9330.44,Devolución de compra
14315a29-dfd4-4b0e-b45b-3e438af4fc93,365,2026-02-11,input,11006.49,Pago de mensualidad
a267342c-8d52-41b4-b0b0-5d0971dc10c7,439,2026-02-11,output,4400.41,Compra en electrónica
0881bcfc-358a-4370-a567-f0ba513fa379,505,2026-02-11,output,1544.59,Suscripción de software
3ee6608c-7ec9-4838-9ca7-5addde9833c8,522,2026-02-11,output,881.79,Compra en electrónica
1ef39280-86a8-4e59-83fc-32ead15958ac,144,2026-02-12,output,4953.14,Pago de internet
5e77ea42-45c7-451d-a869-08dbe415b336,159,2026-02-12,output,4523.79,Compra en Uber
66ab92ff-9585-48ab-94bc-82dad7653ad3,284,2026-02-12,output,4086.64,Retiro en cajero ATM
eff7aaa5-3372-40c9-85d4-4b349aab5af6,302,2026-02-12,output,287.13,Compra en cafetería
6a230fdb-d955-40d9-bb35-24391304e1f3,304,2026-02-12,output,3168.08,Pago de internet
eb68a21c-c3a3-45fc-8ac9-c5ad100565f1,323,2026-02-12,output,2605.04,Compra en librería
9a23983e-5612-4dcb-b5e5-5a04c8aaba1e,497,2026-02-12,input,6954.9,Reembolso de servicio
dc17934e-ce50-482e-8f81-80cbb2811f19,532,2026-02-12,input,6209.1,Reembolso de servicio
5a1fd146-bfb3-4c39-a6f9-36e9cecd19c3,161,2026-02-13,output,262.99,Compra en librería
56bcc7a0-3b7d-4c63-953f-1568d54e7a1d,190,2026-02-13,output,634.37,Compra en Uber
36e7e84d-6fce-4511-9ecb-ab57a9226e83,207,2026-02-13,input,10015.75,Bonificación bancaria
a5ce9967-e1d2-4793-9d51-0527665e9f59,246,2026-02-13,input,1823.25,Transferencia entre cuentas
4b212f2f-df5f-426a-aefb-7aa048db2728,349,2026-02-13,output,856.22,Gasolina estación de servicio
f5206725-0988-4d8f-8398-fa0ed6e4bdee,360,2026-02-13,output,4385.53,Gasolina estación de servicio
a6cc1108-ffe1-4e99-b274-2bcb1689c664,594,2026-02-13,output,3094.78,Pago de Netflix
c9e3abda-f826-4cca-a70c-78747bcaff3d,167,2026-02-14,output,3772.93,Pago de gimnasio
79e90ed9-057a-4bc2-9ab3-65568471e026,221,2026-02-14,input,9445.32,input por reclamación
eccefad0-8056-47f5-a3fb-1d3e434e34dc,246,2026-02-14,output,4123.15,Pago de Spotify
9f80af50-2cfc-49a0-abe8-d4f9d7bb1588,190,2026-02-15,output,1753.41,Compra en librería
db45dbb9-4cf8-43f3-962d-82ec5d9b4553,276,2026-02-15,output,2527.88,Compra en Supermercado
18e81e2b-4d38-49d6-b72c-396cfd59a88b,376,2026-02-15,output,2387.54,Gasolina estación de servicio
996e690f-6425-4704-8030-b198f0ca1e48,543,2026-02-15,input,1031.47,Transferencia entre cuentas
1837d5ab-5fd6-4e3e-8943-f81325cd5bc8,592,2026-02-15,output,3470.8,Retiro en cajero ATM
3ca5c1d0-f1a3-4e4a-b62f-4e58c6a16a9c,105,2026-02-16,output,4610.49,Gasolina estación de servicio
3bd7de36-0b40-4464-ad91-1ccba2782077,154,2026-02-16,output,4752.84,Pago de Netflix
bbb0e715-fb87-4337-badb-60d14dc42f41,461,2026-02-16,input,6379.05,Pago recibido de cliente
7ed41635-c702-4473-b2f8-13d4609592a8,466,2026-02-16,output,35.44,Compra en Uber
d32d72f2-b61d-432c-88c5-70dbd6808b28,509,2026-02-16,output,1512.81,Compra en Supermercado
d7b4c312-69c7-4932-a70e-ed1479ab0883,520,2026-02-16,output,47.19,Pago de gimnasio
f41eef91-21bf-4c26-a767-85aa56656e5c,542,2026-02-16,output,1873.37,Suscripción de software
a26e2a7f-9cb4-445a-bfcf-deb50b341857,159,2026-02-17,output,3483.47,Pago de gimnasio
414ebec9-4d3c-40f1-8cab-350a1d7839bb,170,2026-02-17,input,8222.85,input por reclamación
651b0bfd-6251-4c94-9e50-95df9324dd04,225,2026-02-17,output,3846.95,Pago de Spotify
7f485d6b-e26a-4fbd-9b9b-c7d15cd9e116,256,2026-02-17,output,3493.18,Gasolina estación de servicio
c95eb5b3-191c-4fa2-ac6d-0bf354b6388c,331,2026-02-17,input,7107.89,Devolución de compra
16f58ad6-4e54-410c-9923-ca60b766184e,338,2026-02-17,output,4417.23,Gasolina estación de servicio
d3c5ebdc-f88f-433a-ab3e-54a7f2fdbf76,341,2026-02-17,output,1048.93,Compra en línea Amazon
8aa2e404-c0f8-4e4f-82d4-d6e52ae6ffc8,362,2026-02-17,input,14713.38,Reembolso de servicio
08e98c6a-1c42-4f51-8828-1a151ec5c56e,500,2026-02-17,output,2825.2,Gasolina estación de servicio
0dda58a8-01dc-4ab6-b899-5b3f5e3ea496,518,2026-02-17,output,2257.06,Retiro en cajero ATM
763ddd73-4176-4aa1-8b8f-3be9430c9ce7,568,2026-02-17,output,4983.53,Compra en línea Amazon
4534a8e0-74a0-4f57-88e4-4b70b69a8959,109,2026-02-18,output,2503.16,Pago de servicios públicos
b4970ceb-bc0b-466a-b9f8-82dd711869ac,239,2026-02-18,input,14953.22,Pago recibido de cliente
7b3bc4b0-5a30-4cfb-8f91-8bf2b0d4cc7f,323,2026-02-18,output,2636.68,Suscripción de software
62a01843-a3f6-49ee-9ea5-90a8e802aa2a,342,2026-02-18,output,1332.51,Compra en farmacia
556f7a75-989e-4269-b646-5c6ad65b51d9,434,2026-02-18,output,38.34,Compra en farmacia
bd863b37-841e-41fd-b294-d2f9b62ea6b8,598,2026-02-18,input,4664.78,Pago de nómina
8081d71f-1948-4c72-9125-a4c881fe1763,215,2026-02-19,output,2610.91,Gasolina estación de servicio
f2f8f27a-3a18-4f02-84c3-9117f2a31578,334,2026-02-19,output,1017.16,Compra en tienda departamental
084f4178-a025-42a8-b068-3afaed6c73a8,582,2026-02-19,output,2668.33,Compra en tienda departamental
a97110ce-d075-48b0-a0cc-fd1e1e63fdd0,118,2026-02-20,output,4619.16,Pago de Netflix
16ae3662-2dac-4a9e-9a35-a5a7f486cb3f,179,2026-02-20,output,2922.95,Pago de Spotify
bfc665be-7eab-4f6b-90da-6bcea38f8214,185,2026-02-20,output,2558.91,Suscripción de software
deb9fbe6-a399-4c76-aab3-0043145700dc,277,2026-02-20,input,1241.73,Reembolso de servicio
a3f9157e-86e3-40e5-a6ed-c20adead0bd5,406,2026-02-20,output,4396.07,Pago en restaurante
7444871d-069f-4d88-9b6f-2e4fdbf1f68a,431,2026-02-20,output,1177.39,Compra en librería
0c92ca66-a1e5-4a12-89d4-52ca6ef89cc0,569,2026-02-20,output,510.01,Compra en tienda departamental
e23f279d-f1c8-4fdf-a928-31d183fb4084,588,2026-02-20,input,9581.93,Bonificación bancaria
ab0f2254-1366-4c4d-81c1-823d629be7fa,597,2026-02-20,output,282.34,Gasolina estación de servicio
19bdf4f3-565c-4e78-ac48-2eab1ac61674,278,2026-02-21,output,2603.73,Compra en ferretería
7fe50d10-1d5f-43eb-b8e0-a7a567392333,366,2026-02-21,output,4453.57,Retiro en cajero ATM
bee4c9c2-53e3-4b48-90b0-9144dc2d800c,406,2026-02-21,output,1503.51,Compra en panadería
3cc46ed5-d2cd-4e44-b01e-bc320085219e,423,2026-02-21,output,11.41,Pago de servicios públicos
65b2e548-1e1a-47cf-8055-6728f6177246,459,2026-02-21,output,996.3,Compra en farmacia
d0c15f44-fb4e-428d-b4c5-557edfac1193,461,2026-02-21,output,2221.27,Pago en restaurante
6ad46bc5-3d4c-417e-bb4f-100d4ef721e3,477,2026-02-21,input,13775.93,Reembolso de servicio
e457a6ac-6c2b-453e-8f7e-46456f44fc0d,582,2026-02-21,output,2680.42,Pago de Netflix
4c232972-7730-40a4-8592-a05759a65b86,179,2026-02-22,output,3345.71,Compra en cafetería
1f795828-5dd4-496f-9043-814b446341cc,289,2026-02-22,output,1943.54,Compra en tienda departamental
d5afaf11-23b8-40db-b473-09bc94af1267,317,2026-02-22,output,4644.47,Pago de internet
61c5e1dc-3733-4be9-ac0a-c07bb98c72e6,484,2026-02-22,output,1966.88,Pago de Spotify
04012376-1135-419a-a585-ad1cb4927f42,546,2026-02-22,output,3499.33,Pago de Spotify
a26619b1-9ef3-40ea-b3cc-7a621a4ea429,208,2026-02-23,output,2266.7,Gasolina estación de servicio
2d9a08b7-886a-4263-b826-ac95da6f64a9,333,2026-02-23,output,4750.16,Compra en cafetería
b42b637a-9b58-40b8-839f-92ba45d9acbf,359,2026-02-23,output,2319.2,Compra en ferretería
0f6bb9c7-3032-4fbc-8514-5d9991015ad6,364,2026-02-23,input,655.92,Depósito en efectivo
d2b74c89-14aa-43da-a9d6-4c3eeeab1a18,390,2026-02-23,output,1034.89,Compra en electrónica
a606deb2-c6aa-49ef-8958-551414dc6313,104,2026-02-24,output,951.22,Pago de internet
790abc61-fc2d-4498-8730-941f3b7b33f2,112,2026-02-24,output,127.34,Pago de Netflix
756d2606-5ec5-40ff-b15c-065f872bc9ac,211,2026-02-24,output,4242.71,Suscripción de software
452e8876-222d-43f6-99f6-24e1767da344,320,2026-02-24,output,1116.03,Pago de telefonía móvil
2235cb30-d3dc-4599-b2a5-ae5d6554c36c,375,2026-02-24,output,868.88,Compra en Supermercado
91061f9b-2b0f-4c1b-9f11-b5afe0018d27,410,2026-02-24,output,4861.79,Compra en librería
4b12f646-a7de-48d4-834e-33ed6ff8bfc2,424,2026-02-24,output,2264.35,Suscripción de software
bb6ba4d2-daac-4ed2-9f3e-867cddff58e4,485,2026-02-24,output,3069.26,Compra en tienda departamental
48016454-1b3d-43c9-8468-762d1543ae63,489,2026-02-24,output,2442.17,Compra en línea Amazon
97e57b6e-fa47-40ed-ab91-399a8e442143,503,2026-02-24,output,126.62,Compra en electrónica
10a607d6-3aaa-4692-96c5-59cbca4be623,114,2026-02-25,output,2687.86,Compra en panadería
5f9224dd-1323-4308-81e5-39c369b37fa7,173,2026-02-25,output,2792.71,Compra en farmacia
a532b79f-faf2-4abb-b22a-1cdf317da458,247,2026-02-25,output,845.79,Compra en panadería
d58a229e-ca0e-4150-9c2c-1ef9e74c83b7,294,2026-02-25,output,2065.16,Compra en electrónica
251c404d-69ce-4bc9-a15e-d7cb5b8cb31a,337,2026-02-25,input,9046.89,Pago recibido de cliente
266bd3a9-a1d9-451f-b86a-535ca2e2ee15,571,2026-02-25,output,889.64,Suscripción de software
5870fc0c-2bdc-42a3-9ac0-3ab80a062da8,192,2026-02-26,input,4422.84,Depósito en efectivo
9f400eb7-6f45-4060-b795-72a0691bf599,231,2026-02-26,output,4161.55,Pago de Spotify
bbfd8ff9-4427-4d96-af85-79bff9a265ca,347,2026-02-26,output,3610.54,Pago de Spotify
9e54f2fe-a620-46d4-aaec-dc2a56f41565,547,2026-02-26,output,3145.85,Pago de servicios públicos
ca7d17cc-35e9-4765-9ca7-9110fa8575e9,587,2026-02-26,input,879.1,Bonificación bancaria
7597c136-65e7-4282-be05-07fda25b5b2b,127,2026-02-27,output,4801.59,Compra en tienda departamental
55c11a7e-ba49-4ae9-adcf-cc0b5ba70b3b,146,2026-02-27,output,3950.18,Suscripción de software
6dc85de9-d3d2-4e04-b674-b6fa98aef20d,204,2026-02-27,output,2090.09,Compra en Supermercado
ea163bca-fc0d-4a15-9614-3361b19f5b97,224,2026-02-27,output,766.16,Suscripción de software
021d2d29-5396-48fa-bed9-73cb0d7bb45d,282,2026-02-27,input,8642.47,Pago de mensualidad
6216e35b-2355-4db1-9b5a-051dec7f5927,477,2026-02-27,output,3258.72,Compra en Uber
045edc5d-94da-4f29-834f-d4dd3fe38a4d,501,2026-02-27,output,1031.23,Pago de servicios públicos
36f93015-25d2-45d6-a196-07244078986e,573,2026-02-27,output,4654.24,Compra en cafetería
a0b8a54b-280b-4e66-a96c-095e44adfba4,153,2026-02-28,input,11151.34,Depósito en efectivo
e843357b-1813-4f0d-a10d-0e7d49ff4879,432,2026-02-28,output,3092.59,Compra en electrónica
48e66ff2-32b4-48e5-9a11-b2ef57f10974,390,2026-03-01,input,13226.89,Depósito en efectivo
e68d9474-9c54-42c2-aa97-ed80fbdc4722,405,2026-03-01,output,4214.6,Pago de telefonía móvil
67ec7fc6-6d1f-4f65-b25c-b701bd1a99c5,267,2026-03-02,output,693.93,Pago de Netflix
3a355f7d-7cb5-4620-8c66-472694159a5f,291,2026-03-02,input,4752.6,Pago de nómina
800023e7-77b9-4ba2-9cf9-dd9898624091,460,2026-03-02,output,1994.77,Compra en librería
985c65cf-813d-445b-adbd-259f93a49e1b,104,2026-03-03,output,3592.57,Compra en tienda departamental
9dc7f737-2586-4fb7-8b6a-4137e79fb9d2,116,2026-03-03,output,55.47,Suscripción de software
cb173617-59cc-4cab-8b6f-b5848555d794,125,2026-03-03,input,10637.76,Transferencia recibida
8188556d-54e5-486d-958b-47a8c016d553,129,2026-03-03,output,4980.35,Compra en panadería
c90e5a35-c763-44fd-906d-ec8c1119fc88,469,2026-03-03,input,6530.56,Depósito en efectivo
cb3ee310-db5c-4a9b-ab95-fa5dbbfcac95,483,2026-03-03,output,2290.09,Retiro en cajero ATM
77b33687-2eb6-4262-b909-d787b448b976,580,2026-03-03,output,1638.07,Retiro en cajero ATM
e45c4be9-8c30-4ad3-a1bf-0ceb42428368,188,2026-03-04,input,6775.49,Transferencia entre cuentas
eafb2342-069f-42f2-b238-20121f38d9e2,396,2026-03-04,input,14585.43,Pago de mensualidad
81232906-6d4b-4b29-a5a0-dfc5cda733f7,424,2026-03-04,input,8494.43,Bonificación bancaria
76919398-82f0-4958-8e75-8eea057b7151,480,2026-03-04,input,13983.14,Bonificación bancaria
6a3996b6-6bad-45fb-ab00-04d34232a2b8,175,2026-03-05,input,14389.87,Pago de nómina
63ede4a3-0539-474d-a76c-5887e9924f67,179,2026-03-05,input,9786.96,Pago recibido de cliente
e15a2894-a608-4230-9fb6-63fc308f6672,253,2026-03-05,output,2728.82,Compra en Uber
b0a8bbd7-e132-4a33-89e7-bc159cbea70d,441,2026-03-05,input,5627.66,Pago de nómina
db538910-1c03-4ea3-a450-9bbbc3d2345a,180,2026-03-06,output,3786.84,Pago de internet
71f413e5-b70e-431f-957c-1e335ca59d69,287,2026-03-06,output,1206.57,Pago de Spotify
caa2b41e-af25-46d3-9db5-5ec1cd26d6b2,357,2026-03-06,output,1622.01,Compra en farmacia
2d360f79-6f32-4a10-975e-3a5e32f98d8b,361,2026-03-06,output,1591.26,Pago de telefonía móvil
f92646ba-4c3b-417c-8ec6-77367df80d45,438,2026-03-06,input,5266.71,Bonificación bancaria
9f0d9b2c-cae8-4f46-a848-fdb71e48c98f,488,2026-03-06,output,3173.1,Compra en cafetería
90195dc6-52db-4af4-ae01-f3051a5b0573,111,2026-03-07,output,1874.54,Suscripción de software
b46272d9-4066-492b-bbfa-8450234e9a32,120,2026-03-07,output,1447.94,Compra en ferretería
b1985e1f-cc39-49b2-801d-d7187ff7a893,232,2026-03-07,output,1264.96,Compra en Supermercado
1717d92e-1081-4aa7-b5ba-fcca2fc4c92a,416,2026-03-07,output,3592.98,Compra en farmacia
1ce28ebf-bc6a-4cfc-b7f9-ddd588a24a70,445,2026-03-07,output,2037.53,Compra en línea Amazon
15ecd538-5847-446b-83f2-a0fdec8aaff8,449,2026-03-07,output,960.05,Compra en cafetería
218c0a2e-4558-4466-bfbb-7b99c4199f82,544,2026-03-07,output,4789.67,Compra en farmacia
299b38b5-a51d-47d8-a8dd-8abbe397c068,595,2026-03-07,output,1650.09,Compra en tienda departamental
44094cfb-5eb2-4042-9df7-a9ad02d2eca7,214,2026-03-08,input,2412.43,Pago recibido de cliente
89dbba0a-3392-4fcc-8b16-faa3b824cb2d,303,2026-03-08,output,1442.94,Pago en restaurante
b6385f8e-9e71-4634-8146-73ded2048920,369,2026-03-08,output,4408.11,Compra en ferretería
c0ace689-76c2-4840-ab23-33b4d9a09875,401,2026-03-08,output,2786.92,Compra en cafetería
f97b21aa-bc91-4599-9987-40c419d93811,513,2026-03-08,output,4644.88,Pago de servicios públicos
214f1812-4468-4322-84eb-6a54582a7786,159,2026-03-09,output,4575.17,Compra en panadería
e5c76d53-e625-419f-b33f-cde7d57d1ab2,162,2026-03-09,input,476.14,Depósito en efectivo
a4eebf8c-00eb-40a7-8336-433b3432c556,199,2026-03-09,output,952.29,Pago de servicios públicos
1777e941-562e-481d-bc35-c1aa9cba629c,284,2026-03-09,output,811.67,Compra en Supermercado
ac70db43-d20d-4bea-851d-08df3a9e31dd,345,2026-03-09,input,6292.85,Bonificación bancaria
ab865f9c-5c50-45a9-98a5-29be6e3a24da,514,2026-03-09,output,4676.66,Compra en tienda departamental
51bb6f27-2339-4c0d-b058-9bda4242288a,514,2026-03-09,input,3141.98,Pago de mensualidad
da8e7712-2f96-495e-9430-f18f9c97a0a7,563,2026-03-09,input,11719.76,Depósito en efectivo
5784535e-9d12-4bed-ab33-febca19c48c8,349,2026-03-10,output,1639.33,Pago de servicios públicos
c2a8d8df-9799-461c-8803-6e812774ef30,555,2026-03-10,output,1519.73,Pago de internet
21a52eb8-d1ad-4d27-87d5-a6acc32f0d95,184,2026-03-11,input,2023.39,Pago de mensualidad
9a4f150c-8b49-4cdc-b03f-05bbb4d22541,200,2026-03-11,input,1438.07,Pago de nómina
ad987a9a-68df-4e92-abfb-4187e48f52c2,249,2026-03-11,output,4860.5,Retiro en cajero ATM
8423ac7f-cf7c-45ca-b265-ba84970c4005,297,2026-03-11,output,888.19,Compra en línea Amazon
6e8d5459-55dc-415e-87da-3866ca6cc2b9,333,2026-03-11,output,1383.62,Pago de Netflix
4569125b-46f1-447b-ac56-4b51db24b483,378,2026-03-11,input,678.73,input por reclamación
e92d1545-7d8b-4824-b3b6-cd60026912d3,226,2026-03-12,output,234.48,Compra en línea Amazon
bd45b438-0df8-4324-8eb6-4bfa1b09edb1,450,2026-03-12,input,9649.83,Depósito en efectivo
7b9a6cb3-28b1-41ff-bb50-257cb2d27489,486,2026-03-12,output,1134.64,Suscripción de software
21e1a559-3a67-4fed-979c-b907385326b0,522,2026-03-12,output,2661.25,Compra en librería
7f0e5487-9baf-4174-9c2b-3d57644e251b,545,2026-03-12,output,482.27,Suscripción de software
ad96033c-6146-4a53-863d-aab8e4306236,546,2026-03-12,output,3040.91,Compra en panadería
b7ab6084-fb95-49cc-980f-230faf148d01,597,2026-03-12,input,8649.83,Transferencia entre cuentas
8d00c7e4-3115-4b63-9623-58fd998e2735,108,2026-03-13,output,2678.86,Pago de Netflix
c728ee1b-470a-4baf-a03b-bab3de386215,111,2026-03-13,output,4147.23,Compra en Uber
4a1a3202-adaa-4108-9cf8-31d406b93389,250,2026-03-13,output,2230.03,Compra en cafetería
256893fd-470d-4f41-84bd-2ed7a3c91a84,413,2026-03-13,output,4475.27,Pago de telefonía móvil
b11f0236-55fb-4821-b0dd-c967b8bc2652,414,2026-03-13,output,1252.15,Compra en tienda departamental
5cab4363-3adf-497f-8579-742c9e7881f4,149,2026-03-14,output,3087.87,Pago de servicios públicos
66cd54cd-e683-487d-8e22-eef2f5d0400b,551,2026-03-14,input,3876.19,Pago de nómina
10a09792-f2f2-4cac-ada6-58881f81c172,139,2026-03-15,input,4139.79,Transferencia entre cuentas
8d4c5506-ee3b-4230-b9ef-3a77736ed3f4,149,2026-03-15,output,3348.49,Compra en Uber
1658822f-0976-4ce4-b69c-88185befc7c5,236,2026-03-15,output,2721,Compra en tienda departamental
9d463a65-989a-4c78-9c47-7521bc63ef88,245,2026-03-15,output,4196.64,Retiro en cajero ATM
177eeb5e-0802-42d2-97fa-ffca4d3f97da,373,2026-03-15,output,4812.23,Gasolina estación de servicio
41ce95b7-128a-4ad8-81e6-2b0dd302e0d2,528,2026-03-15,output,586.54,Gasolina estación de servicio
bfb4cf3a-0391-4fa4-b136-51f094d0d824,184,2026-03-16,output,1764.99,Pago de gimnasio
7f420e19-326f-49e2-a8ac-1f18b13be296,219,2026-03-16,input,11857.78,Pago de mensualidad
d2faa24d-aa59-44a0-8c1b-2c17ac80cacc,238,2026-03-16,output,4206.11,Compra en ferretería
14321c0f-991b-4eab-b5ee-4b0ef6428508,355,2026-03-16,output,3435.17,Retiro en cajero ATM
101cf091-2e81-4df7-ab0b-16f1bf3bfb25,456,2026-03-16,output,1805.98,Compra en línea Amazon
c5d77b9d-897a-487d-84af-26470f0e8e68,145,2026-03-17,output,4882.08,Retiro en cajero ATM
13517dee-8596-4c6f-a0aa-d404a01dfda0,226,2026-03-17,output,4496.86,Compra en librería
25b6c19b-9ca0-4bba-9627-c46016b36622,235,2026-03-17,output,1510.29,Compra en Uber
72c4db87-cfb5-4268-95ad-6037b05006b4,386,2026-03-17,output,3284.1,Compra en cafetería
f76ba86b-87a9-40a4-8cc8-501f083a9d26,488,2026-03-17,output,1896.92,Pago en restaurante
157a7dfb-6b3c-435a-860f-d71246b1661e,291,2026-03-18,output,727.61,Compra en Supermercado
1ea8b9f8-eafb-4c9b-b4fb-57ffcfd60257,320,2026-03-18,output,1030.64,Pago de servicios públicos
5c8bd626-e58b-471d-837b-a55bef524211,344,2026-03-18,output,722.91,Pago en restaurante
8aba4de5-51dd-4d2f-958e-de6870d7917e,104,2026-03-19,output,2624.04,Pago de telefonía móvil
63f0cc57-3c5f-4897-ae62-c483594994a9,399,2026-03-19,output,59.49,Compra en Uber
c705860c-5836-439a-947e-b8f503a28d86,428,2026-03-19,output,4305.73,Pago de gimnasio
6064b5cf-11a4-446d-b697-bdc983605d9d,523,2026-03-19,input,996.07,Depósito en efectivo
9ef1ba91-a507-4f50-ad45-9b684f68cdc5,211,2026-03-20,input,11392.24,Bonificación bancaria
8e99e0e9-a802-4851-83b5-2ebf0b0e64c2,319,2026-03-20,input,6941.59,Pago de nómina
af56395f-6d0c-4d80-840d-3abcf4520c03,369,2026-03-20,output,3500.5,Suscripción de software
b3f48bc5-c795-41f5-b45d-c2ee8546439e,134,2026-03-21,output,2143.76,Compra en línea Amazon
93dc2eea-6a33-4457-af4d-925b7b01a64f,138,2026-03-21,input,5199.87,Transferencia entre cuentas
cb40b4fe-626e-40d4-a352-19520fed3e87,143,2026-03-21,output,2713.3,Pago de telefonía móvil
a6928d6a-eb39-4e8b-a9ab-1fc724de99cd,187,2026-03-21,output,3275.29,Pago en restaurante
4e374b5c-ea17-46a8-add8-4321f061d475,261,2026-03-21,output,2912.09,Pago en restaurante
415b948c-5f01-4882-9535-7eddb8a53303,396,2026-03-21,output,549.58,Pago de telefonía móvil
db2d9eaf-017c-439d-aa65-ea930ae44a8b,452,2026-03-21,output,840.82,Pago de gimnasio
8066386a-4cb6-4741-8747-c5e2a975c4b4,464,2026-03-21,output,3956.43,Compra en electrónica
7edb7d7b-dd86-4945-b7d2-5e7c51acfc18,212,2026-03-22,output,919.42,Pago en restaurante
854b95ec-f951-4233-84d8-9e636ddb687a,453,2026-03-22,output,3463.21,Compra en electrónica
5dfcf788-a122-4978-9340-611e43f54cf3,515,2026-03-22,output,452.8,Suscripción de software
634c7829-f78a-4f89-8c8c-ae60b264bc4a,529,2026-03-22,input,12854.15,Bonificación bancaria
663ffbb8-b5f4-4844-99ff-bf7e2ad67c03,559,2026-03-22,output,624.03,Compra en ferretería
1cab1b62-c628-4b1a-9145-999d7b8c8e4c,143,2026-03-23,output,4984.3,Compra en farmacia
e3104cab-ac21-40f7-baff-c98eacb805eb,249,2026-03-23,output,1390.61,Compra en panadería
f1373b9e-9529-4d06-b127-cb02b24e17d8,434,2026-03-23,output,3923.51,Pago de internet
c4383b18-fd79-41af-ab91-577311d16dbc,461,2026-03-23,output,232.38,Compra en ferretería
61135c55-a759-4c89-9cd9-f15d79b2149e,534,2026-03-23,output,548.99,Compra en librería
8488c114-5337-4417-af46-80e8958df926,546,2026-03-23,output,2087.66,Pago de servicios públicos
48d9e656-744b-472d-ae7d-322b2f9b1798,553,2026-03-23,output,559.62,Compra en Uber
615715a6-fe77-45c7-a2d1-7d6f2209a690,114,2026-03-24,output,1454.76,Compra en librería
e9a60d29-2e91-437e-a2a6-7d2c20d4b573,140,2026-03-24,output,3166.04,Compra en tienda departamental
e8161d48-e224-4a6a-970c-c596e541e7e9,167,2026-03-24,input,6705.82,Transferencia recibida
852d18b4-fa32-48ec-a798-826ba7e9a0f0,172,2026-03-24,output,4643.54,Compra en Supermercado
c56dfe3c-4bed-4c5d-a273-22f1d4fa6a48,256,2026-03-24,output,4521.6,Compra en electrónica
944e2ece-3875-4c91-b611-09e03ef0734a,286,2026-03-24,input,5668.78,Transferencia entre cuentas
7bbc6dbf-02a0-4c4e-9206-c61d375be170,363,2026-03-24,output,1752.35,Compra en panadería
b54f9529-f2ec-43e7-9d5c-6c8ee5424027,439,2026-03-24,output,3672.49,Compra en tienda departamental
c69a2a74-e523-4f68-8139-2253664dc383,452,2026-03-24,output,1999.45,Retiro en cajero ATM
e4c553a6-6dfb-4d2a-8dd4-e3df71e8b25c,523,2026-03-24,output,2387.46,Compra en cafetería
c06a3460-83ad-4752-85e0-9839aeff5058,569,2026-03-24,output,4912.26,Pago en restaurante
a91db300-76f2-44fb-83dd-977b0fd4e706,144,2026-03-25,output,189.25,Pago en restaurante
98f899cf-8314-4955-81b5-b36f9b226217,357,2026-03-25,output,2620.48,Suscripción de software
eb0435b2-0f2d-4605-a5e0-560ad05d0a89,422,2026-03-25,input,9763.7,input por reclamación
bcf02902-4e6b-4fdd-9076-5095a6ac67f4,459,2026-03-25,input,5694.23,Bonificación bancaria
2fa71e1a-fb34-4157-9c0c-a4ec2764063c,560,2026-03-25,input,2910.28,Bonificación bancaria
77b4b050-0538-47af-a2e2-b71d63167398,582,2026-03-25,output,2192.85,Pago de gimnasio
c68c9598-06ca-48f4-ad28-22df86f4ac45,222,2026-03-26,output,1873.81,Pago de Spotify
2a80da24-2202-4446-a028-2aa4b56e02fc,356,2026-03-26,output,173.75,Compra en librería
75742575-1c6e-4c80-9a61-9db3e085f779,429,2026-03-26,output,3097.16,Pago de telefonía móvil
13be6138-0a3f-46fa-92c1-ec452d6462ee,554,2026-03-26,input,11932.87,Devolución de compra
8f1a0a21-66ed-4932-9567-4f577a3ff9aa,275,2026-03-27,input,11991.39,Pago recibido de cliente
1f71b708-d853-496f-9d83-78630123422d,245,2026-03-28,output,4774.92,Compra en Uber
db1883c7-02d8-44ac-8a8f-73f7fd89f581,314,2026-03-28,input,11546.79,Reembolso de servicio
205fc7c3-3c52-40d9-9a43-fa18a4d0ba44,566,2026-03-28,output,4429.97,Compra en Uber
e1b2d07a-0474-48f9-970f-63626902b083,576,2026-03-28,input,3517.86,Transferencia entre cuentas
3d8066c1-40aa-4a56-9634-5f247563da99,582,2026-03-28,input,6211.44,Transferencia entre cuentas
9c351cad-5dab-4222-86f0-e4cd2305a661,222,2026-03-29,output,2481.09,Compra en ferretería
5064fbbe-9da0-4ef5-bea7-d4fc461d1d73,279,2026-03-29,output,3563.95,Pago de servicios públicos
2ecb1bcd-1585-42e4-83d3-4ae2f38efc7c,302,2026-03-29,output,4062.21,Compra en línea Amazon
f761e0b5-b649-422d-82c6-2e917ebc2f8d,320,2026-03-29,output,4155.39,Pago de Spotify
0808e4f0-f849-4742-8785-28d1c1fbcdbb,400,2026-03-29,output,4570.67,Pago de telefonía móvil
b9c08d5e-ab99-4abf-bd60-de8288d70628,557,2026-03-29,output,2401.47,Pago de Spotify
86494311-99ea-4981-b2ae-87e056a7969b,571,2026-03-29,output,1839.7,Pago de Spotify
094d379f-dbcc-4c34-a879-1bf60dc21d6a,112,2026-03-30,output,121.56,Suscripción de software
5336ea35-b966-472e-b915-0896b9717245,161,2026-03-30,output,2327.52,Compra en cafetería
16a01503-46fc-4de9-97c4-78af253e54a3,182,2026-03-30,output,3501,Compra en electrónica
d4639af4-a188-4738-ac13-0dc941ecc950,251,2026-03-30,output,3732.79,Pago en restaurante
883f3483-c782-4711-b530-32cc461904ad,292,2026-03-30,output,617.18,Suscripción de software
6712d1b2-6ccd-42b7-94e9-8bc3cdd33405,408,2026-03-30,output,4736.74,Pago de gimnasio
23b1cdac-954a-4860-addb-802668fc3669,469,2026-03-30,output,2152.51,Compra en panadería
9990ec81-9f39-42db-ba24-3078d29173bf,159,2026-03-31,output,1699.08,Compra en tienda departamental
557cfd6c-7116-449b-b670-55cfe4833847,269,2026-03-31,input,1815.87,Bonificación bancaria
198af5e3-bd4c-477a-a6a0-bb83ec3741b8,300,2026-03-31,output,461.12,Compra en farmacia
f1199863-696a-450b-b292-ed067d55f3a6,358,2026-03-31,output,900.66,Pago de servicios públicos
991fa915-2a14-4778-994a-49a5496f0165,400,2026-03-31,input,13390.85,Pago de nómina
fb2e0870-2c2e-4985-92b7-12b29a1544af,408,2026-03-31,output,810.77,Compra en cafetería
bf00f1f5-c780-4e6c-b8ef-b503ff162441,499,2026-03-31,output,3116.62,Compra en Uber
e1c24b6d-f6e2-4e72-b962-e8ba864411db,562,2026-03-31,output,4910.47,Compra en ferretería
358305dc-9bfb-4347-8940-ae8eb3a6fd69,600,2026-03-31,output,1657.44,Pago de Netflix
b53a5088-9a53-4b0a-b421-18a1d9499f25,182,2026-05-01,output,1812.39,Pago de telefonía móvil
e37b2daa-4b34-4fbd-b134-9c1606443566,558,2026-05-01,output,1472.05,Compra en tienda departamental
ff1fde02-7dd7-4c42-a919-f1f7e7d9c572,151,2026-05-02,output,1574.7,Compra en panadería
c5e2929f-d7d1-44d8-93d8-333379ecfdc7,274,2026-05-02,output,2157.96,Compra en farmacia
b5c779c5-c59b-44c7-8855-c001c692c4b0,281,2026-05-02,output,1342.75,Compra en Supermercado
268dc103-8bc8-4667-b1d8-aab6c438b331,413,2026-05-02,output,408.19,Retiro en cajero ATM
59defb08-24f4-4686-9e6a-bbebd70fa90b,481,2026-05-02,input,6879.85,Devolución de compra
3bb1756f-b1ef-452e-b351-c6572aeb894e,553,2026-05-02,input,4124.86,Bonificación bancaria
d9c85449-9f32-4431-aa3a-ec6df60a0553,560,2026-05-02,output,3911.34,Compra en línea Amazon
de33967d-3683-4f1a-98ae-f5ca63e28e4b,163,2026-05-03,output,426.09,Compra en Uber
d82e6f45-0d10-4d04-b2c5-1160b32bbe8b,175,2026-05-03,output,2382.22,Pago de Netflix
6cd7e6a7-97cc-4838-b354-7d20ee4cc38b,183,2026-05-03,output,809.15,Compra en Uber
bab2c3e6-6600-47f9-a869-74a72d45eaba,377,2026-05-03,output,1275.07,Suscripción de software
771b6f78-4891-4b24-b3ed-21264b3f0e1a,382,2026-05-03,output,3563.91,Pago de Spotify
91998e79-6a2a-44cf-92f1-d0c41614a9ad,468,2026-05-03,output,3483.64,Compra en ferretería
29bdd0e5-0a72-45ef-9c84-371602fe4ff4,468,2026-05-03,output,2605.44,Compra en línea Amazon
a5732b0a-d3f5-4d46-b1c4-52357cf65bf3,534,2026-05-03,input,7093.4,Devolución de compra
6e3a7fcd-980c-4065-8b8a-72ff8fb2948f,573,2026-05-03,output,1636.25,Gasolina estación de servicio
bd7afad4-f11e-4202-9919-ebf49605b959,278,2026-05-04,output,3629.41,Gasolina estación de servicio
0100c41b-debd-4e13-b1c6-123bc5d147cd,335,2026-05-04,input,6509.36,Transferencia entre cuentas
0598d470-03ab-4c16-8c0b-c6797d2e3933,371,2026-05-04,output,2797.86,Compra en electrónica
c947c76c-d260-4282-9607-4091be9c3795,469,2026-05-04,input,6044.41,Bonificación bancaria
be745191-c887-4093-ac56-710489f87726,473,2026-05-04,output,4900.02,Compra en ferretería
5d398156-51f1-47d4-bf29-7912fb9b1d96,552,2026-05-04,output,542.64,Compra en tienda departamental
dfc63774-4056-40b2-8bba-4328864ca6cb,222,2026-05-05,output,3404.63,Pago de internet
9f0cb3c8-9db7-4b7c-abea-41fcce4e891b,356,2026-05-05,output,3192.19,Pago de Spotify
6da798ae-cdf8-4df0-bf27-4ed4e2b205d2,373,2026-05-05,input,3204.32,Reembolso de servicio
7b3de467-a77f-40e5-bd82-7737e93adcaa,172,2026-05-06,input,9770.95,Transferencia recibida
7fc8e3f3-8b5b-415a-aae2-a39fc707038b,215,2026-05-06,output,4027.81,Compra en farmacia
3287dd68-a34e-4780-922e-d8551d4bf0df,324,2026-05-06,output,1645.24,Compra en librería
9c087ac8-a949-4724-8155-d768ebba9399,344,2026-05-06,output,447.94,Compra en panadería
58c5b43f-5f26-4c88-8a68-e6eb40ba0073,521,2026-05-06,output,286.74,Compra en línea Amazon
b3826fe1-cf5a-429d-8687-3cd27925e267,552,2026-05-06,output,2924.11,Pago de Spotify
a7e39bef-10c2-4329-b830-e96b8163ded7,201,2026-05-07,output,1041.81,Pago de Netflix
26c6207d-d58b-40c2-a9b7-bc99cc153ce9,277,2026-05-07,output,473.14,Pago de telefonía móvil
09973374-7f97-454d-99d1-adafd4a44e3b,311,2026-05-07,input,11793.44,Pago recibido de cliente
24705f23-a2e6-4d63-b727-8acd2861ed51,519,2026-05-07,output,1685.05,Compra en tienda departamental
c2f0a39d-0daa-4665-9f0a-f05b07e9afd7,136,2026-05-08,output,1022.9,Compra en electrónica
0639e3d5-39db-465d-ac6b-35836e906bab,228,2026-05-08,output,4507.36,Compra en farmacia
cfada248-f369-4e97-872d-7a10a391195d,458,2026-05-08,output,1932.7,Retiro en cajero ATM
4b26f4dc-f76f-4326-8b5f-da170640c05c,479,2026-05-08,output,3327.47,Pago de gimnasio
5d562da2-802c-4b70-a226-cb5de353f7c2,192,2026-05-09,output,4306.83,Compra en panadería
56424caa-3922-4f7a-86cc-b486fe58c827,193,2026-05-09,output,1913.26,Pago de servicios públicos
511270d1-88ba-4986-8310-3a3752545fca,292,2026-05-09,output,2009.25,Compra en ferretería
6cb5f0dd-8718-430e-9c70-7adbb020c49f,315,2026-05-09,output,1535.01,Compra en cafetería
225399f4-e4e5-4af8-81f6-237cb5dfb0a7,418,2026-05-09,output,3161.97,Pago de gimnasio
3d3ff2c1-097b-4fd5-9e4b-f8210fab3854,482,2026-05-09,input,826.5,Reembolso de servicio
f40b8f56-1459-49a9-8bb0-7cef195244e2,490,2026-05-09,input,13507.09,Transferencia entre cuentas
777e5344-81aa-4868-837e-cbb41228a407,577,2026-05-09,output,631.23,Compra en Supermercado
3f5e8d3e-db2c-4c78-9ad8-acdc7628c18b,583,2026-05-09,output,3715.46,Compra en panadería
9c661224-b83d-44e6-8b4e-d8f54e114e25,590,2026-05-09,input,14942.64,Reembolso de servicio
07bc6159-bc41-4a86-bbdd-c6ee004b9dd1,108,2026-05-10,output,1152.88,Pago de gimnasio
705a7bf2-ddc9-4938-8e3b-ab3aa2cd200c,454,2026-05-10,output,4079.04,Compra en línea Amazon
8ebc6939-626b-42d4-a630-e3f822d7a7c3,482,2026-05-10,output,1226.35,Compra en Supermercado
fd06b3ca-0915-472a-8ee6-e4116c19f393,211,2026-05-11,input,2636.37,Bonificación bancaria
d71d89e5-2f44-4d73-9de3-1f8c1b65c080,254,2026-05-11,output,4445.03,Compra en ferretería
7fc55a8a-2742-4b59-ac65-f8bccc5ffcaa,257,2026-05-11,input,14055.62,Pago de mensualidad
eaf55873-4336-4534-9351-d8a085a0a1f7,281,2026-05-11,output,3248.15,Compra en línea Amazon
e42347f8-051a-4cbb-89ca-bffc06caa0b7,473,2026-05-11,input,4614.46,Pago recibido de cliente
fc9351d4-3da5-49ae-835a-b863b7c807d4,512,2026-05-11,output,2404.38,Compra en librería
a2343288-f49f-4eac-839b-4b16617766f3,137,2026-05-12,output,2392.99,Pago de servicios públicos
ed3bbca8-7580-470c-8c86-257ea9eab19b,156,2026-05-12,input,1058.56,Pago de nómina
61ec9e57-2b15-41d4-80e6-265f7d31ce82,200,2026-05-12,output,1640.75,Compra en panadería
bef0ee5f-7f31-4032-845b-574fe705d61b,352,2026-05-12,input,10604.6,Reembolso de servicio
3c1862c4-2de8-434a-b271-9dd3caa92832,433,2026-05-12,output,2581.58,Pago de gimnasio
85f5fdaa-3085-4f3a-b8bb-53d396a1186b,458,2026-05-12,output,4761.71,Compra en ferretería
aa4cc468-4fda-4fcf-96ce-759b34159470,490,2026-05-12,output,2759.63,Retiro en cajero ATM
8790a400-3f21-4152-af31-693d05551600,571,2026-05-12,output,3727.72,Compra en tienda departamental
ea2e0868-dd97-4004-a99b-bf288008896f,383,2026-05-13,output,3758.1,Compra en ferretería
dcf4b14e-eb75-4955-bfbc-29b9fe61f09f,438,2026-05-13,output,403.91,Pago de gimnasio
33910545-6bba-4b2c-937a-5b99d2acfb41,472,2026-05-13,output,4735.43,Compra en línea Amazon
b4d8a3e3-993b-4073-abdd-8f66fab13b97,598,2026-05-13,input,1384.33,Transferencia entre cuentas
bc92782d-3a83-475c-8aac-d6ba9d4859f7,220,2026-05-14,output,4136.13,Pago de Spotify
1f1b7002-1a9e-4634-a2c2-e013a88378e6,263,2026-05-14,output,3235.21,Pago de servicios públicos
c8a71980-2aef-4c0a-a50c-7593e0cb703c,311,2026-05-14,output,828.43,Pago de Spotify
c0c43c0d-36f1-4f46-9e55-46ec0d25f0e9,349,2026-05-14,output,3292.24,Pago en restaurante
526b114a-0329-43f0-bd70-8f6cccd82afa,374,2026-05-14,output,2731.24,Pago de gimnasio
db100c08-0fd6-430d-8b65-3a180aca85bc,431,2026-05-14,input,5046.57,Transferencia recibida
e8bf0628-b58c-4c0b-9bf5-c5da17fb943a,557,2026-05-14,output,2776.85,Compra en Uber
6f1e94b7-8c32-456f-8647-f01e3cb051fc,598,2026-05-14,input,14841.35,Depósito en efectivo
3b489a39-14fc-4a91-b239-697d0c2f8a56,122,2026-05-15,output,3935.51,Pago en restaurante
b7aeafc6-2418-47b5-a944-661e4b1bd92c,147,2026-05-15,output,4003.4,Gasolina estación de servicio
1de09fa0-5d6f-42bf-83fe-e3eff75c1ebd,169,2026-05-15,output,758.08,Retiro en cajero ATM
5f70a8e7-0049-416d-adcd-bbd523f0cff3,364,2026-05-15,output,4321.39,Pago de Spotify
83325b3b-49c2-42ea-b570-68d603dcbf92,583,2026-05-16,input,6407.32,Reembolso de servicio
7e3d8e9d-9803-4b85-99de-d9aa21faafd8,285,2026-05-17,output,4680.28,Compra en tienda departamental
df707046-3c92-4b5d-8b1d-a9aa1a113279,550,2026-05-17,output,3880.28,Suscripción de software
6420a108-fdd7-4169-9499-b7c4f34a9b42,107,2026-05-18,output,3123.88,Pago en restaurante
a79a8a67-6e1a-44d4-8ce6-aeb415670604,292,2026-05-18,output,3052.62,Compra en electrónica
e2435f78-9aeb-443b-a26f-f9d27a47acc1,358,2026-05-18,output,2990.93,Pago de internet
afabf29a-90f6-4561-9051-2c952cf64801,373,2026-05-18,input,2174.04,Transferencia entre cuentas
52f4bdb3-beb3-4d45-8553-76bfb80668c0,414,2026-05-18,output,2593.3,Compra en farmacia
11c06f9c-da55-40be-a544-30e0bb043c6c,168,2026-05-19,output,911.11,Compra en Uber
6e9cd536-761a-4754-95a3-d0feb7c22071,237,2026-05-19,input,1442.74,Pago de mensualidad
14931d3d-3b0b-460b-b44c-7dc98c373924,243,2026-05-19,output,280.24,Pago de servicios públicos
e1f8d0c1-1343-4c5d-a67a-2a5953456c21,253,2026-05-19,output,4846.62,Compra en ferretería
c24ed4ff-2b3d-41e2-802f-325a8f422a47,284,2026-05-19,input,1788.14,Bonificación bancaria
6ffd2231-6071-46e9-9f93-a9911cc1d60a,405,2026-05-19,output,3211.85,Pago de internet
2945f129-065b-4b55-9e6e-f5c6762cde4e,408,2026-05-19,output,4623.87,Compra en panadería
9c4035f5-a43b-4e07-8f61-0a364e3a7cad,593,2026-05-19,output,3796.1,Compra en librería
728c8189-b01f-4629-9db1-0a299bae9c1c,123,2026-05-20,output,4072.36,Compra en Uber
8b9e616b-4661-4922-8a8a-9067a03b6035,156,2026-05-20,input,4898.67,Reembolso de servicio
a7021a15-8f96-4194-bf4d-3bac9b22fd77,165,2026-05-20,output,2854.79,Pago en restaurante
089716d4-3520-4f2c-b84a-301e12fc94b9,222,2026-05-20,output,4682.95,Compra en farmacia
d6be0d83-913f-4021-b3f5-d7359b408442,317,2026-05-20,output,1051.06,Compra en librería
14065ee7-e8a9-4abd-b225-de91fb428c18,386,2026-05-20,input,8240.18,Pago recibido de cliente
6d517019-7f6f-484a-98ee-9fb870d5c2b8,401,2026-05-20,output,3948.83,Pago de Netflix
473a45da-c4ab-43c7-8c03-51bd75a73c05,408,2026-05-20,output,2572.27,Pago de internet
10291f1d-154d-4297-8164-73c4ceda1d52,532,2026-05-20,output,4286.72,Compra en Uber
0d698989-b92e-4d9f-bf09-4dd571c71621,201,2026-05-21,input,461.91,Reembolso de servicio
4e6472ce-d759-4c1d-bd0b-9bbbbedf57c3,202,2026-05-21,output,4870.24,Compra en farmacia
c9246546-3e27-4678-b675-d013119a132e,306,2026-05-21,output,4271.26,Gasolina estación de servicio
f8aa7137-177f-4e8f-8e0d-457b5a03ab5b,423,2026-05-21,output,3892.98,Compra en librería
d500b5b4-ce36-4058-9018-255ebd489f5f,446,2026-05-21,output,2903.49,Compra en Uber
8bdff5e5-d5cf-44fa-97b9-fabf230cea95,537,2026-05-21,input,13307.12,Bonificación bancaria
0c655d29-6cd5-4e3c-b6b9-48fe610cf9f8,591,2026-05-21,output,765.52,Compra en librería
0799acd5-e3e2-4ce9-afde-e6b0566e4931,261,2026-05-22,output,3617.34,Compra en electrónica
cdeda459-d4e6-4622-aa1e-49f6fb9972b9,307,2026-05-22,output,756.05,Compra en Uber
06975801-302f-40ae-bc62-e7f22f380ade,311,2026-05-22,output,677.69,Compra en electrónica
eb00c277-2177-4f70-9181-e6b5cdc840fb,138,2026-05-23,output,4250.23,Pago de internet
0027f168-9e10-4b04-bae5-45433403c859,330,2026-05-23,output,1950.61,Pago de Netflix
3066c4f5-cf50-4eab-aa88-3c940e6193ce,514,2026-05-23,output,4512.38,Compra en farmacia
6779c65d-595a-411a-9063-314e21f389f5,538,2026-05-23,output,443.79,Compra en ferretería
7d85ed9b-3731-4d2e-8742-1bbe8e832a4a,106,2026-05-24,output,574.65,Compra en Uber
cfad0a62-f612-4146-9a02-5d4dba740062,125,2026-05-24,output,2584.88,Pago de Netflix
050cb770-3972-4419-bad7-d11a1a124b09,186,2026-05-24,output,3863.48,Pago de gimnasio
bab16396-9739-4506-9448-7d85a4b8023c,361,2026-05-24,input,5045.21,Reembolso de servicio
b029b904-e7fa-4fb8-b0a0-bd709ff31b82,435,2026-05-24,output,3521.81,Pago de Netflix
235da4ef-3cdd-48c4-b06b-3494e5ed06d2,559,2026-05-24,output,1804.53,Pago de servicios públicos
d9daccd9-8514-4123-9af7-6383f2043eaf,108,2026-05-25,output,301.79,Compra en línea Amazon
e8cc3d07-2b7c-46a6-b923-b8efcd05801a,246,2026-05-25,output,3515.96,Pago en restaurante
f96abe89-a918-42ac-8817-85c6de39f092,388,2026-05-25,input,10410.71,Devolución de compra
ea594ed2-8488-49d2-a8de-b49aabadf18c,443,2026-05-25,output,4824.19,Compra en ferretería
14c6472a-57b7-476d-b2fa-94889d2c391a,519,2026-05-25,input,5787.63,Pago de nómina
c0dae248-d5df-40ee-be97-87517b583871,566,2026-05-25,output,3237.43,Compra en librería
87803a23-5f36-44d0-93ca-2af38227c307,586,2026-05-25,output,60.52,Compra en panadería
96ea70e0-9090-4747-b62d-9e5d678c11e3,421,2026-05-26,output,4906.53,Gasolina estación de servicio
a414d022-35be-40ff-936d-beeeca1882a3,462,2026-05-26,output,1179.49,Pago de Spotify
b1934b98-4b0a-4f9e-a75f-c2b8fa1321fd,190,2026-05-27,input,811.04,Reembolso de servicio
a927d2ee-a63f-43e4-9f0f-8177288c1ab7,191,2026-05-27,input,2013.94,Pago recibido de cliente
bbf752c6-1866-492f-93e6-6e204a88b401,315,2026-05-27,input,11845,Pago de mensualidad
cda7d91d-27cd-4034-bce2-b693baf2413e,564,2026-05-27,input,3951.83,Devolución de compra
bd7ccd4a-d6d3-4021-8240-f1f8b2a7859b,104,2026-05-28,input,5597.63,Depósito en efectivo
a1707369-aab7-412b-b76b-a3743617eb39,265,2026-05-28,input,12747.85,Devolución de compra
0bc4d6d3-87ec-4b46-8e80-6683864b79f8,282,2026-05-28,output,4775.62,Compra en Supermercado
e2b50750-87be-4a9b-97b1-05e0efa5d08b,315,2026-05-28,output,108.38,Pago de gimnasio
558d7e13-053b-4df4-81a3-b49904ba2777,453,2026-05-28,output,3876.11,Pago en restaurante
fb6870ae-1062-4e6c-bcd5-c1df84562b48,544,2026-05-28,output,2139.51,Compra en Supermercado
a2efa57a-b05d-4a83-b6fc-1e8de8416d4f,567,2026-05-28,input,1453.32,Pago de mensualidad
889e73ba-54bc-48cd-b7e9-0b23709817c7,122,2026-05-29,output,743.76,Compra en ferretería
25eb1cdd-79b1-40fe-bbf7-6c689bc41ca1,164,2026-05-29,output,1008.4,Compra en panadería
3b5b9f0f-31ff-4724-a92f-4bfa5c93be8e,181,2026-05-29,output,2706.32,Pago de gimnasio
c1233833-1ff8-4114-adfa-6e8043902e8f,258,2026-05-29,output,2209.05,Pago de gimnasio
ef42972c-d533-426a-87ff-0c669922abb9,302,2026-05-29,output,3841.86,Pago en restaurante
ca7fae15-4f8b-4ac9-85ee-f0e039756c19,311,2026-05-29,output,3373.88,Pago de servicios públicos
ab3d9b47-c6ae-480d-b72d-36112a486a2e,353,2026-05-29,output,615.89,Pago de internet
787cc4f4-570c-4176-bd97-5284446d80e2,354,2026-05-29,output,3445.03,Pago de servicios públicos
3b6b9833-f9c7-43bb-a456-09e01f447d91,512,2026-05-29,input,3391.9,Transferencia recibida
884f28b3-352d-45eb-bce3-602063352854,595,2026-05-29,input,8346.24,Bonificación bancaria
f570b1a1-da93-47ac-be44-a121ff85a064,121,2026-05-30,output,1460.67,Compra en electrónica
6b99a0b7-b78b-487b-8d35-4ccae2b8fcc8,130,2026-05-30,output,2927.4,Compra en panadería
3422ab94-238e-4b1f-877d-6f0b79225c39,136,2026-05-30,output,2502.1,Pago de servicios públicos
2a071fbc-6662-44aa-bee0-42c278a73a7c,269,2026-05-30,output,3618.26,Pago de gimnasio
be69ac76-1b8d-4d81-91a7-de5d95b75e96,359,2026-05-30,input,8398.88,Depósito en efectivo
4ed5a9ee-0808-4746-a80a-95a72a55dd64,442,2026-05-30,output,1540.07,Compra en tienda departamental
d19c6f92-cf95-4b23-825d-e85bf04c697f,307,2026-04-01,output,2110.71,Pago de gimnasio
e1971ed5-bf5c-47f7-9b72-e3b958c1be25,392,2026-04-01,output,1028.83,Compra en cafetería
ee6bdf19-fc08-4784-9dd8-918594bde778,441,2026-04-01,output,815.71,Compra en Uber
b8aa39fa-bb19-46ef-a632-e1de740f4b88,591,2026-04-01,output,2656.83,Compra en ferretería
24235fc5-2452-420c-9a4b-3b5e3679d284,232,2026-04-02,output,4613.77,Pago de gimnasio
c82d6490-67b9-47d8-9310-b41eccc2ccbd,330,2026-04-02,output,4228.92,Retiro en cajero ATM
ecc70f71-74c0-4081-82a4-9af0f6ddd3ca,498,2026-04-02,input,3338.33,Pago de mensualidad
a0f0a46b-2a07-406c-8c20-a4dcfa72fa30,529,2026-04-02,output,70.27,Compra en cafetería
ea355fe9-636b-4b79-be30-e25392287a8e,255,2026-04-03,output,563.77,Pago en restaurante
a6ab3c2c-a1fc-4b7c-96ca-4678a0ccea76,290,2026-04-03,output,1549.52,Pago de Netflix
f0c818b3-27df-458c-9373-6c147f49ffc2,350,2026-04-03,output,294.25,Compra en ferretería
77755c61-b2d8-4a5e-8066-a9b0c830987a,410,2026-04-03,output,1838.34,Compra en farmacia
d9730a61-9b1e-4c70-a0b6-b5f65faad9c2,417,2026-04-03,output,1029.94,Compra en Uber
8dbde340-972c-4598-af80-57a2301fe566,429,2026-04-03,output,3939.11,Compra en electrónica
0b2a9622-25ae-49aa-83d4-a3858a4b905d,539,2026-04-03,output,4641.84,Compra en Supermercado
1e365947-4853-4ab4-9f9c-abea03e607f2,563,2026-04-03,output,751.62,Compra en tienda departamental
16b3bc95-ed12-486a-8df9-423d3741f47d,599,2026-04-03,input,770.15,Bonificación bancaria
832d9918-8a4e-418e-a3f9-8a23ecde6ba0,193,2026-04-04,input,14476.06,Transferencia entre cuentas
47cde117-41c9-4d42-803e-757ffe06eb1f,244,2026-04-04,input,662.17,Pago recibido de cliente
17ccd072-6cf5-4d33-80c0-0055fb50ff7f,263,2026-04-04,output,3697.14,Compra en cafetería
542455b5-5232-4a84-bc28-36e376cc16bc,466,2026-04-04,output,3714.39,Retiro en cajero ATM
25500d59-8609-48fb-9be0-284ef017fc93,523,2026-04-04,input,2554.72,input por reclamación
74b0a399-587c-4857-8790-773f0fcffc92,134,2026-04-05,output,2695.17,Suscripción de software
69439c73-2e6b-449f-a2d1-a919a68f5528,223,2026-04-05,output,1958.75,Pago de servicios públicos
40206bde-5e05-4b48-bed5-8dd8d1ff6059,425,2026-04-05,output,2048.96,Compra en cafetería
fa350b36-c57b-4da4-ba62-e619cbd96a22,427,2026-04-05,input,14945.86,Pago recibido de cliente
698ceb93-0974-4144-adbe-d5e76ac28780,577,2026-04-05,input,7485.43,Transferencia entre cuentas
d3fa2939-69f3-4157-83f3-b01483ae8f8d,129,2026-04-06,input,1927.9,Transferencia recibida
7ddc6332-c12d-4722-ad88-aca2fdd7f3a3,133,2026-04-06,output,229.54,Gasolina estación de servicio
2a222f90-e75c-4bad-8760-e7087c9ab449,209,2026-04-06,input,8316.67,input por reclamación
be887979-4a20-4190-a2f4-cbc8211ea624,238,2026-04-06,input,5024.46,input por reclamación
7c83963d-a035-4c7b-80a2-1bac3db1bb0c,341,2026-04-06,output,1611.34,Pago de gimnasio
6672dc0e-02b1-4b96-82bb-a2d8320ebe91,343,2026-04-06,output,2875.67,Compra en farmacia
5992c463-c03b-4b0b-a917-cc38137675ff,385,2026-04-06,output,1463.85,Compra en Supermercado
5dc09773-24b4-44a0-8148-fc63354466c5,478,2026-04-06,input,6264.83,input por reclamación
fd8ed483-8ad7-4de5-a50e-c41433d58b88,528,2026-04-06,output,1306.18,Compra en Uber
4599adfb-2143-4d21-a704-fda1c2710b57,544,2026-04-06,input,8182.48,Pago de nómina
81958052-d82e-40fc-aca8-c9f4b3f5d50a,562,2026-04-06,output,2281.05,Gasolina estación de servicio
367e847a-3189-4fbd-b9f9-71b9a944982f,107,2026-04-07,output,2436.11,Pago en restaurante
d1942a2e-9405-4b5d-afc1-2143be7a35fe,227,2026-04-07,output,1177.52,Compra en librería
580b5eb6-4914-4bde-bc9c-e043bcd310f0,276,2026-04-07,output,1516.26,Compra en electrónica
cea388c5-26f4-4b7a-8051-31e188714be8,298,2026-04-07,output,3471.43,Compra en farmacia
6000e8b6-a2fa-49f9-8a5e-88431912a927,576,2026-04-07,input,11606.74,Depósito en efectivo
8b54ef48-d95b-434e-a4eb-183648a6ce71,600,2026-04-07,output,3305.76,Compra en línea Amazon
9afa49ef-6efe-4fde-9766-4c557c48ceee,279,2026-04-08,input,2134.78,Transferencia entre cuentas
ff71b691-2464-4ef1-ba31-93af23b07f72,323,2026-04-08,output,3049.58,Compra en línea Amazon
b7fcf3cd-1c39-48cd-a6cb-d4aa85bd683d,352,2026-04-08,input,7309.87,Devolución de compra
494e8138-1899-48a9-a1b1-cbba104a2cba,415,2026-04-08,input,1356.16,Reembolso de servicio
d3ddcda7-ba49-4f73-8643-d1fe41384efa,101,2026-04-09,output,911,Compra en línea Amazon
32258012-bab6-43fa-9acf-099b17db1f3f,195,2026-04-09,output,3526.02,Compra en Uber
f4d6df44-e5e0-45f7-bcca-70e939287fb9,392,2026-04-09,output,4285.19,Compra en cafetería
03a7cbdd-6149-4755-8e4a-18c004198a2c,516,2026-04-09,output,109.64,Compra en ferretería
b074fab1-4cb8-4bb9-85dd-cdebf70c23f7,550,2026-04-09,output,2599.35,Gasolina estación de servicio
ed1e4093-eb60-40df-8d36-eba3b6b60fde,180,2026-04-10,output,149.7,Pago en restaurante
08b05dd3-ffd6-41db-afd2-96f2e28753dd,282,2026-04-10,input,8330.56,Pago recibido de cliente
e2c67d32-ae52-458c-9575-2c0b068bc934,311,2026-04-10,output,3488.09,Compra en cafetería
e983cbac-0964-4261-b5fa-6f42fbd7e7bf,336,2026-04-10,input,12015.54,Pago recibido de cliente
e160f828-0e86-4b25-90d5-e0f452bc3390,397,2026-04-10,input,7202.07,Devolución de compra
42e2b353-92c7-4a5f-ae51-f20c4b0ac5e8,417,2026-04-10,output,2037.24,Pago de servicios públicos
ec8957fd-7be9-450d-a11e-cc10a292aad3,443,2026-04-10,output,1719.21,Compra en tienda departamental
b45b2374-b297-4b70-816b-02231204468f,447,2026-04-10,output,3288.31,Retiro en cajero ATM
fb839642-7e6b-44d5-8a92-bc0e9aa19d20,152,2026-04-11,output,3776.18,Pago de internet
780a3bd9-37d6-4c1d-8c2a-dc9016de19f7,157,2026-04-11,output,2090.28,Compra en línea Amazon
abd2b3e2-d89d-4b72-85bb-d67822d76473,215,2026-04-11,output,4040.11,Compra en cafetería
41a7a823-8e10-4a0c-9935-211fad7c27b6,451,2026-04-11,input,1814.51,Depósito en efectivo
3218db30-1671-4e17-8403-1c585f3995b1,569,2026-04-11,output,858.55,Pago de internet
54fda538-506c-4f7d-a9af-521ce7606ec0,119,2026-04-12,input,10464.33,Pago de nómina
bdeb32e9-1191-4e90-8b5d-80d0b34d43a8,173,2026-04-12,output,3037.72,Compra en electrónica
df2dc8a9-8af3-4962-aff4-9e5ca68ba0eb,286,2026-04-12,output,619.26,Pago de telefonía móvil
bd9fc405-1cae-430e-a9a4-e31d4f9e702b,382,2026-04-12,output,1247.67,Pago de Netflix
26c7a674-be25-470c-a01c-7cfb1f05c2e2,404,2026-04-12,output,2435.11,Pago de servicios públicos
9fa1eda0-806b-46c9-9677-3063b1cfb2f4,518,2026-04-12,output,2298.33,Compra en línea Amazon
bd61a924-60fc-4995-8f5d-153aa41df7e1,177,2026-04-13,input,3115.26,Bonificación bancaria
eab07395-2df3-42e7-a417-d34ecbe06525,245,2026-04-13,output,4308.47,Pago de telefonía móvil
6b765029-09bb-463c-bbd3-f779958636f7,281,2026-04-13,input,13334.58,input por reclamación
156336d2-426e-4018-932a-5484f9112ffa,328,2026-04-13,output,4037.99,Compra en Supermercado
d9db9b60-e33f-416c-8542-d068ec837aee,396,2026-04-13,input,2366.17,Transferencia recibida
edd21daf-4c5b-4aa9-8c0a-6e30e61e9508,466,2026-04-13,output,4655.77,Pago en restaurante
c293edac-8e5d-4f4c-a65f-4207fdaf27e0,495,2026-04-13,output,3635.46,Compra en línea Amazon
bba64330-fc6b-4e0d-b314-7afafa17e59f,104,2026-04-14,output,3854.3,Compra en línea Amazon
8fe8d892-d0ee-44e7-b8ca-e2dc065e2c97,150,2026-04-14,output,2087.52,Pago de telefonía móvil
426a24f4-96d6-4538-b38d-9ec4d205ee66,250,2026-04-14,output,3757.41,Pago en restaurante
af9e872d-25b9-47df-b73e-26b5f9718beb,580,2026-04-14,output,1004.59,Compra en tienda departamental
1552f01f-5339-4f02-87f6-d55d20aefa48,166,2026-04-15,output,4847.06,Compra en línea Amazon
fd0cc313-c7f5-4f2d-84cf-d3d3a619c2ae,242,2026-04-15,output,2712.14,Compra en electrónica
a05c7e10-eeac-41f2-a580-2c2ab89a38ca,283,2026-04-15,output,3824.6,Compra en farmacia
3f13aba9-a259-4621-849a-09a9ebc0187b,284,2026-04-15,output,1792.18,Compra en Uber
98fb1ea5-b8a7-4d9a-8729-88a0ef8c33c7,302,2026-04-15,output,4104.21,Pago de servicios públicos
b2fd39d7-ef0d-4aaf-b8da-2ba4228c9c53,333,2026-04-15,input,4950.18,Bonificación bancaria
64a5ad99-ce89-406b-b291-e0cc5d939f37,371,2026-04-15,output,4291.48,Compra en cafetería
fe61e95d-dc23-46cf-9951-12a88097a1e6,395,2026-04-15,output,3283.58,Compra en línea Amazon
050a68e9-a7eb-4ea4-885b-89755f1f7d39,435,2026-04-15,input,1483.09,Pago recibido de cliente
7a1c27ac-bbe3-475a-bdd6-1cb76597ac17,480,2026-04-15,input,14086.78,Transferencia recibida
933d86b8-cf27-43cc-8cd3-eeedb32ac711,600,2026-04-15,input,13181.98,Pago de mensualidad
2597ff17-015a-48c3-9227-ec02bf5cd215,176,2026-04-16,output,2265.6,Compra en Uber
a5ad740a-1b9c-4431-be88-90edbf707597,213,2026-04-16,output,3619.68,Compra en ferretería
90f441fc-270c-4833-a348-e54dd7d48fb9,230,2026-04-16,output,3348.51,Pago en restaurante
3c9b4477-e4fc-4abb-a866-0b063b09dac9,231,2026-04-16,output,2931.32,Pago de internet
f86767ba-d436-400c-bc18-38944b916fef,231,2026-04-16,output,2624.4,Pago de gimnasio
4aa45ca5-6f9e-4e87-8b4d-060f036bf2db,255,2026-04-16,input,12611.5,Transferencia recibida
a5af0894-3620-495c-b992-84c0fc2f4247,308,2026-04-16,output,2049.79,Pago en restaurante
4fd8548a-03a1-43d5-a357-7597781791b7,349,2026-04-16,output,4355.31,Compra en tienda departamental
6d0cb460-9984-4929-badd-3b095901d828,378,2026-04-16,input,3611.87,Pago de nómina
2df5bd31-ee28-4b36-8240-03a474a42f1e,379,2026-04-16,output,4980.02,Pago de internet
857e3c26-c106-4b22-b260-926e994c4289,383,2026-04-16,output,4146.01,Pago de gimnasio
d3186af5-fdb3-4f82-b110-ff49442df931,403,2026-04-16,output,1608.69,Compra en librería
064cfb5d-de5c-4a0a-a43f-358edcb585e3,409,2026-04-16,output,3010.5,Compra en Supermercado
d4d4d31f-54f7-4930-851b-56d2d95610b1,510,2026-04-16,input,9285.31,Transferencia recibida
7891be35-e999-4b01-a322-a4dbf6de3d3b,586,2026-04-16,output,2474.24,Compra en farmacia
ec9ee91b-c169-4993-ab34-964bb012b68f,214,2026-04-17,output,1195.42,Pago de gimnasio
100e0242-ceb8-4168-8878-e8f72335cef1,395,2026-04-17,input,9845.98,Pago de nómina
9876d156-01a0-4a30-9081-d09394e70814,399,2026-04-17,input,14768.79,Reembolso de servicio
767bdd6f-3537-42f1-953a-2dcbf13cd413,431,2026-04-17,input,9514.71,Devolución de compra
d4ba433e-bf67-4106-ac97-72953b6887dd,109,2026-04-18,output,4254.53,Pago de Netflix
4e1d1547-e3e0-4df6-9696-6b2a99d76783,138,2026-04-18,input,5251.83,Pago de mensualidad
de6fff65-539e-41b0-901e-f904c7a81d09,517,2026-04-18,output,3160.24,Compra en tienda departamental
21ad0e47-36d6-49c6-9270-e3462d936d72,590,2026-04-18,output,4382.1,Compra en Supermercado
18895fae-4b50-438b-95fc-2032db2eafa3,401,2026-04-19,input,13810.56,Depósito en efectivo
10223696-dd5c-44fd-9409-d8910c9a107f,432,2026-04-19,output,2483,Pago de internet
256c200d-d40f-4a3e-afc8-f438fce3deb0,584,2026-04-19,output,496.87,Compra en farmacia
03173be6-23d3-4cee-9a80-c00307af7c49,114,2026-04-20,output,4814.3,Compra en electrónica
4d626917-34ea-45d8-b2df-1024b0f994c8,125,2026-04-20,output,4312.18,Retiro en cajero ATM
ab33aa9e-a32c-44ba-aa8d-43f5e51fd79c,200,2026-04-20,input,6776.57,Pago de mensualidad
0e6945d7-1234-4a54-bc71-ad63fd1c3002,205,2026-04-20,output,465.02,Compra en Uber
1d365451-fc71-46f1-b309-5bf79edc3814,276,2026-04-20,output,2201.51,Pago de Netflix
3d453217-2d39-46c7-a0e0-694fbcafe9b5,277,2026-04-20,output,4284.69,Suscripción de software
bd330738-e117-40f3-b800-e632f1e2dab7,288,2026-04-20,output,4591.4,Compra en línea Amazon
40f38ebd-3282-4753-8f9e-5a3ff9779446,293,2026-04-20,output,337.53,Compra en cafetería
8537268b-ce00-4367-9a06-730f32dcc766,358,2026-04-20,output,3386.75,Pago de gimnasio
590d2cfd-ff4a-44b3-91cd-7580372dde46,518,2026-04-20,input,10168.24,Pago de nómina
0ee7ab15-b722-40c7-8472-c06a01ac0179,247,2026-04-21,output,3792.87,Compra en línea Amazon
0d6c17d0-2651-4401-b1f0-7eaff0bcbd55,303,2026-04-21,input,833.48,Devolución de compra
b2f7e11d-b2d0-4977-8848-1f7dacf8b42c,326,2026-04-21,output,3330.18,Gasolina estación de servicio
c90f7417-9dba-439b-bbbc-81f16ac13069,357,2026-04-21,output,1492.14,Retiro en cajero ATM
487f527a-fef5-45c9-a2d3-50a0b0888976,373,2026-04-21,output,2139.21,Compra en farmacia
d249eabf-bb6b-4e57-ac90-9884be192b55,487,2026-04-21,output,653.1,Gasolina estación de servicio
ca381a21-8e20-4492-8144-0a2569962c09,543,2026-04-21,output,1351.13,Pago de Spotify
1c3ff561-ed9f-445f-80a2-b49169ebfd7b,113,2026-04-22,output,291.05,Pago de internet
4405d25b-abad-438a-82c5-f7238a638b6a,157,2026-04-22,input,4280.6,Bonificación bancaria
e6d506d6-2395-412c-8833-c45f6eada662,561,2026-04-22,output,4749.4,Compra en cafetería
b5bc9806-5e78-4f2f-9bfd-0d8d1331297f,133,2026-04-23,output,2231.75,Compra en Uber
3a92077b-d305-46d6-ba4f-675abb83c14d,148,2026-04-23,output,1258.72,Retiro en cajero ATM
46d29076-7334-415f-99fe-a5842a69e3d8,152,2026-04-23,input,7949.46,Transferencia recibida
dfd92d8a-76a6-48ff-929e-2ce6f08fc59f,164,2026-04-23,output,4077.26,Suscripción de software
05e0f91b-5230-4351-893f-203338d17a56,169,2026-04-23,output,2803.26,Pago de servicios públicos
bab85b36-9e8f-42fa-b180-33937007e4a4,252,2026-04-23,input,12823.55,input por reclamación
a3407624-8a21-4db5-be25-5f48a2f21d78,259,2026-04-23,output,4333.21,Pago de internet
5050ee29-2e6f-4101-87da-a63186174871,269,2026-04-23,output,4330.7,Pago de servicios públicos
603900ec-8285-4628-8fc4-ec2c3b81f293,312,2026-04-23,output,1851.67,Compra en farmacia
9ace2479-9ca0-422a-afca-d33d327e481f,537,2026-04-23,input,1034.42,Bonificación bancaria
fa20acb3-ea14-4e9b-9657-9ea19d4dd24f,587,2026-04-23,output,951.84,Compra en Uber
7e182076-05c3-4e17-a5db-81332ab68695,598,2026-04-23,output,3493.51,Suscripción de software
a7d91868-93f4-4234-9d91-929527510eb6,127,2026-04-24,output,2266.79,Compra en farmacia
8d6b453d-db16-425d-9103-73763c7e55ad,140,2026-04-24,output,87.46,Pago de Spotify
bd04d353-ea61-472a-baf2-75e9e6680eb8,173,2026-04-24,output,1381.6,Suscripción de software
bf50433b-60db-495c-9386-72379fd97da5,221,2026-04-24,output,693.42,Compra en línea Amazon
0b5479b8-9503-4a0b-b7ee-dd90dc6d3150,535,2026-04-24,output,364.06,Compra en ferretería
3ffb31d8-1935-49da-82ed-dc65d6409458,139,2026-04-25,output,2264.82,Pago de gimnasio
5460b761-59fe-4767-904b-c191c050dc37,149,2026-04-25,input,6218.65,input por reclamación
8809358d-dd9c-4344-9920-98b02ae0e4d8,251,2026-04-25,output,802.07,Gasolina estación de servicio
5112d8e2-3aa9-4540-b99b-ecf6ca6b1770,395,2026-04-25,input,13975.98,Bonificación bancaria
f94cd89f-dfd4-4903-8221-dd3cbdf63cc0,502,2026-04-25,output,3178.92,Compra en panadería
a3ff4425-5177-4c8f-a100-6d18741ddcbe,514,2026-04-25,output,352.77,Pago de internet
c9be663c-c912-448a-a5ca-8a1fa3c6c445,563,2026-04-25,input,13620.87,Transferencia recibida
22d78af2-49bb-4bfe-b71c-e59597fd1d41,349,2026-04-26,output,3007.2,Compra en tienda departamental
36b8fb9b-1259-4151-96e8-a782e06e85b9,518,2026-04-26,input,9927.29,Transferencia entre cuentas
c4940f10-f2c5-4217-92b7-97f07be29552,538,2026-04-26,output,3101.87,Compra en cafetería
47b55ff9-6caf-4fc9-8fb6-1dd44b251b54,120,2026-04-27,output,3488.73,Suscripción de software
43af7f3a-58b6-41cd-aa94-b6439ab520f2,164,2026-04-27,output,1007.59,Compra en línea Amazon
b54f44e3-67e9-4c68-9871-f554719d3411,296,2026-04-27,output,3962.01,Pago de telefonía móvil
e88979d5-10a5-4dae-a836-4044396ff945,356,2026-04-27,input,10002.95,Transferencia recibida
84ae4bcb-16d7-445d-b7fd-c05be1f6a44c,424,2026-04-27,output,310.26,Compra en Supermercado
70aad674-cd1b-4cf1-8b26-02103a50bda6,524,2026-04-27,input,8236.5,Devolución de compra
b9ba0858-fca4-47e5-8b53-07f08507c8dd,595,2026-04-27,input,11103.36,Pago de mensualidad
eb3c5ffe-2f4d-44e1-836e-2bd2e8c2f87c,183,2026-04-28,output,1217.92,Compra en tienda departamental
b122231d-ba20-4f61-a2b8-7004aa44afe5,302,2026-04-28,input,6279.93,Pago recibido de cliente
f841f802-ea7a-494d-a49f-691baf2d4775,318,2026-04-28,output,3974.19,Compra en tienda departamental
931ea19c-b267-46b0-acfb-ed85b278e04d,330,2026-04-28,output,2623.92,Pago de telefonía móvil
163ea467-34db-465d-8d1d-02589b54ceee,126,2026-04-29,input,9260.76,Transferencia entre cuentas
6b7bb83a-4650-435d-9050-eeab5c9442f2,210,2026-04-29,output,3758.65,Suscripción de software
552f2a23-3262-4ea6-9b1e-f30d46ed4770,228,2026-04-29,output,2461.03,Compra en electrónica
5fc05367-b7f6-4ba6-8b06-dd35f856d78b,264,2026-04-29,output,3176.16,Pago de Netflix
71e085f0-b52e-4b5c-8384-4bb4afece3f2,282,2026-04-29,input,3859.15,input por reclamación
a1490fa0-7ebf-4df1-9e42-cfba96a68774,290,2026-04-29,output,1437.35,Compra en cafetería
e5db37f8-2a62-4a9c-a5ed-0c338b593411,442,2026-04-29,input,7720.13,Bonificación bancaria
19bbd0c4-01e5-43b9-847a-97276ad02496,453,2026-04-29,output,1344.35,Pago de servicios públicos
9f25eba1-e910-4599-88a3-9392543bae5a,481,2026-04-29,output,3886.37,Compra en ferretería
7b835a18-7e90-4836-a972-5ced32656328,495,2026-04-29,input,1908.91,Transferencia recibida
21bcf797-eb1f-4e0c-bdbf-1ea7e0a3a049,113,2026-04-30,input,9098.67,Devolución de compra
fd3af39a-53a0-4777-95b9-8b947643b97e,373,2026-04-30,input,4963.48,input por reclamación
6fbd0601-296e-49c8-8695-f0db8a3ff680,481,2026-04-30,output,2389.27,Pago en restaurante
0df44dee-2294-4750-9062-bedecd97b4e3,509,2026-04-30,output,21.26,Pago de gimnasio
23240670-2052-47bd-a46a-0a84cc382113,188,2026-04-31,output,1270.92,Compra en línea Amazon
22facedc-aebe-44c9-a689-8d9627c34b0b,195,2026-04-31,input,513.2,Bonificación bancaria
3892da30-1ecc-4075-99b7-bfff34e33f5d,198,2026-04-31,output,1326.89,Compra en cafetería
c1987e6a-f4d6-411d-9b85-905bc1e795ef,517,2026-04-31,output,4084.77,Suscripción de software
c4c8210e-95da-472e-9d63-4a7a12994057,115,2026-03-01,output,4701.45,Gasolina estación de servicio
bc444d92-88b4-4f28-b750-6a50b0042f11,280,2026-03-01,input,14730.86,Devolución de compra
adae43b4-d128-407d-b21b-25ffe7adef1c,326,2026-03-01,output,57.84,Retiro en cajero ATM
d858248f-078f-4040-b721-c4e26f925d21,327,2026-03-01,output,4321.75,Compra en librería
95e4aec6-f17d-41ef-9e49-8ada706aac8c,352,2026-03-01,output,3354.13,Compra en librería
bd21330c-58ac-4b76-9f9a-7811005d03d8,392,2026-03-01,output,119.87,Compra en farmacia
f14ebfde-801a-4f3b-b28c-ee486f88e0f8,531,2026-03-01,output,2637.66,Compra en panadería
630ea082-f030-41bf-8103-7c9bf04ffa13,223,2026-03-02,output,4126.85,Pago de gimnasio
2e5f80dd-cfae-4933-a8fa-7f07cb7277a0,267,2026-03-03,input,3836.09,Bonificación bancaria
6eca6b0c-d174-402f-ab29-12321204a333,274,2026-03-03,output,4153.77,Retiro en cajero ATM
9e2132fb-ab6d-47a9-b786-01fb227a79e1,280,2026-03-03,output,3293.99,Compra en librería
7d917297-4733-43b5-8d41-dbe92f2e3a46,396,2026-03-03,output,4229.43,Gasolina estación de servicio
6e821a03-becc-4f0a-884b-cbcaead750ab,411,2026-03-03,output,1291.3,Compra en tienda departamental
6e097843-f3de-4d87-bd67-e6bd881b7752,224,2026-03-04,output,2378.91,Compra en ferretería
521b750b-d78f-4a9e-a555-fd89b508463e,244,2026-03-04,output,4993.67,Compra en línea Amazon
ae9b2fb1-7cc7-4e37-84b4-6d839768ba7d,251,2026-03-04,output,4220.97,Compra en Uber
0e98366e-87da-4423-b3e4-89ece0ab9d0a,266,2026-03-04,output,167,Compra en Supermercado
5e6ae95f-2f0e-4231-8f71-a161a2922274,357,2026-03-04,output,3916.04,Pago en restaurante
446e7146-768f-459b-ae33-39c7d04153dc,530,2026-03-04,input,7348.54,Pago recibido de cliente
76e56e71-0e20-4451-855a-8724ea5b63d9,190,2026-03-05,output,4695.61,Compra en electrónica
5ff8c61d-6a07-43b9-aa44-05f0e5ca9a49,221,2026-03-05,input,3801.88,Depósito en efectivo
5a27419f-65cf-4424-85a1-ec3714a31b95,377,2026-03-05,output,4771.48,Compra en Supermercado
b04ba789-25cc-4f4a-a59d-b349062f563f,451,2026-03-05,output,347.75,Pago de Spotify
3315364e-8c07-468e-a670-4585fad81fa4,177,2026-03-06,output,3490.06,Pago de servicios públicos
09aa841e-af46-4882-889c-3388aaefbdc7,280,2026-03-06,output,3640.38,Pago de Spotify
44185674-3aa3-417a-92ef-ce2575818142,490,2026-03-06,output,4017.66,Compra en librería
37b42a5b-99a2-4889-80af-cba03c1ea6c6,247,2026-03-07,output,877.8,Compra en Supermercado
d3628569-ab42-468c-bfc7-7c4c1bdab3a7,396,2026-03-07,output,2477.76,Compra en Uber
97f512f9-faf2-421b-a6e2-e4ca296ca2a5,535,2026-03-07,output,1652.04,Compra en tienda departamental
189b46ac-b619-45c5-aca8-3554ad2a9112,108,2026-03-08,output,2053.99,Compra en electrónica
7c2e2718-63e8-4eac-8a1d-789d5822f412,255,2026-03-08,output,60.79,Compra en farmacia
08d3228d-db73-44f0-a54e-ea258f2dd104,448,2026-03-08,output,4359.2,Pago de Netflix
3c4ea689-a0cb-4bee-b874-fda8b27f831a,231,2026-03-09,output,4750.74,Pago de Netflix
03919527-0f5e-40e6-952a-6c827c035d71,267,2026-03-09,output,3238.39,Compra en Uber
7c8b30d1-1ae3-445a-bd72-e927c24da45d,277,2026-03-09,output,168.56,Compra en librería
0249f8d2-d5be-4dba-961e-0e717c1e477d,301,2026-03-09,output,421.42,Pago de servicios públicos
8eee2b07-12c1-4993-943b-425d9afb06ec,395,2026-03-09,output,3846.25,Compra en librería
b51fcbc2-a264-4078-ae13-c7c54cff8d89,464,2026-03-09,output,1142.68,Pago de Netflix
0ea9c93e-d1e0-4816-bc4f-3c9428bee6b5,488,2026-03-09,output,1284.09,Pago de gimnasio
4df8aa1d-3c6c-48ec-bc4f-9ce3b97ca947,541,2026-03-09,output,3496.39,Pago de telefonía móvil
32ba0833-95e1-4f6a-8347-df82451a2b80,107,2026-03-10,output,3959.29,Pago de telefonía móvil
5a74a2a9-568a-443a-bd9e-138a07d1eddf,264,2026-03-10,output,1052.69,Compra en electrónica
8551e994-9175-41dd-8832-91ec93ed5788,315,2026-03-10,output,793.2,Suscripción de software
c1daca8d-ea88-4d26-8747-d24129b1f7d6,350,2026-03-10,input,3655.65,Depósito en efectivo
4205cdbb-2188-47ae-98fa-eb7d4f5bf6c1,357,2026-03-10,output,116.55,Pago en restaurante
2170d760-7c28-49c1-8670-6f5d08e1a03e,445,2026-03-10,output,256.85,Compra en farmacia
7c3eb586-de3a-4d8b-990e-f0c23db057a6,144,2026-03-11,output,2299.52,Compra en cafetería
db4782c7-dae5-4312-973f-a59bfa052f1e,260,2026-03-11,output,617.94,Compra en farmacia
db4f58c6-7d05-4934-98f8-b395fb1ba66f,324,2026-03-11,output,1072.25,Pago de gimnasio
2a017417-b37d-43fc-a6d6-bf8213eff120,353,2026-03-11,output,2666.82,Pago de internet
eacb755c-be2c-455b-a021-09276b08e7ae,433,2026-03-11,output,1673.3,Compra en cafetería
3efd4c83-bbdf-4c95-bbd6-b7840f75ea81,571,2026-03-11,output,101.13,Compra en Uber
38ee20e3-35af-4f5c-857b-b10c32263c09,575,2026-03-11,output,576.79,Compra en Supermercado
f0667949-495d-403a-8268-7321c8bfa9b6,196,2026-03-12,input,1265.8,Transferencia recibida
65a55d4f-7a3b-4814-b8d2-45b7694bafc7,226,2026-03-12,output,2344.82,Pago de telefonía móvil
28ca424b-935b-4c5d-ab06-dbed8820c27a,234,2026-03-12,output,4733.18,Pago en restaurante
f7c8662d-f616-498d-8a11-060d3c4f848c,308,2026-03-12,input,2102.67,Devolución de compra
95c7dabe-69d4-476c-83ea-2d0921d8ad27,577,2026-03-12,output,2157.62,Compra en Supermercado
b9f92923-d208-4128-ac41-904812f6d2ad,382,2026-03-13,output,296.76,Compra en tienda departamental
0eeb5779-7cee-49e3-a4d4-34d70b402b78,529,2026-03-13,output,2533.02,Pago en restaurante
a8a37a3b-15ab-409a-9aee-221bb9355ba6,128,2026-03-14,output,3710.24,Compra en farmacia
7673f15d-2a87-4b8d-b50a-0436df7b0a40,177,2026-03-14,output,1919.01,Compra en cafetería
95eea554-4df9-43f0-bcbd-9113d706ab17,213,2026-03-14,input,2100.95,Pago de nómina
92ad46b4-adf8-43c6-98a6-28382f79b1d2,286,2026-03-14,output,1406.66,Compra en línea Amazon
f4bcc641-9591-491b-97bb-49fa4afbc391,296,2026-03-14,output,1418.5,Compra en Uber
05105569-a4d7-43c8-85ef-69798aabbb73,297,2026-03-14,output,2933.99,Gasolina estación de servicio
fddd4550-8c22-4ca7-a3bf-909b4a2e3c46,342,2026-03-14,output,4576.06,Retiro en cajero ATM
a89f8ab6-c5fa-46af-b72d-16f0790d0e39,362,2026-03-14,input,7802.51,Pago de nómina
aa7f0b6d-c5c2-46e6-ab35-8c0c35a7b51e,381,2026-03-14,output,2367.34,Compra en electrónica
055d4a0b-56e7-4aba-baca-4322c36ce72f,420,2026-03-14,output,2904.53,Compra en panadería
d10e0b4c-a255-424d-aefc-ba57e7c6322f,218,2026-03-15,output,1363.55,Compra en Uber
63e1a147-5146-4ffe-b2a5-b69af9fd8c93,244,2026-03-15,output,1577.84,Compra en cafetería
b38685f1-079f-4a2c-982e-16f1ba4d8438,446,2026-03-15,output,674.99,Retiro en cajero ATM
09c10f67-1e22-48d7-a37f-f82afbd5743a,516,2026-03-15,output,797.59,Compra en cafetería
cd4ee2e5-5718-45ba-b508-ced894af8d5b,560,2026-03-15,output,3199.07,Compra en tienda departamental
9292b249-6b6a-4ce5-bf8b-eb7a543799aa,215,2026-03-16,output,3179.45,Compra en tienda departamental
8276a326-4965-4da5-acc5-31c5abfa9369,284,2026-03-16,input,7251,Reembolso de servicio
819bf1ac-1e1d-46b6-a90c-9fe3ef013408,290,2026-03-16,output,3904.6,Pago de internet
7829f67a-74fa-44a3-bab7-a75d3bcb54b6,308,2026-03-16,output,1983.77,Pago de Netflix
400a6944-8f94-4f74-91cf-80dceebeabc7,400,2026-03-16,output,2212.79,Pago de Spotify
4ad3ccbf-e0fa-4ea6-b506-bcd137beab07,414,2026-03-16,output,980.89,Pago de servicios públicos
ab310db2-c43c-42f3-a653-9f37dd66e002,582,2026-03-16,output,1598.63,Pago de telefonía móvil
b6b93af6-2e75-4a18-9482-e6e1bc05230b,141,2026-03-17,input,8275.29,Pago de nómina
b9785850-f51b-493d-821e-cff40ffd1dc9,205,2026-03-17,input,10895.47,Reembolso de servicio
d2740398-f32b-4585-8ab8-ae9421d441f3,207,2026-03-17,output,787.46,Pago de servicios públicos
179a8f1c-b8a0-43eb-b808-b3747eb91cd6,216,2026-03-17,output,356.16,Compra en Supermercado
6b51ea6e-6243-4fc9-9ef9-664976e476c7,242,2026-03-17,output,1426.67,Pago de Spotify
709ec8dc-92de-4d65-a4a7-7ef9c1c9c9fb,270,2026-03-17,output,2313.75,Pago de gimnasio
a5967a94-afb0-49bd-9ee3-60e17f4dc5d3,323,2026-03-17,input,11663.92,Devolución de compra
74c33862-0bd5-4603-a634-394b1585b2ec,434,2026-03-17,input,3740.62,Pago recibido de cliente
f7b89f3b-3edc-4f6c-86d2-1dd29270bf6c,315,2026-03-18,output,1681.97,Compra en tienda departamental
c1c4d9eb-57f8-47f4-9c32-754ef59e532b,403,2026-03-18,output,1934.94,Gasolina estación de servicio
e1bf4d80-1d9d-47ca-b7f6-0a491f1784ee,321,2026-03-19,output,1330.94,Compra en electrónica
61575cb9-93d1-4819-9c50-a62d9a38430d,322,2026-03-19,output,3533.94,Pago de telefonía móvil
3fda4133-bdec-428d-9b8e-c405015ef410,410,2026-03-19,output,3842.89,Pago de Netflix
7ce85c36-dffe-4a79-a3f6-19a7b1209b1e,414,2026-03-19,input,8137.7,Devolución de compra
f3213ae5-4d1d-46af-adc9-ffc13204eab9,420,2026-03-19,input,6086.28,Reembolso de servicio
3e851084-7d15-4cb5-bdae-eed02623b7b6,595,2026-03-19,output,603.62,Compra en línea Amazon
2113c71a-a60d-486d-a442-97c70fbcd45d,174,2026-03-20,output,4246.84,Pago de Netflix
ee5a4c93-2115-4025-9dc7-864c6c3021d5,293,2026-03-20,input,7289.86,Pago recibido de cliente
ea039eb6-9f13-44ae-9e63-d29050dd1ff0,508,2026-03-20,output,1904.12,Compra en cafetería
e441ea5e-c7a1-4a62-a0dc-12e3da7aa5ae,424,2026-03-21,input,8210.19,Pago recibido de cliente
22f9a76a-ec9d-4aea-800d-bbcd97e26147,587,2026-03-21,input,7124.45,Reembolso de servicio
de3e3d82-6487-4e15-a1a8-ea6a88c57ef0,204,2026-03-22,output,3660.18,Compra en tienda departamental
03ad0a71-b60a-4ebc-8115-7d682fc887da,213,2026-03-22,output,3964.27,Compra en electrónica
0cd80bc7-96a3-4857-86f6-39cca40ce332,234,2026-03-22,output,3259.57,Compra en Supermercado
d3a23913-156d-40ae-aafb-d2bfb1106f3c,405,2026-03-22,output,2208.71,Compra en línea Amazon
f0bd876d-afdd-44e0-be75-4820534fe36b,446,2026-03-22,output,2249.61,Pago de Spotify
dcb835db-0fae-439e-b583-ae29da3a25fa,488,2026-03-22,output,607.96,Compra en línea Amazon
0ae76a99-d34f-4dc9-8fda-9fa5a8ac2d7c,506,2026-03-22,output,1255.04,Compra en ferretería
a19f8107-8de7-499e-bf15-5dfc48ca53a5,163,2026-03-23,output,1752.68,Compra en librería
ac342262-eb80-44a5-8ee7-3e6e82fa8c42,366,2026-03-23,input,5832.76,Transferencia recibida
db46951e-4e4f-4adc-a98f-ff7523de9cf7,388,2026-03-23,input,7026.05,Bonificación bancaria
31263552-fa25-4fe6-87b9-27a914d9a3f3,458,2026-03-23,output,2203.61,Pago de Spotify
20b0f1f6-c4fd-4fb9-857e-1aefe5765de0,494,2026-03-23,input,3591.91,Reembolso de servicio
e8d09e3f-496d-4d34-9d89-513274753168,498,2026-03-23,output,352.42,Compra en cafetería
c5a39773-6c5b-4abb-b4d3-6d88c633bfc6,549,2026-03-23,input,8901.09,Pago de nómina
05cdc1ea-3dbd-49ae-89e7-5846f06c49d2,569,2026-03-23,output,285.15,Pago de Netflix
36f96342-ab18-4347-ab77-c4a425bfb187,193,2026-03-24,output,657.71,Compra en panadería
e810784b-affc-497e-a31b-77fe1253b15b,535,2026-03-24,input,2624.35,Transferencia recibida
7d2f3dab-11d5-466d-b654-e324f7449199,553,2026-03-24,output,3316.48,Compra en electrónica
7fbb2f6a-638c-48cc-998b-a59408bfcff2,591,2026-03-24,output,4005.04,Compra en ferretería
34db261a-4294-4fef-b9d0-28177e9c2337,227,2026-03-25,output,3978.86,Compra en librería
ec800830-27f4-4c03-9f59-562da4b42bc4,255,2026-03-25,output,2256.13,Compra en librería
3597767d-3ff5-4514-8af5-52598b563c9b,296,2026-03-25,input,9715.97,Transferencia entre cuentas
a629c7c0-7776-4921-a6bd-bc01124d209c,343,2026-03-25,input,7892.08,Pago de nómina
d06a2ee6-876f-4386-9da5-57bf6a914378,171,2026-03-26,output,1908.55,Pago de servicios públicos
2780c161-93b5-4a70-a97d-67a8b8ae0e14,287,2026-03-26,input,14174.83,Devolución de compra
ad59a9c9-4961-4c3a-a80e-231a3c2a33d3,350,2026-03-26,output,2418.22,Compra en cafetería
2b84b449-44cb-4274-bea0-b519c19d06ba,390,2026-03-26,output,228.69,Retiro en cajero ATM
a9f9c303-ce81-4aec-b93d-658e9f6b7ca3,564,2026-03-26,output,4018.56,Pago de Spotify
c1d04ffb-5483-46c7-9f99-0139dc661604,306,2026-03-27,input,12744.22,Reembolso de servicio
43c5923b-8231-4197-a18c-649ebe17b1d7,327,2026-03-27,output,218.9,Pago de Spotify
01333735-8843-45e8-8f77-ea225066c371,451,2026-03-27,output,1520.14,Pago de servicios públicos
00533180-d1ad-4f23-8c3f-4f63f56a5b36,456,2026-03-27,output,4259.08,Compra en farmacia
44fddc1a-51a1-4cc7-90fe-04f22a71f76e,462,2026-03-27,output,3855.79,Compra en ferretería
3944ddee-235b-46f0-8332-1848071d68f8,121,2026-03-28,output,1378.82,Compra en tienda departamental
81cadb05-81ff-4ab4-a00c-d4f260547acb,124,2026-03-28,output,4354.41,Suscripción de software
b9654165-9e41-4bb4-81dd-2da438d5eaa0,128,2026-03-28,input,10002.83,Reembolso de servicio
e8e1b1f1-a488-44ae-94f8-b4e9dfa46cf8,231,2026-03-28,output,3644.72,Compra en panadería
d47ea62e-5885-4e42-8ea9-858af978774a,232,2026-03-28,output,4848.32,Pago de internet
0ad2b5e8-8253-455a-a3c5-1853fa90a118,263,2026-03-28,output,4798.47,Pago de servicios públicos
be676274-081a-4e8d-92a4-bdfb3397a899,304,2026-03-28,input,1659.19,input por reclamación
e2705db9-148f-4205-b445-cebee79b4e72,363,2026-03-28,output,647.5,Pago en restaurante
889a63f3-869a-4d86-8a53-d86dba649151,384,2026-03-28,output,2348.14,Compra en tienda departamental
a887ef43-8c46-4c3e-9c47-a32eff1d004d,415,2026-03-28,input,8635.77,Transferencia entre cuentas
fae13558-26c7-464f-a299-3586057c776a,437,2026-03-28,output,1828.87,Compra en Supermercado
6a3c91c9-e6a3-4818-9137-0fa4ad9bc697,590,2026-03-28,output,2820.83,Pago de Spotify
47284ed3-8b86-4a49-8539-6d2955a537f0,101,2026-03-29,output,1613.32,Pago en restaurante
4b54a673-b8f0-41bc-b49f-1e7e009d157a,174,2026-03-29,output,2972.49,Compra en cafetería
d815064b-6f30-4ef8-a1e9-6f5c5369ed25,277,2026-03-29,output,3009.25,Compra en tienda departamental
81adf381-08e1-4ae3-bf81-efdc86c78fc8,341,2026-03-29,output,3994.27,Compra en cafetería
331961a5-b0a2-46b1-874c-fc849d44c598,434,2026-03-29,output,4166.6,Pago de Netflix
b30cfd7d-7907-4072-88f2-d0f8ae7198bf,172,2026-03-30,output,716.51,Pago de telefonía móvil
81df8fc0-6604-4ee3-a602-0b5ee6c1e95b,174,2026-03-30,output,1119.42,Compra en tienda departamental
9b138eee-e0d0-4a2c-b946-d56ec19dafb5,185,2026-03-30,output,3905.29,Compra en ferretería
1debf459-ddef-4b8d-9f95-6143e109084c,237,2026-03-30,output,403.57,Compra en panadería
b4fefab2-f428-4855-ad72-e481f635fc3d,351,2026-03-30,output,836.22,Pago de Spotify
0557fde3-b8cc-425d-b889-9ca250c1d63a,395,2026-03-30,input,11769.49,Devolución de compra
2faa3361-ab21-42c0-9ed8-90b1f337a165,421,2026-03-30,input,6161.9,Depósito en efectivo
5a74ce60-a543-4487-a350-b63425d90838,384,2026-02-01,output,4171.7,Pago en restaurante
9e022598-e8b8-4cde-8c42-fed0fd72d333,433,2026-02-01,output,4331.07,Pago de gimnasio
728a42f8-2e47-451f-b073-c17f26610ffb,516,2026-02-01,output,91.6,Suscripción de software
a8a610dc-db73-4563-ac6a-f489521013f9,519,2026-02-01,output,50.49,Retiro en cajero ATM
241242f9-b3ea-409b-a0e0-4a8eb60b3ee1,139,2026-02-02,output,972.72,Pago de servicios públicos
3319ebd4-744c-4d3b-b9d6-7a6134d91e2e,143,2026-02-02,output,187.14,Retiro en cajero ATM
ca06f03f-f019-4db5-a632-fbb785151c16,180,2026-02-02,output,2902.13,Compra en cafetería
a7efae26-5fa9-4702-8928-d836503d1843,290,2026-02-02,input,3210.26,Pago recibido de cliente
d16bf969-5e3a-4b2e-8e21-b9e14c27b626,315,2026-02-02,output,537.53,Compra en tienda departamental
c61747d4-f99b-4752-8157-4d26bcc04e37,560,2026-02-02,output,1941.45,Compra en librería
27ad9ed0-3cdd-40c6-8eb4-f0f3c5a368b3,319,2026-02-03,input,9583.07,Pago de mensualidad
1419dad5-9b32-427b-aed2-0ac218de5f82,346,2026-02-03,output,1096.76,Suscripción de software
c0252fdb-597b-4fbe-aa24-5d6685b74b8c,348,2026-02-03,input,12394.42,Pago de nómina
8f1b5a3f-c9cc-4925-89af-f77431d9d735,395,2026-02-03,output,476.95,Compra en librería
25436c34-b73f-45b7-82fa-a7a8277c4b13,417,2026-02-03,output,2410.62,Compra en librería
0028095f-d284-4f06-96cb-1501c4a9cf96,514,2026-02-03,input,1190.29,input por reclamación
c1c40d4b-f444-4830-a5b1-b5c79a76a34f,578,2026-02-03,output,4100.21,Retiro en cajero ATM
2d559f85-3e44-4e66-8e61-f11d7f05a133,154,2026-02-04,output,1703.62,Pago en restaurante
dd4edca6-2a31-4974-933e-79ae9d10d2f9,233,2026-02-04,input,4649.83,Bonificación bancaria
2cb78abd-a6b1-4d26-a402-101ec6f1d2a1,436,2026-02-04,output,574.69,Pago en restaurante
03081ef3-a7bb-48d5-b57c-fbc717eb902d,149,2026-02-05,output,3681.46,Compra en electrónica
6bfcb698-77ad-4481-a3b5-d198de8f975f,270,2026-02-05,output,2163.24,Pago de gimnasio
5a87b658-e694-46d5-86a2-b6e9f7cd58c4,391,2026-02-05,output,2993.45,Compra en panadería
c08aee86-b0ba-476e-9140-928b0dee9d08,393,2026-02-05,output,3347.33,Compra en farmacia
b4a2d5e2-4ddf-4773-815e-5874b3fa015a,400,2026-02-05,output,724.39,Compra en farmacia
6d89076a-e2af-47ee-b11a-ea6a24c08a91,408,2026-02-05,output,2966.33,Compra en tienda departamental
1daad70d-e563-486b-b78d-8ff34bce0092,427,2026-02-05,output,223.76,Suscripción de software
f85b9358-f186-473e-aca5-193c235f4c67,565,2026-02-05,output,4144.17,Gasolina estación de servicio
2e84e780-50e9-4be6-91fa-c1271ec3ec97,106,2026-02-06,output,3407.3,Compra en farmacia
bcf7bfa6-c8d8-4059-ab88-0442f87f077c,181,2026-02-06,input,3331.27,Depósito en efectivo
6b8274ca-18dd-4ab6-83f9-1373c0e6918d,369,2026-02-06,output,2033.6,Compra en cafetería
3fa76ae6-212f-4261-94b8-55537ee85d7c,378,2026-02-06,output,4602.67,Pago de Netflix
f057c8e3-d935-4cc4-9bf5-430a81f2588f,402,2026-02-06,output,3420.03,Compra en farmacia
a2ca3ad9-bb72-450b-888b-216d7c40f37d,428,2026-02-06,input,10826.29,Pago de mensualidad
1b469c59-c8a2-4824-af2a-7fc8bfd781d1,590,2026-02-06,input,4566.72,Transferencia recibida
81dfc06c-9de7-422b-a062-2db9a17359b4,273,2026-02-07,output,4192.05,Compra en ferretería
ace5a165-e99e-479e-8f15-73a8e847fb35,333,2026-02-07,output,2550.17,Pago de Spotify
bc635089-64b6-4320-8fbd-cc4e764116e9,338,2026-02-07,output,4476.81,Compra en línea Amazon
ceca9b5f-f2b2-4635-826d-24453a876618,366,2026-02-07,output,1017.47,Compra en farmacia
5816b05f-7974-460f-b782-818644aaf56c,468,2026-02-07,output,3288.37,Compra en Uber
ad07be52-4fc9-4bae-a33b-063eb64af17d,551,2026-02-07,output,3073.3,Compra en farmacia
e9ff285b-054d-4f7f-8e6e-1134200f5089,144,2026-02-08,output,4334.98,Compra en librería
27fd37c5-6b4e-42f5-8747-b24547dce5bc,174,2026-02-08,output,1961.32,Compra en Uber
2b3cf5e0-a546-44e7-a798-84bd508c2df7,174,2026-02-08,input,13977.58,Pago de mensualidad
759d53c1-bd95-4615-aee2-86ca4e5f6e0e,184,2026-02-08,input,4364.06,Reembolso de servicio
f039bd01-56c7-402b-87ff-0d7b19bbfc37,201,2026-02-08,input,3618.49,input por reclamación
bc10bfe5-92cb-444d-a14a-b19fd0af6531,240,2026-02-08,input,9305.08,input por reclamación
be6ed42d-5102-4a24-acf5-e2073c244496,246,2026-02-08,output,874.57,Compra en línea Amazon
634555ff-8089-49cb-8d19-eaf1d5c2531a,320,2026-02-08,output,3160.75,Pago de servicios públicos
bf03de13-7a87-4224-ac65-4b8a643ea3d1,428,2026-02-08,output,3292.04,Gasolina estación de servicio
3c9a1421-4b84-4b65-9477-f5d7066e630a,106,2026-02-09,output,3528.75,Compra en ferretería
9eb459a7-324c-4181-9621-b77cc4fd1fb6,171,2026-02-09,output,3415.61,Compra en Supermercado
cecfd51c-25c8-4ea7-b219-b2f421b71374,305,2026-02-09,output,2844.63,Compra en Supermercado
e00526af-3402-49e7-8a75-f5f702b1860d,308,2026-02-09,output,2655.3,Compra en Uber
644dcb1b-9090-48ca-8776-3c0b10a19c24,426,2026-02-09,output,921.55,Pago de internet
7d00c862-b1f9-4071-8e4a-aba8387d23f2,499,2026-02-09,output,1473.64,Compra en farmacia
3f5210a8-a99e-4f08-baae-41fea3a1aadd,564,2026-02-09,output,1215.14,Compra en tienda departamental
7a0c603e-966f-4560-b341-05846b6dd928,589,2026-02-09,output,4910.47,Pago de telefonía móvil
10c2ef60-ba6e-440d-9350-e6692970755f,134,2026-02-10,output,2990.1,Compra en librería
5978151a-df4e-4e17-8f14-2e510616a990,299,2026-02-10,output,422.6,Compra en panadería
2b807cde-4a7d-484e-8fce-bebabb558557,318,2026-02-10,input,4429.96,Pago recibido de cliente
55c0e49c-af85-4a08-a0c2-c67a0b4207d4,398,2026-02-10,input,2914.35,Transferencia recibida
785e0073-905a-4435-acba-28aaf95f7ea8,419,2026-02-10,input,9003.38,Depósito en efectivo
30325429-65cf-4f38-a21c-a268f77ccfc8,570,2026-02-10,input,2474.49,Transferencia recibida
120914d1-b04c-43eb-bfd0-56c40fad90ba,162,2026-02-11,output,1953.5,Gasolina estación de servicio
9462fc86-354a-4ec0-9102-14fd95717af7,191,2026-02-11,output,2075.74,Pago de telefonía móvil
c3bb0832-c90d-4b01-8098-245662767522,264,2026-02-11,output,3688.44,Gasolina estación de servicio
95fe23fa-e0e4-499c-a527-11a49ed64e22,279,2026-02-11,output,473.65,Compra en cafetería
ae7af7bc-62ee-4886-8797-849af4cf82fa,361,2026-02-11,output,116.73,Compra en Uber
9b7fc561-34b4-48ad-b940-477b877ee532,430,2026-02-11,input,5957.7,Devolución de compra
e6522115-9421-4e78-a502-b61d22903256,519,2026-02-11,output,271.77,Pago en restaurante
a87adaac-eb41-4f34-886c-6950ae85cbca,527,2026-02-11,output,4517.69,Compra en ferretería
08c622ff-a50a-4c1d-8c4f-20a4071fc25f,563,2026-02-11,input,12282.85,Pago de mensualidad
efed61b4-b51f-4ff8-950f-353e3b6cffa3,594,2026-02-11,output,1055.3,Compra en farmacia
1439d0cb-a142-4c0f-8eaa-4d8156ae6ab0,150,2026-02-12,input,11654.54,Pago de nómina
54e65642-4cd6-495b-b366-92b5e9fe5e83,183,2026-02-12,output,2797.64,Compra en electrónica
c5b4fea7-fb2f-4b07-b1f6-d2dbfe8bd794,232,2026-02-12,output,4158.04,Compra en cafetería
b00abef1-4f19-4e06-934b-f28cea18d173,241,2026-02-12,output,3978.03,Pago de Netflix
1d10f26c-64eb-4800-b159-e264472f42fb,281,2026-02-12,output,2381.99,Pago de Spotify
53f0bb66-70d1-4c4e-93c5-351ae7e6b47d,301,2026-02-12,output,1630.44,Compra en electrónica
553d0a47-362e-4f94-a47c-1524c83130fe,304,2026-02-12,output,28.7,Pago de gimnasio
ce2215b6-0512-4ae0-acee-cf25293e0402,354,2026-02-12,input,1995.91,Bonificación bancaria
81cd308b-e02c-4983-becc-72919ff4dda2,454,2026-02-12,input,13524.07,Reembolso de servicio
36beffc4-32c6-4f11-9b8a-5fdf7a919bb7,476,2026-02-12,output,3371.17,Pago de Netflix
506185bd-8abb-4590-a938-24c8f171dfcd,546,2026-02-12,output,1253.91,Compra en electrónica
61121ec0-c214-4634-b675-54943d97142e,581,2026-02-12,input,1834.86,input por reclamación
55edf93a-0436-478e-9adb-061a48ca6f16,598,2026-02-12,output,999.28,Pago de gimnasio
7c602585-dc15-4354-adeb-d31454024fc9,251,2026-02-13,output,2810.8,Compra en tienda departamental
93e8f593-c877-4569-a888-6933f3ce97a7,375,2026-02-13,output,840.59,Pago de servicios públicos
17b180c3-215d-48cc-a00e-132926e7d181,585,2026-02-13,output,336.86,Compra en farmacia
832cbd44-1ff0-491c-947f-ac54e0e977df,175,2026-02-14,output,754.64,Pago en restaurante
4aae52dc-3111-4f65-8609-0e85451f73e7,219,2026-02-14,output,386.79,Suscripción de software
80f36a34-0978-4aee-a267-d7e2f1d9e29a,499,2026-02-14,output,3593.89,Compra en electrónica
708f96ee-f592-49b0-90ba-d85318bda175,212,2026-02-15,input,1658.63,Transferencia recibida
749169bd-6ac9-41a0-b559-5e345bc99303,279,2026-02-15,output,3085.52,Retiro en cajero ATM
8d9563d6-17c3-4e5e-8ad8-39ee24abaa5d,342,2026-02-15,output,3526.28,Compra en farmacia
46c2c818-59b5-4d9f-9a17-eea5e596a43b,386,2026-02-15,output,3000.44,Pago de Netflix
20d48742-ec57-4afc-b6dc-1f60c2c52e44,456,2026-02-15,output,2422.5,Pago de telefonía móvil
a1fdd633-8e61-4b8a-856c-eb17a95d582f,493,2026-02-15,input,4321.12,Devolución de compra
c620f4fb-2229-4611-8995-70e7bcbadd81,549,2026-02-15,input,14923.16,Pago recibido de cliente
8db2373f-746b-4502-81fe-ef9f84b2cb76,575,2026-02-15,input,13614.61,Transferencia entre cuentas
ac381055-4668-419f-8edb-51544ba709da,334,2026-02-16,output,2282.13,Compra en cafetería
78d3710a-fd34-4d0d-8e3f-2548b4811956,454,2026-02-16,output,3094.98,Pago de Spotify
5dab7042-e225-41ea-9c4e-a1fff4e3ca1b,456,2026-02-16,output,4997.68,Compra en cafetería
76a69d6f-69b5-48c6-a39c-296ad2c7376d,230,2026-02-17,output,3321.82,Compra en tienda departamental
f13e0fcd-cad5-4789-a07a-b0ca4f117cc8,286,2026-02-17,output,2251.82,Pago de gimnasio
aeee81b2-e4b3-4e76-ba74-bbd275a78c6b,425,2026-02-17,output,4570.13,Pago de servicios públicos
7983ce01-c0f5-400e-9f3c-71e397700a7f,472,2026-02-17,output,3543.39,Compra en cafetería
295482aa-a80c-406e-9436-0b0498758256,534,2026-02-17,output,2840.24,Pago de telefonía móvil
6a3c9659-84fc-4fcc-9e89-9c19a00118a5,157,2026-02-18,output,2547.77,Compra en panadería
6c940e0c-1e7f-4e90-a4a5-bfb2eb67c56d,246,2026-02-18,output,4019.93,Pago de Netflix
ae864216-be7e-420a-89c7-8ffbb902441a,279,2026-02-18,output,64.73,Pago de telefonía móvil
3696c14d-f817-45c0-bfb3-bcac6e3f5dd3,302,2026-02-18,output,2810.46,Compra en línea Amazon
9cd39c5f-6867-4390-be05-983c48dba458,418,2026-02-18,output,1177.99,Retiro en cajero ATM
d3bf8c3e-31cd-40da-a779-75e235a2af2d,473,2026-02-18,output,1885.98,Compra en línea Amazon
cb28d124-0234-4a65-ace2-42db9a759225,523,2026-02-18,output,1878.62,Pago de Spotify
90d7b77e-a910-4f58-aef5-bd9235e259dc,569,2026-02-18,output,1639.33,Gasolina estación de servicio
5a7781e0-2cb1-40e4-94af-81dd5adabab5,112,2026-02-19,output,442.63,Gasolina estación de servicio
20c08044-2a8c-48c8-9d40-db900227241c,287,2026-02-19,input,13480.11,Bonificación bancaria
db9e9c73-64cb-4714-8f8c-a6f3359f4881,429,2026-02-19,output,4108.85,Pago de gimnasio
7f9fea21-3888-45be-afec-9b2c449edcf0,465,2026-02-19,input,525.48,Pago de mensualidad
f7fce47c-0c70-4518-b6ee-f6fa83616466,568,2026-02-19,output,3680,Pago de telefonía móvil
62765d23-a2a2-4f88-b60f-c12d6ccbc593,258,2026-02-20,output,264.07,Pago de telefonía móvil
aecae8ad-eedf-4494-b14c-e13cbe6224c1,517,2026-02-20,output,4384.99,Compra en electrónica
662ec90e-c588-4de8-b414-fdb16e964912,520,2026-02-20,output,2865.75,Compra en electrónica
8a0973f2-7c41-47a6-94f0-e88dd2962d77,592,2026-02-20,output,17.39,Pago de internet
384fb2a2-d8bc-48b9-8d8a-edfb24bb6762,217,2026-02-21,output,2113.69,Pago de Netflix
0b6059a9-335a-4138-80a1-a4980b5db294,252,2026-02-21,output,4283.83,Compra en librería
b7673a21-c666-497e-956b-ed7e11b8c068,264,2026-02-21,output,1725.9,Compra en línea Amazon
58c96db7-ffa1-4a7f-ac5e-fe93906b4615,272,2026-02-21,output,488.99,Compra en panadería
096d6c33-0df9-49c2-8610-437cd6e6473d,276,2026-02-21,output,1774.08,Compra en farmacia
14f94928-698b-4cc5-938e-c83c0a9bfa2f,362,2026-02-21,output,4467.68,Compra en Supermercado
e1654f62-e700-4e35-b1e5-d4130b04363e,421,2026-02-21,output,2012.31,Retiro en cajero ATM
6896d09e-51fe-47df-af3a-ee879574326a,455,2026-02-21,output,585.01,Pago de Spotify
f379bd93-af94-4639-9d73-7819aaea2e94,491,2026-02-21,output,3297.49,Pago de telefonía móvil
df7480ed-64d6-4087-b80f-248703f19445,540,2026-02-21,output,91.88,Pago de servicios públicos
7ec93b18-b947-4c61-abf6-0e946fd62ab9,590,2026-02-21,output,4251.32,Compra en cafetería
f64b8068-2805-428e-8d4f-5a5a980d8bc9,128,2026-02-22,output,55.59,Compra en tienda departamental
ce202800-a4f2-4e4f-9be3-878adb7bb39c,360,2026-02-22,output,4947.32,Compra en Supermercado
f712277b-8eba-4ec0-9e39-8af150bac2bc,425,2026-02-22,input,2819.24,Transferencia recibida
6baeaeb3-76ca-479b-aa81-c18c78ede723,431,2026-02-22,output,4088.98,Retiro en cajero ATM
9c585243-449a-490f-8d17-2512c5e54d89,448,2026-02-22,output,4453.21,Compra en cafetería
0d72c813-be0e-4de9-a404-992b9e066577,453,2026-02-22,output,3609.55,Pago de telefonía móvil
73d757f5-40c9-410c-95ca-3349b19be0b6,519,2026-02-22,input,7161.01,Bonificación bancaria
98eb0f35-639f-48ac-9f01-2e3877b2c321,258,2026-02-23,output,4845.68,Compra en Uber
d3547ad3-f5a1-4098-8076-990518ab2432,280,2026-02-23,output,2039.84,Compra en ferretería
abdda89b-b43f-4be8-bb60-9a7ccc3a9e3d,292,2026-02-23,output,2816.77,Compra en cafetería
f776f733-f637-4c23-8b7f-67e5c2aba78d,322,2026-02-23,input,3542.46,Devolución de compra
5282025a-84db-4b09-88f9-f89b4de1974a,433,2026-02-23,input,2778.2,Pago recibido de cliente
20f7150a-3a41-4802-be16-e25f97dd7cc4,109,2026-02-24,output,3982.7,Compra en farmacia
a184992e-ac23-484b-a74a-da63eeae845a,113,2026-02-24,output,4261.36,Compra en cafetería
890d34e0-02fe-4f6d-ac39-02b93a2a105d,170,2026-02-24,output,3623.5,Pago de internet
21cc3785-9364-4efc-ac9f-a7618db6c808,220,2026-02-24,output,2642.27,Compra en panadería
a1abf9da-35a2-4132-aefc-8a74b1cb3eb3,254,2026-02-24,output,3181.77,Pago de telefonía móvil
4bb9643c-5a88-4307-afd6-5d198a764a48,343,2026-02-24,output,665.14,Pago de telefonía móvil
5ed10704-eaf3-47e2-904f-f308636bf03e,397,2026-02-24,output,4579.54,Suscripción de software
29479159-1849-4cef-8d0f-4e958418beaf,517,2026-02-24,input,13811.27,Pago de mensualidad
cc251415-ff81-4165-b8b8-4ab48ae61767,597,2026-02-24,input,13506.39,Transferencia recibida
3df68877-d252-4b18-93b8-999588e6162e,123,2026-02-25,output,4134.71,Retiro en cajero ATM
2a0567cf-19e8-46db-a2e7-8ea197cc74f6,154,2026-02-25,output,1401.02,Suscripción de software
b3c64127-6374-42ef-a35f-ac1bc1813143,171,2026-02-25,output,1224.27,Compra en electrónica
ae9f9aa6-9037-478b-970a-1fbec9d8221f,206,2026-02-25,output,2169.33,Compra en farmacia
29162a20-bb96-459e-8a5e-ed3cdf56d4c6,257,2026-02-25,output,312.95,Compra en electrónica
265e949d-4183-474d-921e-c7883702488b,359,2026-02-25,output,487.02,Compra en electrónica
c7b03a6c-19d7-46e8-b989-8b2d5e3dd8e4,136,2026-02-26,output,755.24,Compra en electrónica
a2304225-7d7b-49e1-a182-18857d1e7cc0,145,2026-02-26,output,3860.73,Compra en cafetería
b193332e-9c99-4a31-a6f9-e15ac289990b,154,2026-02-26,output,2260.87,Retiro en cajero ATM
e3ea97d2-1245-4102-8a0e-e6e6ed3f98cb,243,2026-02-26,output,1083.68,Compra en Uber
f89cb29b-5b4a-46fe-a515-696456365668,298,2026-02-26,output,941.38,Suscripción de software
93592552-6342-4032-a4e0-ea304cfe2ffc,360,2026-02-26,output,2828.92,Pago en restaurante
41578a89-35f4-411b-8306-30a661b2d3d8,388,2026-02-26,output,4947.32,Pago de Spotify
8ce0fe2f-9ad6-4bcb-86bb-a150e354f62b,572,2026-02-26,output,3588.83,Gasolina estación de servicio
aaf68195-4d55-4c84-a961-49c17c222418,124,2026-02-27,input,8937.38,Pago de nómina
fd83aefe-353f-40e4-9925-4b8e3253a30a,251,2026-02-27,output,2447.6,Compra en ferretería
1775eac6-851b-46c2-86ad-57da2e89f50d,287,2026-02-27,output,4514.43,Retiro en cajero ATM
60fc98bc-42f2-4102-a8b8-290a51f87689,337,2026-02-27,output,564.81,Suscripción de software
894c2359-c86f-448e-8f91-056e84894f4b,351,2026-02-27,input,13711.8,input por reclamación
ad6a7b36-e7e0-4081-80ab-9d9212886c49,496,2026-02-27,input,1967.5,Depósito en efectivo
5e532e69-def8-4bdb-91c5-8f318ba60f09,166,2026-02-28,output,75.55,Compra en librería
aa0ccffb-bded-4241-966a-696739da5fcd,319,2026-02-28,output,1223.46,Compra en Supermercado
a84d29e3-e564-4e52-a4da-29ac5e860116,341,2026-02-28,input,3640.7,Depósito en efectivo
8d9f905e-01f8-494d-9b20-6ce848eeb3cf,369,2026-02-28,output,3625.25,Compra en tienda departamental
609d2c1b-a762-4581-9427-7c541b06c381,397,2026-02-28,output,3976.47,Pago de servicios públicos
b9c067f9-6c71-4ad5-8413-223e0543dcaf,445,2026-02-28,output,1542.84,Compra en cafetería
6f062b8e-8009-4ece-9470-76727deef82a,513,2026-02-28,output,1520.23,Compra en electrónica
63dc1719-ca28-444a-b11b-310a028a8771,414,2026-02-29,output,2816.96,Suscripción de software
bb06337e-9e3f-4057-96ce-d4dedd21324f,425,2026-02-29,output,4016.35,Compra en farmacia
d5bb06d3-83ad-42c6-92f3-8e1b43b71f67,114,2026-02-30,output,4227.57,Pago de gimnasio
83a92096-4493-4a87-9f2c-373f0ffb10f6,113,2026-02-31,output,4154.32,Pago en restaurante
bb30a04e-4d42-4909-86c3-d5483962587d,146,2026-02-31,input,9628,Pago recibido de cliente
d282c5c1-9fb8-41f4-9895-f5f407c37b1f,216,2026-02-31,output,470.83,Gasolina estación de servicio
1ce8bce6-d750-40eb-bd36-479a2ee984d4,321,2026-02-31,output,1540.74,Compra en electrónica
39c6527f-0549-449b-97d3-4138ee1d3814,456,2026-02-31,output,1319.52,Gasolina estación de servicio
680b6d94-df5e-4107-9cf9-6cfdf48c5823,502,2026-02-31,output,620.76,Compra en farmacia
d9f840cc-909f-48a0-a990-fdbf60a2daa2,134,2026-01-01,output,458.59,Pago de telefonía móvil
66db2bc7-4701-4426-a9c8-327ac876b299,153,2026-01-02,output,2087.71,Compra en farmacia
6797505e-c6bb-4a9a-bbe4-3f5c1cece57d,191,2026-01-02,output,3092.5,Pago de Netflix
c8e45f0e-ff37-4bd6-9277-be25903f0d64,269,2026-01-02,output,691.83,Retiro en cajero ATM
3bc23b3e-b7a1-470d-b8e6-55a17039a427,284,2026-01-02,output,2356.87,Pago de servicios públicos
66475efb-cfbb-4e9d-8339-f4f1b09908be,429,2026-01-02,input,4192.73,Pago de mensualidad
94ba2e38-d975-4aee-a828-ae5446999027,536,2026-01-02,output,1283.01,Retiro en cajero ATM
689b36d0-d490-4b9b-b927-a62bdcaf3fba,124,2026-01-03,output,4404.56,Compra en librería
be31b3ae-7c5c-44f6-b321-b8170272e907,193,2026-01-03,output,54.57,Compra en electrónica
5ddf73ac-f098-402d-a621-9eac13b81dd6,221,2026-01-03,output,3052.61,Compra en electrónica
e3e9e899-f5e6-4369-b752-4f3308b4f019,322,2026-01-03,output,1276.6,Compra en Supermercado
3e232e5c-2418-44f2-a1f9-62082a704b92,355,2026-01-03,input,2381.36,Transferencia recibida
97bf71ab-72c9-434b-97cc-f62ea54a0a35,408,2026-01-03,output,519.34,Pago de Spotify
64da63ff-0892-4751-a238-218ef1ea700b,448,2026-01-03,output,2950.54,Compra en panadería
2f591252-3f4b-4736-a0d6-87fcab9ba833,535,2026-01-03,input,7164.27,Reembolso de servicio
308d3a88-b830-41f1-b27b-f0f2fb33009e,366,2026-01-04,output,2662.82,Compra en farmacia
e3671484-448d-44c0-a382-ebc52ffd7ad2,536,2026-01-04,output,3953.77,Gasolina estación de servicio
a9f56cee-1ec0-4f19-84da-7d06fb2d46b6,225,2026-01-05,output,2828.77,Pago en restaurante
cf72cb28-a23c-409c-adbc-d0a8592497c9,358,2026-01-05,output,4177.41,Retiro en cajero ATM
16b3a463-85ff-4fa1-a3ca-a7b7d375c8f7,381,2026-01-05,output,3390.39,Compra en farmacia
64a5a272-6c8f-4230-b38e-39d306c65dbb,110,2026-01-06,output,2920.47,Pago de servicios públicos
f4a24024-a4b7-42b7-bb4c-57a0c650f12a,209,2026-01-06,output,4515.45,Compra en librería
02461a43-8f9d-4f41-879b-bdf7db6a9073,298,2026-01-06,output,123.16,Compra en tienda departamental
bbfe01e0-8a04-48cf-9add-0f663b144143,332,2026-01-06,input,8821.85,input por reclamación
bf3a8cb3-9caa-47f2-a96e-cf1c9cf9a073,422,2026-01-06,output,1878.62,Pago de internet
dd40373f-c4dc-4f79-86ee-4379f00fb66d,448,2026-01-06,output,407.6,Pago de telefonía móvil
ffb7a0a2-2a6a-4adb-ae36-205bd8157b86,476,2026-01-06,output,2718.08,Compra en electrónica
8cf09bdd-e7ef-4de7-b524-caff08c8eb2d,520,2026-01-06,output,903.15,Compra en farmacia
86186f3b-fcb0-4e4b-9407-592d874b1d53,556,2026-01-06,output,1695.51,Pago de gimnasio
ff9a1c2a-78ef-4d34-9636-1fccf6442789,193,2026-01-07,output,2051.15,Compra en ferretería
bd490cf8-cf09-4b3a-966b-692c114ee1e8,199,2026-01-07,output,4712.27,Pago de Spotify
2d49fec9-617b-4eda-a548-23d6650ebdf7,271,2026-01-07,output,3066.84,Compra en tienda departamental
4046f85f-ba7a-4930-abff-d51ef0e329fa,292,2026-01-07,output,2077.02,Compra en panadería
7c26a907-1624-4c2b-b1d2-2ba58dc28a35,304,2026-01-07,output,2124.07,Retiro en cajero ATM
a5cf93a4-0e0d-4974-a5f1-0062a271fd2c,307,2026-01-07,output,3769.71,Compra en cafetería
1b460b97-9af1-43b6-aa87-45ba221f7c1d,339,2026-01-07,output,2952.86,Pago de Spotify
c2294b24-6adb-4d8b-b508-23c8c34dbcb7,358,2026-01-07,output,1268.72,Compra en librería
1eab574b-cabe-47d3-a25d-2433840213ce,176,2026-01-08,output,377.49,Compra en Supermercado
9c2b4619-c41d-46b3-a0da-d16241d2fb90,287,2026-01-08,output,3762.13,Compra en cafetería
00a7a2df-34f3-4e79-8fd1-6df9970f78aa,234,2026-01-09,output,3315.17,Compra en panadería
fd83a0eb-9840-4b48-ac00-07abee670380,292,2026-01-09,output,1100.76,Compra en tienda departamental
b9c8ea6f-50df-485e-bafc-f23bd10a54c1,304,2026-01-09,input,9548.77,Bonificación bancaria
7c5a723c-c178-4b6b-a1e6-339649bb7f95,328,2026-01-09,output,1867.77,Pago de Spotify
591e3942-9aaf-45d1-9417-aa8889324d45,370,2026-01-09,input,4433.25,Bonificación bancaria
aa6c9b18-a509-43de-8d32-7c4161936dd3,449,2026-01-09,output,3545.7,Compra en ferretería
5166b531-e7d1-4c7b-ad59-03f3378ff078,456,2026-01-09,input,7625.05,Devolución de compra
261f1e4f-7127-46b3-8c79-7f7411fb2a2d,493,2026-01-09,output,1399.81,Pago de telefonía móvil
137aecac-a612-40ab-aad9-a97b48c6c48e,539,2026-01-09,output,2749.07,Compra en librería
f1c28e64-1a33-43dd-ad18-6050c30ede66,585,2026-01-09,output,4327.25,Compra en panadería
5e3544bf-dbc2-4abd-be8a-e7c128705965,585,2026-01-09,input,11928.74,Bonificación bancaria
2200f7a0-7ef6-4bf0-b099-19dc318e56a6,101,2026-01-10,output,2175.07,Pago de Spotify
b70230fe-10dd-4ef3-af7f-cf047a635574,118,2026-01-10,output,4373.97,Retiro en cajero ATM
34be103c-68fd-4fcc-ab8d-d640483144a8,257,2026-01-10,output,2204.16,Pago de internet
f87fe4a2-28da-4c14-9d6d-744b51d0a06b,305,2026-01-10,output,2760.32,Retiro en cajero ATM
331ae4a1-e6b6-4c9e-9b84-c793558d5cf3,356,2026-01-10,output,4930.31,Compra en farmacia
35342fa3-f086-4fb0-baae-179ec2115961,360,2026-01-10,output,138.22,Compra en librería
cce95d0d-24b5-435d-913b-7b508888d388,426,2026-01-10,input,10923.88,Devolución de compra
1bd4dcff-7c0e-453f-9759-2763350e059d,427,2026-01-10,output,4664.49,Compra en cafetería
f1425602-ff7b-4634-8704-4f91f96f945a,465,2026-01-10,output,1285.06,Pago en restaurante
e5def112-b58a-4ced-8f70-46f5c61e8fb2,491,2026-01-10,output,2175.4,Compra en cafetería
154fbf9e-b4b8-4979-8bbf-3786ea7c181b,505,2026-01-10,output,3712.73,Compra en panadería
7f3357cf-3631-4c00-bcf6-6484d02f23d3,544,2026-01-10,output,2257.5,Compra en línea Amazon
5393c65a-3e62-4e8c-ac42-005760d4dd21,562,2026-01-10,output,1828.47,Compra en línea Amazon
0b6c6805-d643-4f34-a9a7-c80bec257bb6,122,2026-01-11,output,3926.89,Compra en cafetería
af872049-46ab-4f52-9601-f5815dbf1a1b,399,2026-01-11,output,3010.16,Compra en cafetería
263ce424-7452-4da5-a3bb-d02dac99d66e,180,2026-01-12,output,4246.72,Suscripción de software
467576a9-701b-4ef7-adac-a25b19b77d3b,391,2026-01-12,output,749.32,Retiro en cajero ATM
a396dbdb-8e75-4c88-8c83-49d2b670f2ad,465,2026-01-12,output,4156.02,Suscripción de software
28ec8564-88c1-4e38-9a07-48f66c152b6f,116,2026-01-13,output,3581.75,Pago de servicios públicos
2c237d05-4726-42d0-b837-f28e3c57ce93,174,2026-01-13,output,2132.23,Compra en línea Amazon
150d09e3-1268-48ac-b52b-b7ea553a165a,202,2026-01-13,output,1650.72,Compra en Supermercado
4b41e139-0a31-4555-b656-0ed08baca1dd,295,2026-01-13,input,5814.1,Pago de nómina
e2d809de-3881-40a6-9cac-dda1e9606cd6,308,2026-01-13,output,3897.87,Retiro en cajero ATM
8b692543-6362-41f3-af58-6b520b856f55,329,2026-01-13,input,6671.49,Transferencia entre cuentas
68f49501-6f92-43f1-9439-76a732dcd43f,591,2026-01-13,output,3454.02,Pago en restaurante
72d40b64-b882-48fc-8680-5b2e1eef22c2,102,2026-01-14,input,5547.09,Transferencia entre cuentas
d545584e-365a-4548-a148-212da8b263cd,105,2026-01-14,output,4883.23,Compra en farmacia
52d5868d-367e-418b-bcf7-8b182ffd27ef,186,2026-01-14,output,2020.88,Compra en farmacia
a0348cac-e7fd-4164-ad17-3e73e794c3b3,241,2026-01-14,output,1252.02,Compra en tienda departamental
95c4a89e-5af2-428d-97ef-e2a97836ea18,533,2026-01-14,output,1901.41,Pago de gimnasio
5737649d-a81e-4916-8c0f-2fdfe061f08d,334,2026-01-15,input,2593.7,Pago de mensualidad
dfb3ad43-6f3a-4c1d-a50f-648735e91ae1,431,2026-01-15,output,1225.64,Compra en farmacia
1e607bab-a272-4298-ba4b-69cbd6998f7c,443,2026-01-15,output,894.38,Pago en restaurante
40c0539d-ea5d-4114-aaf0-ef3e040a6c50,472,2026-01-15,output,2784.48,Compra en farmacia
f8da471a-494c-4897-9f5b-b43b3a5add70,510,2026-01-15,output,1503.26,Compra en ferretería
5595b72c-93ce-4811-990c-ea5ff62e8cba,199,2026-01-16,output,911.07,Pago de internet
aede05ee-054e-4831-b6ad-26fabf028b27,242,2026-01-16,input,10969.59,Devolución de compra
fe99b335-0bf3-463e-a396-74ebcb622774,316,2026-01-16,input,12393.73,Bonificación bancaria
c0336f32-03c0-4e0b-9d80-2370fb8ba983,385,2026-01-16,input,8183.78,Pago de mensualidad
b47d4c4c-bf4d-4ba1-a0dc-a77362979366,399,2026-01-16,output,4204.55,Pago de Spotify
174c4d50-3180-40c0-9559-fa56bfec5170,418,2026-01-16,output,78.56,Retiro en cajero ATM
debdc4e2-672e-4ce3-8df5-f8f5a3dbf21a,472,2026-01-16,input,3556.17,Depósito en efectivo
a4407197-05a4-4519-b597-bca93dffb0f2,495,2026-01-16,output,4946.26,Compra en farmacia
b5d5bea2-e776-4c3a-bc49-67535a416ceb,583,2026-01-16,input,6862,Transferencia entre cuentas
c3f0cf48-7b16-4b7d-9c4d-91d4bf1207da,127,2026-01-17,input,5942.24,Pago recibido de cliente
a4f77cf2-48bb-4411-aaa4-54a4633725a7,127,2026-01-17,output,106.63,Compra en electrónica
1e054b53-e70f-4048-b334-92b0a72a6d48,182,2026-01-17,input,8653.7,input por reclamación
8daa3cf7-9dc5-42ac-a4d6-bae096e77777,283,2026-01-17,output,1407.53,Compra en farmacia
cba16da2-96e4-4487-8407-7ffa72fa7b96,306,2026-01-17,input,4308.37,Devolución de compra
7a5c2e88-036e-4af0-8aaa-6a091ec898c7,361,2026-01-17,input,6086.63,Pago de mensualidad
f222a9f9-b1aa-4ac6-a00c-d451f13a50d8,414,2026-01-17,output,1888.12,Compra en tienda departamental
e8c82476-0d67-4011-bedc-40fccb1051f3,422,2026-01-17,output,2009.78,Compra en cafetería
74fdddbb-d596-427e-b401-fc7c79dd1e5e,487,2026-01-17,output,2791.34,Compra en farmacia
07ed10c2-16e5-47dc-8d74-33d3b1bfbd08,166,2026-01-18,output,764.55,Pago de internet
14a9a483-cbff-4902-ad3e-863c2391392e,277,2026-01-18,output,2498.39,Compra en librería
00eda7c7-72c0-4a6e-84e0-68256a0f8b4c,294,2026-01-18,output,2910.65,Pago de internet
ede5c0db-d585-4147-849e-217ff429153b,447,2026-01-18,output,1437.24,Compra en Uber
28d59666-b043-4249-be22-2b753e42ef36,520,2026-01-18,output,3015.7,Compra en cafetería
622e6f10-9dfc-44c9-a9bc-39d36e6573c8,574,2026-01-18,output,2735.51,Pago de Spotify
65e7905c-daed-4337-a8c4-73c39eda90c6,167,2026-01-19,output,25.93,Compra en Supermercado
10b74200-8ede-4564-a1f6-c1428b1d641d,221,2026-01-19,output,1602.95,Pago de Netflix
9834aff4-7b53-416a-8d5c-74b19e41e45a,380,2026-01-19,output,102.69,Compra en librería
3641f077-dfbe-4794-a063-f8dced5640ff,440,2026-01-19,output,1406.01,Retiro en cajero ATM
43aaac14-9527-418a-a827-4fc3d547a98d,469,2026-01-19,output,314.96,Pago de gimnasio
fcbbe11b-0084-4426-a585-6784be6a6eda,486,2026-01-19,input,13341.31,Pago de mensualidad
df7ad9bd-2afe-4b47-8b1b-ad1d788571f0,575,2026-01-19,output,4360.95,Compra en librería
1ae2e985-d3f0-4e3f-a088-cc53b3e9a405,135,2026-01-20,output,31.77,Suscripción de software
6a1082ac-4000-47d5-b2b9-c637ac2f9a9b,227,2026-01-20,input,992.34,Pago de mensualidad
01bebcd8-bf42-4ddf-942a-4c3329f250bd,396,2026-01-20,output,109.54,Compra en librería
e048b3bd-c2d8-456c-a66c-fe6925d1f8a7,192,2026-01-21,output,4538.74,Compra en cafetería
5300dafb-b02f-4323-a11d-a3cc4f7723f4,360,2026-01-21,output,799.29,Gasolina estación de servicio
dfef5742-31ee-4905-a875-a71dff80e7f6,500,2026-01-21,output,4667.65,Compra en librería
4c301f5d-4131-47b5-b4a6-33f0370d84f0,215,2026-01-22,output,4432.12,Compra en panadería
027b8503-3cb2-4f16-a853-8c3c3dd1934c,220,2026-01-22,output,2767.19,Compra en cafetería
c615dc62-b8ab-4acd-8228-8896143c2070,417,2026-01-22,output,1155.52,Compra en panadería
4c92c698-1a56-4631-aefe-0fa8b55861c3,429,2026-01-22,output,4275.7,Compra en Uber
f3b86fee-47bc-4d67-a2ab-a7df3b98a192,572,2026-01-22,output,4505.9,Pago de Spotify
b956d5da-2e82-4b84-89cb-71dc9be462ee,151,2026-01-23,output,1495.97,Compra en electrónica
86625718-3f54-4f5a-8908-11e034742473,231,2026-01-23,input,1093.55,Depósito en efectivo
26576119-7a41-48fa-a3c7-f92c32ae0019,324,2026-01-23,output,1502.69,Compra en panadería
16e22925-d27b-4467-9cf5-1d802ef4823b,423,2026-01-23,input,673.7,Bonificación bancaria
e5868ab8-4d16-4164-99e0-a11e43ed8560,456,2026-01-23,output,2030.51,Compra en ferretería
cb636c2a-6f9b-4476-bec4-0704a0d5513e,487,2026-01-23,output,4311.39,Compra en panadería
abe06468-f9b0-4fce-931c-2e7a12a4344d,523,2026-01-23,output,366.96,Pago de Netflix
3423eeee-29db-497e-aed5-711b4e509db9,573,2026-01-23,output,2262.37,Compra en panadería
0b99c38e-8b48-431a-b2bf-1393ad6ff59b,269,2026-01-24,output,1413.99,Retiro en cajero ATM
d069961e-2098-4c0b-8511-2dbbe1a4ef8f,293,2026-01-24,output,1052.84,Compra en Supermercado
617cc512-c1d4-4ef7-8f39-dc71322fca1f,327,2026-01-24,output,273.89,Compra en tienda departamental
aaf2e136-57a2-472b-ab3e-c86ede3f2998,353,2026-01-24,output,2369.28,Compra en tienda departamental
688f6a06-c65b-4b3d-9b25-15caa46fa4f2,404,2026-01-24,output,2811.55,Pago de servicios públicos
f0dca810-d5ff-4b26-bf39-a0bd146ea0b0,404,2026-01-24,output,1252.72,Compra en tienda departamental
35c8bcf6-1bfe-41ee-937b-e84d8993be1c,516,2026-01-24,output,1895.07,Gasolina estación de servicio
c92d9f0e-248c-455a-970c-5179398b6d3c,549,2026-01-24,output,3617.2,Compra en farmacia
322a4058-4886-465f-96e5-813b1a64c9b1,592,2026-01-24,input,9209.55,Pago de nómina
08f4596e-b729-421d-a3c6-86f5fc59566b,242,2026-01-25,output,2277.77,Compra en tienda departamental
8ec530fd-966a-4610-9bad-0d0a5ed0b53c,297,2026-01-25,input,4956.6,Pago recibido de cliente
12fe4e74-ddf8-4eeb-b124-e8ba0ba1efa2,312,2026-01-25,input,11088.85,input por reclamación
0100204f-a682-44a1-84fe-83c5c60dcdd5,473,2026-01-25,input,5911.7,Bonificación bancaria
975fe226-aab5-4dac-b08b-ce3c11304c72,548,2026-01-25,input,5476.05,Devolución de compra
9d3f2991-b895-4da0-95a1-a374797a0fd6,174,2026-01-26,input,1997.7,Transferencia entre cuentas
db6a2e6c-604e-4b19-bd44-3311eb90debc,356,2026-01-26,output,3615.62,Pago de internet
d93992b5-362e-46e2-8b35-197b2807f319,372,2026-01-26,output,3873.8,Gasolina estación de servicio
31408a71-77a6-4d03-8596-65cf1e80bca0,398,2026-01-26,output,2577.61,Compra en panadería
9a1fc86a-8d95-4538-a980-f90b43be8b83,441,2026-01-26,output,4724.2,Suscripción de software
c6fc2755-dbb7-420d-8ead-ab1f0eeb0bf8,495,2026-01-26,output,1205.99,Compra en panadería
402c010e-a37f-4498-ae78-b248ee6718e2,511,2026-01-26,output,2093.53,Gasolina estación de servicio
8c91f72b-b6b7-44f6-a593-650bb0a82e37,375,2026-01-27,output,2533.94,Compra en electrónica
0ee61d71-b017-485b-9968-bd061fa4fe84,400,2026-01-27,output,449.18,Compra en farmacia
29fff1a4-bcf3-478a-8613-808e5e8bd0ec,442,2026-01-27,output,2592.73,Compra en electrónica
0248a990-4241-4115-ae6b-10a3373b506f,481,2026-01-27,output,1261.87,Pago de Netflix
182099fd-aa25-4660-8481-f7b3d61ecc90,534,2026-01-27,output,714.78,Pago de Spotify
d9c7913b-2938-44e7-91d9-d28fda80b139,233,2026-01-28,input,822.64,Pago recibido de cliente
678f2511-51b7-4a49-8819-840ab332f107,288,2026-01-28,output,4926.68,Compra en librería
46f557f7-e43a-46f0-8108-337751918762,485,2026-01-28,output,4827.61,Compra en Supermercado
00e39b55-d5df-46c1-8625-279e99874ce5,114,2026-01-29,output,2557.51,Compra en ferretería
4e9f9db2-19da-4ca8-a43e-347f3ef57d05,159,2026-01-29,output,1987.17,Suscripción de software
b1a134dd-8da3-420e-9d04-0c4ad4fc702b,195,2026-01-29,input,12068.62,Transferencia entre cuentas
95ca080b-4905-4861-931e-e76e2fcd78cc,234,2026-01-29,output,1645.79,Compra en Supermercado
5cf9df46-73b1-4fcf-8191-452dd4012236,481,2026-01-29,input,13524.39,Depósito en efectivo
525634cf-8bf7-4e34-9ee1-fafe8e0227fd,123,2026-01-30,output,2428.61,Compra en panadería
ea74718c-b97d-4414-972a-2d74458cb986,148,2026-01-30,output,2560.04,Retiro en cajero ATM
cec11a09-e904-454a-9188-b1ab606303d3,168,2026-01-30,output,831.15,Compra en librería
cfd1d723-a26d-4a44-95cb-22bdb778821f,201,2026-01-30,output,4397.79,Compra en librería
bd7cca70-3d30-42f3-9802-7b99154d459c,296,2026-01-30,output,1307.42,Compra en librería
da40b483-9129-4a50-8a56-9a6d4cbc2fb8,320,2026-01-30,input,882.55,Devolución de compra
f401dfce-579e-4802-a429-499ea4f6768c,363,2026-01-30,output,3563.44,Suscripción de software
634678e9-f5ee-4832-bd72-a108e69bf8f9,518,2026-01-30,output,4822.69,Gasolina estación de servicio
0c9dd3b2-fd92-466f-95b1-5b50709f18dd,536,2026-01-30,output,3993.33,Retiro en cajero ATM
cc47ef21-81b2-4703-9d8b-71083d177ed8,597,2026-01-30,input,8071.13,Devolución de compra
342b09b4-5594-4de0-acef-8ff8403e6143,139,2026-01-31,output,1595.13,Pago de internet
85807568-ee6d-4cc5-ae79-d1a60212909f,287,2026-01-31,output,4158.1,Compra en línea Amazon
f2e88004-e511-4f80-b346-0f5cde6a2818,395,2026-01-31,input,548.27,Devolución de compra
ded3c87f-b684-498a-9621-17eab85861ee,456,2026-01-31,input,6247.32,Pago de mensualidad
97171e22-6ef5-4628-bd0a-6c7c9caf801f,491,2026-01-31,output,3720.54,Pago de Spotify
f692c760-140a-405e-9b41-d25d5e2b5b22,577,2026-01-31,output,614.08,Compra en cafetería
6503bf03-a128-4326-b67f-8af452e62403,259,2026-01-01,output,3826.35,Compra en ferretería
569238d2-269c-4fc4-bdfb-cd9ae22645bc,285,2026-01-01,output,4372.28,Compra en Supermercado
cf21c635-0532-47e6-9d2f-5f34f615ac87,470,2026-01-01,input,2450.75,Pago de mensualidad
009f6df1-a49b-42b0-81cd-124e0e8d68ef,511,2026-01-01,input,7030.32,Reembolso de servicio
bc003425-7e04-4a3f-82c1-ee5cf313480c,127,2026-01-02,output,2098.22,Pago de Spotify
67678143-9e4e-4060-9fd6-ab0f8e47c408,190,2026-01-02,output,3187.26,Pago de Netflix
a2dfdc48-e4d8-4831-8f93-863eaf95df60,426,2026-01-02,output,2109.39,Pago de internet
e8036d88-397e-4066-99a0-f8cb4723e87b,455,2026-01-02,input,3480.24,Depósito en efectivo
4b15e5b1-6962-43ac-a97d-a267e20e49db,477,2026-01-02,output,1204.84,Compra en Uber
8e8d8432-c02d-486a-b62c-69a542f5525d,115,2026-01-03,output,4496.15,Pago en restaurante
f4a19a7d-87f0-4aff-88a1-06779fa0b81a,155,2026-01-03,input,11692.04,Transferencia entre cuentas
34fc7473-b88e-45f3-8577-e937d1bee745,180,2026-01-03,output,4071.93,Compra en ferretería
40e10d36-b691-4982-b75c-defd28a15c1f,289,2026-01-03,output,2098.41,Pago de Spotify
55fa3159-3e32-4f92-b084-ed6d528ce1eb,389,2026-01-03,output,3584.23,Compra en ferretería
0890419a-f7d9-4ae6-b6cc-f8dc9e262f5c,441,2026-01-03,output,1813.35,Compra en cafetería
df6d5348-4c2a-4b5c-bb2c-b4f91f3d182b,139,2026-01-04,output,112.84,Compra en Uber
0893e5aa-3903-4b45-b2bb-84b05b981218,167,2026-01-04,output,2052.08,Compra en línea Amazon
8e05f913-98e6-4f5b-a67b-4a020d96fc68,214,2026-01-04,output,2440.22,Compra en panadería
f2bc94a3-6bf1-4460-9007-3b572388f347,300,2026-01-04,output,4772.86,Pago en restaurante
c349e902-c124-43a4-b131-2cc1c9de6941,412,2026-01-04,output,3776.46,Compra en farmacia
a6c5ccaa-df60-4094-87ad-c7568a6d1966,443,2026-01-04,input,4926.7,Pago de nómina
aeaeba24-4311-46a6-a50c-353370a3e181,459,2026-01-04,input,11986.24,input por reclamación
2516859a-e711-4ee8-8695-4b794164ed83,543,2026-01-04,output,4811.35,Pago de gimnasio
c3723710-4973-4085-aeef-5520a59417a1,358,2026-01-05,output,3897.24,Pago de servicios públicos
64bb6456-9538-431e-960a-c4b009777f6c,404,2026-01-05,output,4418.08,Compra en librería
e5939e36-638d-4a46-bb7d-113091728644,438,2026-01-05,output,1490.42,Suscripción de software
e058353e-2719-44e5-95cf-70170ef63893,209,2026-01-06,output,663.98,Suscripción de software
ba3170bf-cb86-422f-8f15-90795578ba62,266,2026-01-06,output,2100.94,Pago en restaurante
fafd9740-abb1-44ea-9e10-3104a5b95aaa,310,2026-01-06,output,4150.88,Pago en restaurante
5b2132d3-15d3-464c-8eea-a1972052badb,317,2026-01-06,input,7943.77,Pago de nómina
35a680f1-753b-4e5a-b3ec-7d3051871fc9,401,2026-01-06,input,12157.99,Pago de mensualidad
f72cd23e-a66a-4106-a7dc-b669edbb9338,451,2026-01-06,output,3006.96,Pago de servicios públicos
0a3c35c8-00d5-4c08-a2c0-57456cfcbe75,174,2026-01-07,output,3080.46,Compra en panadería
3bca17c5-23b0-4f58-8ae1-470750b2a658,194,2026-01-07,output,1782.27,Compra en Supermercado
ac7a54ac-aef5-4ac0-996d-94ec133e28cd,265,2026-01-07,output,2910.47,Retiro en cajero ATM
e0d3946c-c4b1-4bd4-86bf-1ff6874108ca,353,2026-01-07,output,4231.15,Gasolina estación de servicio
e76b0bdf-d948-497e-9536-0495e0ca10eb,145,2026-01-08,output,1797.82,Compra en tienda departamental
abf8be25-8dda-4c85-9a7f-aede8cea6566,178,2026-01-08,output,3736.36,Pago en restaurante
328aba2b-6e4d-4c1c-9564-c1374565a6dc,211,2026-01-08,output,522.29,Pago de telefonía móvil
94979e58-9c85-4508-ad0a-c8dc45a71891,221,2026-01-08,output,1808.29,Pago de servicios públicos
05ebc13a-8698-41c3-a281-d0e07fac2d18,237,2026-01-08,output,3696.28,Pago de Netflix
246e0b48-106e-43b5-bd6b-d51f9dd813a1,267,2026-01-08,output,495.39,Compra en electrónica
57ff134a-dde3-4309-ba58-f5a7ad279d3c,270,2026-01-08,output,3173.3,Pago de Netflix
00aac916-c1cf-4cec-a2c9-b6d7e6d48b9c,508,2026-01-08,output,3857.33,Gasolina estación de servicio
6d1e21f3-6fb3-47d4-84fc-9cc383d585c8,188,2026-01-09,output,4014.74,Compra en Uber
d2483aed-5319-457a-ad00-56775b4d2a74,281,2026-01-09,output,1263.76,Pago de telefonía móvil
8b5b83ed-8026-4f53-8f41-b1b7c367a4b6,330,2026-01-09,output,3624.63,Gasolina estación de servicio
50e1f664-b434-4ada-b34e-a90f31a5f568,344,2026-01-09,output,2234.43,Compra en cafetería
21a6ce95-1cd9-4b02-9cca-91b4f662a3e6,356,2026-01-09,input,4848.94,Bonificación bancaria
16eb05a6-ba27-4c6e-8416-df42f5abaa5e,375,2026-01-09,output,1843.36,Pago de telefonía móvil
5cacd686-4558-493f-b95b-9e0585174930,453,2026-01-09,input,4205.43,Transferencia recibida
7bf156f9-2f06-423e-82eb-634cd2edd5e4,553,2026-01-09,output,3592.8,Compra en Uber
a3b8ad6d-b6cb-4d66-aefa-4016d7b8f5a8,149,2026-01-10,output,160.43,Compra en ferretería
4f4ac74b-f660-4697-9d4b-90e0ebf62949,226,2026-01-10,output,3372.83,Pago en restaurante
11ab575d-e8c1-4487-9299-05cb223c153a,494,2026-01-10,output,4776.43,Compra en Uber
9b797e04-52b6-4274-962e-797877b2b5eb,174,2026-01-11,output,3941.36,Compra en Uber
4a782ada-29a1-411a-af3e-1b6041d8a4a4,335,2026-01-11,output,3058.9,Compra en electrónica
9e7ec764-a7b9-49dc-b9bb-73bac27ac8c6,390,2026-01-11,output,348.54,Compra en línea Amazon
37d740ac-d007-452a-992d-c468584287a9,118,2026-01-12,input,8651.46,Depósito en efectivo
10e46899-7ea1-4e91-b937-a69841ce52a7,171,2026-01-12,input,7387.7,Transferencia recibida
14ebe356-0176-4744-9172-85a38ce7d2a9,200,2026-01-12,output,3969.63,Pago de Spotify
c4b0d8a7-555c-4448-a028-c0b088023fda,319,2026-01-12,output,1985.35,Compra en farmacia
0aa5ebcc-e9c8-443b-906b-5ce5814d95d9,405,2026-01-12,output,3168.2,Pago de servicios públicos
fdf0a4ec-8c9b-4fd4-a1ca-7b7dfc978e02,497,2026-01-12,output,857.77,Gasolina estación de servicio
4c7acabb-ff63-4fbd-9a25-1f80b69f2dba,555,2026-01-12,output,2743.36,Pago de internet
806fba1d-6a2c-4a6d-8790-bd587868a926,589,2026-01-12,output,1694.1,Compra en Supermercado
944a0930-3ea4-4d11-af44-338942d3be85,127,2026-01-13,output,2638.97,Pago de Spotify
8a0d1e1e-0f81-4dce-b8aa-e329977fcaa1,275,2026-01-13,output,3334.39,Pago de gimnasio
27232881-70d2-4337-8719-01bf0a878bee,381,2026-01-13,output,4241.38,Compra en Supermercado
454cdd77-b5c4-49f3-8847-521edb4e5354,422,2026-01-13,output,3200.67,Compra en tienda departamental
8619003a-15d1-4764-9f95-a987e43aa305,442,2026-01-13,input,901.73,Bonificación bancaria
f97da8e9-6422-4406-a176-21785ffd2c08,459,2026-01-13,output,548.31,Compra en cafetería
c61b88fb-238c-4873-8ebd-842e0c9edcc1,138,2026-01-14,output,220.03,Pago de telefonía móvil
9ba07e93-7dda-46d0-8ab8-2f4fa80fa48c,153,2026-01-14,output,194.31,Pago en restaurante
45dd12bc-455b-41a0-be68-e9f2fff9051a,400,2026-01-14,output,838.99,Pago de servicios públicos
9af26b20-1d55-4f0d-adf1-a364f0bdaf45,428,2026-01-14,output,701.31,Pago de Netflix
8ae8c8bd-f764-4caa-829e-4b62d625ff4b,465,2026-01-14,input,7840.46,Depósito en efectivo
f402c5ae-fddd-4bb3-9bc3-420ae185798d,467,2026-01-14,output,1752.87,Pago de internet
aef4059a-83dd-4d7d-bccf-bfdd2f1a7904,482,2026-01-14,input,11613.04,input por reclamación
36e3dbe5-bbc4-437a-896e-6ce8fde52d7b,576,2026-01-14,input,6017.99,Devolución de compra
8ad71ec6-418a-459b-83bd-4519356bb34a,170,2026-01-15,output,200.34,Compra en farmacia
bbc56a40-77c7-4715-965c-8b2177c02736,295,2026-01-15,output,1429.12,Compra en Uber
bd29c0fb-b930-49a0-b53b-189022bb3845,591,2026-01-15,output,2433.14,Compra en farmacia
7bd7573a-1091-4131-beb7-ee67674b7f76,138,2026-01-16,output,1202.87,Compra en electrónica
88aa1c77-e45d-45bf-8063-59e1fc2d770b,319,2026-01-16,output,4663.45,Pago en restaurante
e81c5364-b4ba-42cc-933b-ebba7cc669bc,490,2026-01-16,output,315.6,Pago de Spotify
d98b4869-b78f-475b-9898-0fb0c17fe6ba,507,2026-01-16,output,1924.26,Compra en farmacia
1ee797d7-7921-4963-870a-080458990fec,540,2026-01-16,output,2410.71,Pago en restaurante
e59ce539-0117-4979-9f8b-f20013a4e8f8,213,2026-01-17,output,1015.71,Pago de gimnasio
81551173-a3d8-4d27-b1cd-36c844e71f86,236,2026-01-17,output,2783.3,Compra en ferretería
ea06d3bc-d870-40b7-bfc6-45ea40b5f2c5,267,2026-01-17,output,237.25,Gasolina estación de servicio
c845a616-4237-4848-ac20-100b528a19b2,199,2026-01-18,input,14335.41,Reembolso de servicio
48ba8b70-95a7-40d2-aca5-acad8424c06e,202,2026-01-18,input,14102.93,input por reclamación
812ed976-a944-4c3a-abb6-938b4d8ebc8b,364,2026-01-18,input,14881.11,Transferencia recibida
e40356df-437c-4efe-9219-5f13892ccd64,521,2026-01-18,output,3560.6,Compra en tienda departamental
38b83e1d-0207-41a9-bc32-28f4b252472d,523,2026-01-18,output,2009.32,Pago de Netflix
70116492-77a2-465e-8bba-063d4cef536b,165,2026-01-19,output,3618.91,Compra en Uber
822e9150-50ba-4f59-8978-fd3ebe622058,199,2026-01-19,output,4821.77,Compra en Supermercado
79816a76-e86e-4c6a-aaa6-669f8e9a3645,347,2026-01-19,output,1108.45,Compra en farmacia
765739fa-ce5f-4bb8-b5f2-4f45355fa657,352,2026-01-19,input,8348.43,Devolución de compra
128fe6de-c694-470b-86fe-a99e4aa7a9d7,353,2026-01-19,output,2932.58,Pago de gimnasio
7d838000-9119-40bd-bfe9-70ff2d65f677,373,2026-01-19,input,4367.05,Depósito en efectivo
ec88bc46-3be7-42b8-8528-13711767ca7e,380,2026-01-19,output,2289.11,Compra en ferretería
5bc1414d-8571-4eb9-961b-4011a5a00c8a,400,2026-01-19,output,3420.85,Gasolina estación de servicio
f08ebcc0-bf35-437c-8fc3-60ccfd822ab8,454,2026-01-19,input,10591.04,input por reclamación
e60f5efe-b2e7-4519-aea7-ddaead1caa11,512,2026-01-19,output,3742.44,Pago de servicios públicos
4ca05690-b59c-4837-a86e-bec85a0c0ac8,144,2026-01-20,output,4281.4,Compra en farmacia
c27d9e22-c6c9-41b8-9362-a53de32034b6,273,2026-01-20,input,1542.13,Devolución de compra
1a6598fe-6077-42c7-8866-c1ad35c7b040,289,2026-01-21,input,9743.91,Devolución de compra
6689d395-8b3d-4f76-bc62-b653ac07a463,377,2026-01-21,output,942.23,Pago de telefonía móvil
8400dcd3-9af9-46ff-8547-c91d1b928618,387,2026-01-21,output,1003.26,Compra en electrónica
0d9a4416-16e6-4144-908b-41a322e8c1ce,426,2026-01-21,output,1090.5,Compra en ferretería
34d298a3-a74e-410c-97b0-1af871d788af,162,2026-01-22,output,3007.34,Pago de servicios públicos
65f4ac30-48b0-44e6-a445-b4e7d2eaf20f,239,2026-01-22,output,4104.42,Compra en tienda departamental
954d0979-b56b-479d-9624-452ad3e8d89b,263,2026-01-22,output,1773.33,Retiro en cajero ATM
4ebc93c8-9abc-48bf-9222-260ffc9bfb03,270,2026-01-22,output,3182.14,Compra en ferretería
7970a71e-713d-45c9-8cee-597496d16713,208,2026-01-23,output,1754.77,Compra en cafetería
76f7af1c-b60b-4087-b4d7-bd0b76248b69,220,2026-01-23,output,1746.59,Gasolina estación de servicio
a79c0294-2e5d-47ae-8da2-a9c8c13bcb4f,265,2026-01-23,input,13153.37,Reembolso de servicio
c30704e1-0c14-4cd9-880c-14e6d17a8237,269,2026-01-23,output,4367.75,Compra en tienda departamental
85246dd6-ca01-4b76-8d41-9fef2ccc0abf,347,2026-01-23,output,2704.82,Pago de Spotify
628d0d64-1d6f-4c5d-a398-dc206b186661,519,2026-01-23,output,146.18,Gasolina estación de servicio
10bde753-0fa2-45d0-91d5-07e7f6ceafc8,525,2026-01-23,output,465.78,Compra en panadería
e7a99641-d4e3-46a1-b3de-6df8b7276389,112,2026-01-24,output,1439.18,Pago de Netflix
5c67b23e-f157-4c2f-8316-767565cbc711,126,2026-01-24,output,2528.08,Pago en restaurante
30566e11-a21a-43b5-aa08-06d6138a6e2e,209,2026-01-24,output,3020.08,Compra en ferretería
d17b509f-bb2d-42be-8ab6-7d621cb4752f,243,2026-01-24,output,1710.97,Compra en librería
d360fcea-dc16-4134-9ac8-442ccdd4e2e6,427,2026-01-24,output,2679.18,Compra en electrónica
ccbdb316-560d-454c-bc39-e29581b1295b,590,2026-01-24,input,1428.7,Transferencia recibida
5a952d12-f429-4f9e-abf8-bd165eb3dd01,318,2026-01-25,output,3318.42,Compra en panadería
9c241735-1273-497d-a72e-2bdab79755fc,436,2026-01-25,output,2287.13,Pago de internet
22dc568f-85fa-40b5-b704-15b081380483,453,2026-01-25,output,2917.31,Retiro en cajero ATM
fc0db8a7-436f-44ae-ac45-9a5476022800,462,2026-01-25,output,3443.57,Pago de Netflix
f0e94e05-39ed-43bc-9c0d-4db7e69a4373,266,2026-01-26,output,4342.21,Compra en tienda departamental
67a15eda-6f54-48f0-9c84-4f94f6cefb7a,306,2026-01-26,output,911.91,Compra en panadería
6c3586b9-fc38-41e8-b9d1-5e01b39e2c3e,340,2026-01-26,output,3945,Pago de servicios públicos
91454548-f3f7-4043-80bb-e1d9451b7a9d,348,2026-01-26,output,2140.56,Compra en cafetería
95f01737-16f2-4010-94cb-010f7c31a76a,385,2026-01-26,input,12245.57,Devolución de compra
77f5a88c-0c0b-43c9-bc8b-a49a641b0e49,138,2026-01-27,output,3704.79,Compra en panadería
20be1889-6512-4162-b82f-cf8e172b3167,141,2026-01-27,input,4070.96,Depósito en efectivo
06ebe4fb-2f8a-4044-8950-d7cb86d1ec26,200,2026-01-27,input,14102.88,Depósito en efectivo
1e16dc90-2232-4eb1-8499-3fdaa3115921,274,2026-01-27,output,4683.85,Compra en panadería
f1a7bbc8-15da-41e0-83b7-db1c87fd133c,321,2026-01-27,output,2359.94,Compra en Supermercado
bc441183-a060-425d-9dbe-e119bc10e8cb,356,2026-01-27,output,4180.18,Compra en Uber
1947efea-26af-4a7c-b02c-da2fae44015f,482,2026-01-27,output,4519.89,Compra en electrónica
f1323dde-ea19-4707-a56e-8f2328561953,138,2026-01-28,output,2310.58,Gasolina estación de servicio
a2b8d72f-f201-44bb-8ff1-bad8f8d50543,183,2026-01-28,output,2034.08,Pago de Spotify
706503fe-d5f4-4141-a11b-79ec8d3e0d42,202,2026-01-28,output,3191.53,Pago de Netflix
ef97a004-2628-4f05-9c78-03a4fa0f983c,208,2026-01-28,output,1293.76,Compra en tienda departamental
1b0c978f-bda3-4310-9345-1277dcb764ac,219,2026-01-28,output,4615.57,Compra en tienda departamental
5375aae6-fffe-46ac-911d-42b669c1f9f5,231,2026-01-28,output,2378.29,Compra en ferretería
0fe3f446-1325-49a0-b744-fe7f92b249b2,333,2026-01-28,output,3000.05,Compra en Uber
74b4ae37-0929-420c-a345-9ba851af16e1,376,2026-01-28,output,2824.57,Pago de gimnasio
102c7aa1-5770-4068-80cc-374d9c51d76a,397,2026-01-28,output,3026.31,Pago de telefonía móvil
e76ddc60-0b88-4b35-ab59-fca04f6f77ff,445,2026-01-28,output,3009.2,Compra en farmacia
71e31c42-69b1-46d1-a23b-f95050461e88,509,2026-01-28,output,2148.66,Compra en línea Amazon
7c2bc530-6256-41ca-a6c9-ff3452c9fc01,593,2026-01-28,input,1011.44,Transferencia recibida
506d9d56-307a-45ef-9638-587a9e6538d1,241,2026-01-29,output,3211.74,Compra en farmacia
5c56502b-f098-4e65-b75e-6b2785aa0b7a,249,2026-01-29,output,1442.98,Pago de internet
8020a939-e34d-4a79-801e-2cc528a29b44,384,2026-01-29,output,2047.27,Compra en ferretería
8e22158a-3b4f-4557-a5e5-4ad3709b6d35,387,2026-01-29,output,3209.1,Pago de gimnasio
0fbb20ee-7ff5-480b-9d17-24af971b0eab,322,2026-01-30,output,4993.18,Pago de servicios públicos
9e2dab24-b692-41b9-b412-e1f18d016c77,396,2026-01-30,output,3581.39,Compra en ferretería
f57649b5-db84-4bcb-b064-135678d45461,163,2026-02-01,output,4607.39,Pago de gimnasio
a4704476-5897-4d55-84ee-514cc23b268a,223,2026-02-01,output,3652.42,Pago en restaurante
e93896fb-34e6-455c-8f4e-5274ea319ddc,298,2026-02-01,output,1452.3,Pago de gimnasio
9ddf1bdc-6621-4d87-a911-b87ad3c3927c,388,2026-02-01,output,3305.91,Pago de servicios públicos
41d17071-2f2b-4851-a472-9430a3928799,417,2026-02-01,output,1909.63,Compra en tienda departamental
ff37acbe-8401-4e53-a91c-600198f5c68d,427,2026-02-01,input,2012.08,input por reclamación
e1077ec2-3152-4915-9e97-e3914828d087,443,2026-02-01,input,2313.35,Devolución de compra
cef8e0be-46e3-4506-b596-3b67211bf103,491,2026-02-01,input,591.82,Bonificación bancaria
b737967e-2872-4bfb-9445-5142d90dba1f,556,2026-02-01,output,4733.14,Compra en cafetería
d6ca7a4c-ef46-4590-9db8-8a41cd3af68a,173,2026-02-02,output,3214.49,Pago de internet
42b4ed81-b757-4c30-9025-f45413b3aed1,203,2026-02-02,input,7239.54,Transferencia recibida
f31777ac-2c1f-45e9-b742-4db61f34cc8d,503,2026-02-02,input,14310.56,Transferencia entre cuentas
01e99e0d-1adb-4636-bb2e-87e1d9e7e00e,580,2026-02-02,input,9981.78,input por reclamación
f2b3a573-62e0-40df-b4b1-d8e394126399,172,2026-02-03,output,2835.22,Pago de Netflix
67284345-b271-49b9-9a7a-9061df1e797b,225,2026-02-03,output,2931.85,Compra en librería
a58061b9-26c4-4f96-adf8-7d5c3061dead,471,2026-02-03,output,450.16,Pago de Spotify
75c77dc8-62b4-4293-937b-783839a488e3,113,2026-02-04,output,1442.4,Compra en cafetería
c2ca79a4-bd87-41f0-9487-3632ec7451dc,201,2026-02-04,output,2523.5,Retiro en cajero ATM
7af6b037-a850-4ed1-9255-e7f290bdd63c,268,2026-02-04,output,3439.47,Pago de Netflix
922776b6-b9bb-46dd-8635-f946fe263708,319,2026-02-04,output,816.27,Compra en línea Amazon
d01347fc-ea42-4b5c-adbd-ade829b09b28,406,2026-02-04,input,8460.9,Pago de mensualidad
eeac45ee-aafb-45ff-9886-0ba3b99c7b44,580,2026-02-04,output,1301.85,Compra en ferretería
f9dc740f-630b-4af5-a8c6-9d550bdb6d46,141,2026-02-05,output,3423.76,Pago de Spotify
81abe745-c9e9-450f-8a63-03a1b1b9d8e7,157,2026-02-05,input,9790.77,Pago de nómina
2792f3ac-d146-4434-a700-e337347e3978,183,2026-02-05,output,1177.27,Compra en panadería
a400dbbc-c51f-47a4-84ff-2ac38fe56a9d,264,2026-02-05,output,2736.29,Retiro en cajero ATM
3d398021-ea57-4598-85ad-871666936fd7,107,2026-02-06,input,12197.31,Pago de nómina
2fc565b7-347c-4af1-ae82-5bf01f8512ec,298,2026-02-06,input,2550.07,Reembolso de servicio
f3b6e850-8131-4c77-830e-0752d2ecf78f,342,2026-02-06,input,4521.98,Pago de nómina
a4c2f2b9-189d-46d3-95f4-1e1a23cefc83,352,2026-02-06,output,2180.82,Retiro en cajero ATM
80b5098b-e3fe-4edb-9bf7-403d5ae95151,384,2026-02-06,output,3511.54,Pago de gimnasio
6251b95c-bf3f-4019-898f-4810f578d0d5,389,2026-02-06,output,638.46,Pago de gimnasio
e7629f9d-1faa-4fbd-aab8-e70eb2a7d5b1,461,2026-02-06,input,5989.68,Pago de nómina
23774730-4a55-4c7c-948f-f931f5a872ab,481,2026-02-06,output,3346.49,Compra en Uber
7680bb1f-bc33-4bf3-87d1-26b0a0c18486,519,2026-02-06,output,1010.57,Suscripción de software
1351d522-8e6c-48f4-bde1-7a4766986320,120,2026-02-07,output,1771.1,Compra en cafetería
7ba9e57a-4a33-4c95-8fe1-cf56e537bce5,378,2026-02-07,output,2128.26,Retiro en cajero ATM
04f33aa2-5595-4e91-a391-f312cf341354,386,2026-02-07,input,3704.42,Reembolso de servicio
b3e8d131-c63d-4527-9597-de66294f1657,351,2026-02-08,input,5116.73,Pago recibido de cliente
eeca2db7-a38f-46fb-beb4-9675e19cc0c8,365,2026-02-08,output,24.95,Compra en electrónica
0ca1a504-d446-4fa4-b438-709a75eb85b9,392,2026-02-08,output,2279.87,Pago de internet
3fea1698-4e16-4bb8-bba3-23070f5fa2a7,527,2026-02-08,output,1130.27,Suscripción de software
dbf2bdd4-4348-4df2-9298-363616a9f7ae,534,2026-02-08,input,8663.81,Bonificación bancaria
a094580f-bf38-49bc-a511-945e8bc66cc1,193,2026-02-09,output,2571.36,Pago en restaurante
eedc2d51-f014-41ad-a78c-cf91ff0a3ccb,395,2026-02-09,output,2189.14,Compra en librería
1766b31d-65cf-4b58-b882-112483be9396,399,2026-02-09,output,1888.65,Pago de Spotify
7fe7957a-9d71-48b7-9ad1-b6ee8b8f8aaf,485,2026-02-09,output,2499.7,Retiro en cajero ATM
343ab1cb-0f45-47fc-826d-6fdf4ce216d7,507,2026-02-09,output,2013.21,Suscripción de software
3d01215d-7520-41fc-9e99-ff0e44d4af9e,508,2026-02-09,output,2340.6,Pago de gimnasio
95332717-c4e6-4832-836d-0471c452e391,532,2026-02-09,output,3233.69,Pago de Netflix
a28e8c66-e211-4bbe-a1eb-e1331c6dbefe,173,2026-02-10,output,4202.48,Compra en electrónica
7b2286d4-0692-414d-91cc-ad3690faae27,226,2026-02-10,output,4784.57,Compra en Supermercado
7ec96058-61bf-4116-826e-ee8418691ff9,294,2026-02-10,input,7605.84,Depósito en efectivo
2650a3eb-655c-440f-969b-3a35f32650b6,421,2026-02-10,input,10909.23,Bonificación bancaria
1c6f5671-78fb-4d47-a18c-3132f8a2ff4f,450,2026-02-10,output,2515.14,Compra en ferretería
dac0f8f4-705e-433a-9a86-d789608c0421,288,2026-02-11,output,4260.05,Pago en restaurante
2f12234f-39b7-467d-a462-915dc7f47b01,347,2026-02-11,output,2213.82,Pago de servicios públicos
d8704cd6-99e3-4c50-8b17-0ff3c9373fc5,510,2026-02-11,output,2543.72,Compra en Supermercado
6f502021-9591-455f-95e6-72fee4ba1000,560,2026-02-11,output,407.8,Pago de gimnasio
781f755e-ba8e-4e8b-99cf-434df6718491,225,2026-02-12,output,3777,Pago de internet
75f63cc9-d664-4f31-a30b-bb9a39cc5632,333,2026-02-12,output,4047.06,Gasolina estación de servicio
f92dd3b5-e270-4071-ac4c-dc902ff071da,396,2026-02-12,output,4504.08,Suscripción de software
36898912-c319-4598-9f42-96637d7ff619,402,2026-02-12,output,1822.07,Pago de Netflix
f1efff5c-b420-491a-af77-5e1d99e269f5,417,2026-02-12,output,3959.21,Compra en electrónica
bf7d704c-c216-48f8-90c2-8961af02778d,486,2026-02-12,output,4774.87,Pago de Spotify
adcc04ad-86bc-4870-8a5e-38c6b404c18e,487,2026-02-12,input,10914.47,Pago de nómina
bfefd59c-efd9-418a-83b9-4468c14bac16,568,2026-02-12,input,11946.29,Depósito en efectivo
bc71036b-ad51-45e7-830e-fdc401679ba3,434,2026-02-13,input,1236.23,Pago recibido de cliente
127bef62-eea1-418d-b175-99ff238d3651,490,2026-02-13,output,3142.94,Compra en Uber
9d2e0ab0-eb4d-431a-aa10-f31dcbabc5e3,590,2026-02-13,output,720.43,Retiro en cajero ATM
c3e05af6-d8b1-4501-b857-2f7477d93a6f,218,2026-02-14,input,7932.39,Depósito en efectivo
e21874db-30ea-47c7-bda3-31c86d9046ef,317,2026-02-14,output,3808.3,Pago de Spotify
646b5faa-3ef8-4558-81ff-abd2e7217bf3,462,2026-02-14,input,1006.48,Pago de mensualidad
42a8ecc6-e249-4d2d-8400-c43d6fae2db5,587,2026-02-14,output,438.3,Pago de gimnasio
0e6bd5e1-e8ab-44cd-81e9-7a54eef93f47,315,2026-02-15,output,2032.32,Compra en electrónica
280de979-be44-4b48-b502-573495696be1,401,2026-02-15,output,2701.87,Pago de Netflix
40dac328-4009-488d-b43b-b4aa8084db51,484,2026-02-15,output,2858.24,Suscripción de software
80fd39d6-1fbd-46b0-bd6e-205728799e7e,521,2026-02-15,output,3290.95,Compra en tienda departamental
5b08c882-be15-4e52-adfa-0d4dbd956aec,165,2026-02-16,output,4716.32,Pago de internet
6e3980ba-329b-49b9-96e2-2e4a88d94f79,347,2026-02-16,output,4081.73,Compra en cafetería
1ffbb730-f5fc-4052-9fd1-7c773c3b8a95,448,2026-02-16,output,3941.66,Pago de Netflix
a19df2a7-6207-4461-88a9-79d6af4a4db4,452,2026-02-16,output,1965.2,Gasolina estación de servicio
08baec6c-a53a-4bfb-adc8-1d447e0906d1,510,2026-02-16,output,3329.79,Compra en electrónica
db6a31cb-679c-4d3a-a613-14e65b86affd,173,2026-02-17,output,31.97,Compra en tienda departamental
e0ac44fd-602c-4b3e-b917-98f6258d543a,210,2026-02-17,output,677.24,Pago de internet
d0a0d358-25e6-47f7-aafb-636eac7c4cc6,362,2026-02-17,output,1093.78,Pago de gimnasio
a8e75569-7c25-44c2-9100-52e53e3055d5,426,2026-02-17,output,3150.7,Compra en Uber
82abc0dd-25e0-439e-a9ae-ae8f358650d9,452,2026-02-17,input,10429.56,Devolución de compra
8f9d1ebe-218b-4cf7-b3c7-1e006c262c56,533,2026-02-17,input,11537.96,Pago de mensualidad
4483ba34-9b5f-40f3-9147-4c6e2d8db121,184,2026-02-18,output,2769.97,Gasolina estación de servicio
80ba7681-b1a2-4f45-92f1-a6b73f8d7302,246,2026-02-18,output,962.98,Pago de Netflix
9cf05eff-91d2-47e0-be79-c6bcfdbad35b,251,2026-02-18,output,301.47,Compra en Supermercado
54be8c7c-5c38-4d45-9626-30e6492d9d48,111,2026-02-19,output,700.01,Pago de Netflix
5304b8e0-1f47-45f4-897c-03c057963583,151,2026-02-19,output,2899.62,Gasolina estación de servicio
e049f10d-df2c-46bc-984a-c9f3af24f80f,160,2026-02-19,output,3059.33,Compra en Uber
40c90457-8986-463d-8623-ec80d09c7b1f,234,2026-02-19,output,3782.41,Retiro en cajero ATM
ffbd866c-7236-4e31-b766-72b8b91fd7a6,377,2026-02-19,output,4350.9,Compra en ferretería
36a2c3e3-f8a0-4172-a00e-7a98bb28ff49,428,2026-02-19,output,2576.2,Compra en farmacia
f3a7597f-3f2b-4fca-9d9f-f3e532fc8fbe,430,2026-02-19,output,1216.26,Retiro en cajero ATM
4a885c16-d32b-4ffb-8207-e9333968b2d7,523,2026-02-19,output,1884.07,Compra en tienda departamental
5dbd155b-4797-4423-b2fc-6cab1862f356,184,2026-02-20,output,4539.56,Compra en tienda departamental
9e13c5f9-5e89-495f-8704-a6e03c362b96,271,2026-02-20,output,2018.23,Compra en ferretería
59b067bb-67dc-4964-9f26-210c33814fcc,278,2026-02-20,output,3772.14,Pago de internet
353119ce-bce2-4e93-aa36-ab13d27c281f,281,2026-02-20,output,2539.82,Compra en librería
f98e84b3-bdb8-4524-978d-01f53f278e45,297,2026-02-20,output,2035.98,Pago de Spotify
907804e6-50de-420f-a152-79e198737f30,332,2026-02-20,output,4403.01,Pago de internet
e000cf00-a799-4cdb-8528-9c7e1c000ad6,358,2026-02-20,output,4876.64,Compra en librería
33b6a0df-e4ea-4237-8d86-baa13043a287,571,2026-02-20,output,634.9,Pago de Netflix
883525c9-bb03-4d95-bfdd-819702a460ba,579,2026-02-20,input,958.32,Pago de nómina
35d26df8-066f-489d-83f7-858c2f6bdb85,264,2026-02-21,output,4693.17,Compra en cafetería
bf0d5483-1a0c-48cc-bf75-0c75fb7543d7,264,2026-02-21,output,4984.18,Pago de telefonía móvil
aede9881-1814-4c59-a4fe-c592eddc9da4,291,2026-02-21,output,3967.62,Compra en panadería
3b7d1677-b8fa-4a27-83b9-99a6339a55a3,295,2026-02-21,input,3236.01,Pago de nómina
75e93073-4f5b-4607-bdbc-d1cba60a7c91,458,2026-02-21,output,4423.18,Pago en restaurante
c73ef266-2cef-4147-90c3-383edfbc5e88,579,2026-02-21,output,4815.59,Compra en electrónica
3cadcec5-1cd0-4691-b66b-ba1c8a55ba29,598,2026-02-21,input,3017.57,Pago de mensualidad
45243162-0b32-4f1b-8f5d-f8d6803fda42,129,2026-02-22,output,1538.96,Retiro en cajero ATM
38a3a82c-cc28-4fde-83da-639ac81ae19e,145,2026-02-22,output,4818.71,Gasolina estación de servicio
3a861a4c-3f00-4975-9836-de9997b2ea10,473,2026-02-22,input,3284.42,Depósito en efectivo
6fdcf7fd-77cc-404a-bdae-b504a348bff9,591,2026-02-22,input,6634.13,Pago de mensualidad
cb3d0a0d-16c8-469a-9ed1-1d9eb601011d,103,2026-02-23,output,4338.72,Pago de Spotify
68424c4c-9036-4a9b-afcf-33545c4b76c0,132,2026-02-23,output,1322.01,Compra en Uber
7f0c4d45-63ff-473f-9ab4-a0a7dd5bb543,142,2026-02-23,output,3743.33,Pago de internet
23f04c63-051e-4917-a2b1-db31beeefab0,156,2026-02-23,output,2848.6,Pago de Spotify
46ccbbde-ae0e-42d0-af7d-ea04db43629c,199,2026-02-23,output,1877.09,Pago de servicios públicos
5fc4e80f-b34e-4050-ab0c-7c5d8116efc2,215,2026-02-23,output,3947.48,Pago de Spotify
f9a4f24b-97d9-4318-814f-287470253187,269,2026-02-23,output,4955.2,Suscripción de software
6c18ee84-5fb5-4f3c-aa00-97177ed9ffcf,553,2026-02-23,output,524.96,Pago de gimnasio
0b4e416e-1fed-4672-8807-2b4dc90288cb,142,2026-02-24,input,12899.38,Transferencia entre cuentas
ef258d31-7d0c-4330-967f-6577e0857438,199,2026-02-24,input,12993.91,Transferencia entre cuentas
873102fa-cb07-4850-b0d3-c67f9ecdf850,331,2026-02-24,output,2288.44,Compra en cafetería
7a8f5178-dd31-44b9-8eec-cfb2ea2e0331,505,2026-02-24,output,2296.37,Pago de servicios públicos
b3350580-1710-44bc-9570-b2f3284b43b1,523,2026-02-24,output,896.39,Compra en Uber
03e1a7c2-f2d4-4503-9c49-12857137eab3,314,2026-02-25,output,2869.27,Pago de Spotify
9ac424d3-4764-4540-b53c-599f10ac300f,383,2026-02-25,output,3337.68,Compra en línea Amazon
f1a88c5f-a13d-4ce9-8c38-c0d1b2cf6f6b,542,2026-02-25,input,13850.82,Transferencia recibida
62e3d6c1-57d4-44f2-83f0-c23e03e6bc39,580,2026-02-25,input,11069.72,Transferencia recibida
3a7d11ea-f777-46e1-9dc1-6dcc6959560e,150,2026-02-26,output,1812.02,Pago de gimnasio
5904bc54-26bb-4b34-a862-629a0d66fbb2,344,2026-02-26,output,663.36,Compra en librería
2f4409eb-c819-4f18-ade1-60942f839fa5,417,2026-02-26,output,964.72,Pago de telefonía móvil
6f702953-19c9-470f-98e7-834b48342e5f,455,2026-02-26,input,4430.67,input por reclamación
84b55028-6d28-43d2-91ab-d3dd64b644b4,552,2026-02-26,output,4573.1,Compra en panadería
edb90337-aa7d-458a-bb42-0f2b877bad72,591,2026-02-26,output,3932.3,Compra en cafetería
2f720108-6579-48ee-b629-4c7e6c836141,156,2026-02-27,input,5233.35,Devolución de compra
500fc443-0439-441c-8226-8f08e5e86a1e,182,2026-02-27,output,2503.18,Pago de servicios públicos
74a10d1b-c447-4c16-be4c-19b9c58880d6,222,2026-02-27,output,3847.01,Pago de Netflix
2033058d-99b9-4adf-969b-3738d754a1af,236,2026-02-27,output,4416.49,Compra en línea Amazon
d6d40ff5-9517-4694-ba82-694cfbc1e69f,361,2026-02-27,input,4359.94,input por reclamación
7a8d6a9b-c6d9-492a-b267-ea3652158eb3,373,2026-02-27,input,2224.6,Depósito en efectivo
7eba07c2-2d15-4d8d-b4c4-7084347f3325,445,2026-02-27,output,4423.98,Compra en tienda departamental
94a1947d-901c-402f-b838-10126e6f9860,513,2026-02-27,output,3203.95,Pago de Spotify
e2c6d0e4-d9f1-48f5-bf01-c88cca27349c,163,2026-02-28,output,4031.08,Compra en Uber
93f9447d-686b-4439-bd7b-46021a047c72,206,2026-02-28,output,4289.37,Compra en electrónica
ce671490-1897-41bd-88ba-3edc314535c3,247,2026-02-28,output,556.45,Compra en línea Amazon
d1b0f679-2240-4761-87e9-9e32dcb92e6e,477,2026-02-28,output,499.99,Pago de servicios públicos
a0a2bcdc-5394-453b-907b-95c773ef8484,547,2026-02-28,output,3639.61,Compra en Supermercado
1f8c32bb-6d57-4ade-82d6-1bd5cbcebf82,139,2026-02-29,output,2306.98,Retiro en cajero ATM
e3fd533e-7b9b-4d9d-a453-a2f09e94b4c7,156,2026-02-29,output,3169.41,Compra en librería
5999450a-0d01-439e-82c0-928c13558e26,234,2026-02-29,output,2395.25,Compra en ferretería
9c17715e-7411-4001-91d1-c45ce427d201,392,2026-02-29,output,2634.45,Compra en librería
d181d52f-2087-44c7-8895-4d34fb2efed7,588,2026-02-29,input,5371.63,Reembolso de servicio
47d0a500-c532-491c-9543-8cdb9de75c1c,125,2026-02-30,output,3871.01,Compra en tienda departamental
e6cea967-f0b9-4b5d-97de-2243bd4e8c7b,228,2026-02-30,input,3084.73,Pago recibido de cliente
62d3d63b-8de5-4371-a025-a656e1295c13,322,2026-02-30,output,469.45,Compra en panadería
8e78a3d2-a3c0-4abb-82ed-b16a71bb4b39,380,2026-02-30,input,10831.4,Transferencia recibida
ef250e5e-b2af-49b2-97e2-4c50db40dec6,508,2026-02-30,output,115.02,Pago de internet
012edc3f-1610-4369-aa56-6572aa8fe80f,567,2026-02-30,output,4176.78,Compra en Uber
27e9be89-47e3-4ea2-99be-fb7cf8aabcbf,126,2026-02-31,input,1309.36,Pago de nómina
49acbe90-4e2d-4e01-bd6a-4fbf8c6b3b65,236,2026-02-31,output,1674.29,Compra en electrónica
950b6c9e-56aa-4380-b943-139730540e95,259,2026-02-31,output,4815.18,Pago de servicios públicos
5fec21ed-4d88-4c10-a3f9-f5922fe514ba,303,2026-02-31,input,1932.99,Pago recibido de cliente
22f94654-7afd-4acb-8ba9-bd618c96e945,510,2026-02-31,input,3671.29,Transferencia entre cuentas
f75dfb7a-1181-491b-9073-4c38a24ee480,574,2026-02-31,output,518.05,Compra en tienda departamental
eb4dd4ef-cb2e-40d9-a9d4-c94ce525b36f,597,2026-02-31,output,1178.62,Retiro en cajero ATM
0b96c016-d737-4677-85a5-f8a677ca739c,337,2026-02-01,output,3129.18,Compra en línea Amazon
5ed9a643-f7a3-4291-9c27-47a7d07879a6,407,2026-02-01,output,4914.72,Retiro en cajero ATM
de14e916-83dc-489c-96bc-fdaa8fb557a4,453,2026-02-01,output,4786.07,Pago de servicios públicos
cccc7f05-59c8-45f2-b9a0-d8ea7ea69706,471,2026-02-01,input,12971.48,Pago recibido de cliente
babf4148-65a3-4217-a402-7ec5c9e1e3e8,479,2026-02-01,output,3928.48,Compra en farmacia
d425d79f-3f4f-4516-a6bb-b493caa10ccb,514,2026-02-01,output,1811.88,Gasolina estación de servicio
cc1f86ac-cbd3-4f84-911d-b89d5cb062f3,555,2026-02-01,output,2912.8,Pago de Spotify
27f693ee-41a4-47b0-9051-e250cf74a0a4,217,2026-02-02,output,1299.56,Pago de servicios públicos
6ccfbaa8-f77a-4d9a-84b6-bf69c7e5345d,258,2026-02-02,input,12598.42,Pago de mensualidad
862a6268-c857-4212-8374-3bb644815ffd,355,2026-02-02,input,812.78,Pago de nómina
326a188d-9da5-42ab-a11b-63927a54360a,131,2026-02-03,input,3209.57,Devolución de compra
69dd3584-e538-4e19-b78c-9782660b4b3c,146,2026-02-03,input,14038.15,Pago de mensualidad
b7be7662-07eb-4a64-aee0-835d334934e6,284,2026-02-03,output,1457.77,Pago de Spotify
95b24a13-16f7-442f-8968-5973d6472c35,301,2026-02-03,output,1768.35,Compra en farmacia
9b7722de-a21a-48bb-8090-1039a705b81b,386,2026-02-03,output,2295.46,Compra en Uber
002475d5-6a80-4dd2-b040-9c2a35ae1904,491,2026-02-03,output,3251.81,Compra en cafetería
43d2bb42-cc79-43bf-946d-975c86926124,531,2026-02-03,output,3955.56,Compra en electrónica
a86bf90f-e9e0-4ecf-b479-59cf480b35c9,208,2026-02-04,input,1494.38,Pago recibido de cliente
3ae41b2a-a3c1-4086-afb2-083e233bdd7c,281,2026-02-04,output,61.12,Pago de Spotify
d05df308-f108-429a-8d63-05756aeae742,348,2026-02-04,output,3124.62,Suscripción de software
43352259-3b32-4d90-a263-61f5a8ef79a6,381,2026-02-04,output,1247.02,Gasolina estación de servicio
4204ccac-b4b8-40c5-b9f3-1c51339b99f2,436,2026-02-04,output,2676.82,Pago de telefonía móvil
48020026-a044-40f6-8f6d-e1b8f130fc4b,449,2026-02-04,output,632.73,Pago de telefonía móvil
38442140-d5b7-4b36-bf8a-795cf95f3864,493,2026-02-04,output,2658.97,Pago de Netflix
d8b8136e-31aa-4c0e-88bc-0e60fbce458d,534,2026-02-04,input,11834.51,Transferencia entre cuentas
2008b87b-477b-4d93-ad97-4f9d55a1e4d0,568,2026-02-04,output,2081.17,Retiro en cajero ATM
abdc2c53-8e79-4b3a-96e3-8f49bd24b077,574,2026-02-04,output,1624.93,Compra en Uber
9c616e49-fd5e-4a92-ad90-ae872abff22a,590,2026-02-04,output,2521.7,Compra en línea Amazon
769d8fc6-a5b8-4e16-88ce-4050cea18a09,591,2026-02-04,output,3593.17,Compra en Supermercado
7982024e-8360-49f4-a7f4-e16c46aa3375,133,2026-02-05,output,357.37,Pago de servicios públicos
755ee82f-b9a7-4b6b-9af9-fff36b4b68d7,135,2026-02-05,output,3718.68,Pago de internet
23f437f9-64ee-452e-aeeb-13f30afe936c,209,2026-02-05,output,3923.05,Pago de telefonía móvil
f2c802fc-7ecb-4929-8f38-345e1d055a86,211,2026-02-05,output,533.34,Compra en ferretería
70d95f51-c983-4ebc-b2b9-ba79e1f07832,277,2026-02-05,output,4231.34,Compra en librería
e6242205-fdcd-4d61-9fe1-94f6cc32018c,376,2026-02-05,output,4858.91,Pago en restaurante
347eda33-462a-48c3-a542-2232d295fd47,394,2026-02-05,input,2939.9,Pago de mensualidad
c9d4cee3-c138-48e4-bfa8-8929dffd4bc5,556,2026-02-05,input,3461.73,Devolución de compra
05b9c932-a7c4-460f-91b5-85825c3a0090,566,2026-02-05,output,1556.12,Compra en cafetería
2e9c3863-adf7-446b-a093-6689a844535f,570,2026-02-05,output,135.82,Retiro en cajero ATM
ba04f71c-de2d-44ec-8f3d-d7c2377d214d,595,2026-02-05,input,7624.21,Reembolso de servicio
d99e25c6-9f63-4e37-bd58-afe2eeb5bc64,400,2026-02-06,output,611.25,Compra en tienda departamental
97eb23b7-e81e-49cc-a7d4-4b18e80b944e,535,2026-02-06,input,7543.92,Pago de nómina
d1667070-1686-4011-a30c-936c81d29c19,184,2026-02-07,input,9854.82,Depósito en efectivo
2b8266e7-c5d3-47a1-8cae-3c1cc14358d9,139,2026-02-08,output,572.15,Compra en ferretería
32113f13-bbf7-40a9-817c-e12bbc347972,150,2026-02-08,output,1183.84,Compra en línea Amazon
74ee2322-75ed-4397-ae66-dc583b8ef349,241,2026-02-08,input,6286.94,Reembolso de servicio
4b6af1be-fc94-48b5-a914-35919d96b13f,324,2026-02-08,output,1586.47,Pago de Netflix
1da62e93-8802-40f4-8d7d-07b3ffd7aee3,368,2026-02-08,output,4214.12,Compra en panadería
ecd9f477-4270-40c0-ac50-e78d7ed52268,274,2026-02-09,output,78.58,Pago de servicios públicos
f4beda3c-3977-4ac4-a8af-2944f356a78c,332,2026-02-09,output,4755.61,Pago en restaurante
b0b87db9-c9f7-4c89-b62d-2466e39c6d9b,509,2026-02-09,output,2912.44,Compra en ferretería
c20273e4-6334-4e43-9606-6a44df84e2f2,139,2026-02-10,input,3560.18,Reembolso de servicio
6605c6f4-f199-4bb7-aad9-90a498888520,307,2026-02-10,output,168.77,Compra en Uber
a3c81e77-46bb-4378-85d7-edee363b8924,373,2026-02-10,output,4073.9,Compra en Supermercado
d5dfc778-557f-4951-b9e0-f409fcbc3a39,387,2026-02-10,output,1368.71,Pago de telefonía móvil
7dfbddc5-5155-43ab-846d-010d08a05a8a,164,2026-02-11,output,500.75,Pago de Spotify
294a0bfa-f69b-4553-aa0e-fb357dee1c96,235,2026-02-11,input,3339.3,Pago recibido de cliente
e6bbf0d7-6ede-4825-a980-323577ee8b86,267,2026-02-11,output,4452.02,Suscripción de software
1df9ac5c-5a9f-4d7f-a203-4aa6aaafbec2,515,2026-02-11,output,3198.89,Compra en panadería
25b76960-e665-4a93-a280-49e71fd20be1,525,2026-02-11,output,4050.17,Pago de Spotify
f965e906-1c92-4f25-a8e8-8bb16eedf737,174,2026-02-12,output,4883.78,Compra en Uber
f518f9b9-384a-4933-b59d-788fa195ff10,272,2026-02-12,output,4528.2,Compra en cafetería
8247dc76-6e43-4789-832c-83fc23feb796,439,2026-02-12,output,3817.59,Compra en cafetería
7c8256de-fd0b-4ebe-b4e9-d1b7e7dbc38a,443,2026-02-12,output,4062.29,Pago de telefonía móvil
adf21622-d331-4165-91c5-79120f0c301d,480,2026-02-12,input,12364.35,Depósito en efectivo
69e016ff-3071-4bfd-9a8b-f8c7534acce7,568,2026-02-12,output,1595.66,Compra en tienda departamental
55a589d2-99a8-48ec-a41b-dcfd51496432,111,2026-02-13,input,11611.08,Bonificación bancaria
b48a86d7-3332-44e4-890b-1ac73dd4f82a,121,2026-02-13,output,2757.48,Suscripción de software
10ec891f-7932-4c68-990d-3badf1cd7315,146,2026-02-13,output,536.04,Retiro en cajero ATM
18c53532-226d-48b1-9ff8-1033d0c7c4ea,147,2026-02-13,output,2048.23,Pago de telefonía móvil
dfe94bb3-29e9-47c5-9d4c-108cd0b74538,158,2026-02-13,output,3495.75,Pago de telefonía móvil
8fcbd07b-ffe4-4f4e-9fc3-dfd33f2d9705,184,2026-02-13,output,1921.18,Compra en panadería
83228e49-a181-49fb-abba-851db2c81ffe,357,2026-02-13,output,1754.78,Suscripción de software
c08beb50-113e-4d8d-96d0-b965f008a0da,388,2026-02-13,input,606.41,Pago de mensualidad
52f59b04-e4bd-4e13-b3bd-1f3b2a45416d,484,2026-02-13,input,9398.15,Bonificación bancaria
46c094de-446f-4a03-9e7f-fe4678a5e701,426,2026-02-14,input,5913.47,Depósito en efectivo
aa78ca7f-0b5e-4cb4-b9b8-b61d54151b87,471,2026-02-14,input,12898.12,input por reclamación
32b003ea-a90e-4230-ac63-f1bcd0afd0c1,472,2026-02-14,output,2738.78,Pago en restaurante
d9893e43-1d9a-49b0-8afb-6b426d199ce2,538,2026-02-14,output,1099.26,Pago de telefonía móvil
646176ca-0a39-408e-a9c1-eb7d8f6e8297,558,2026-02-14,output,2204.31,Pago de gimnasio
17c15b27-cfe9-4bf8-a3d9-07be0a942d72,569,2026-02-14,input,7312.64,Transferencia entre cuentas
a9d3b098-7ccf-4175-9a73-56ad496f7392,108,2026-02-15,input,13040.2,Reembolso de servicio
03a4a036-85b1-469b-84eb-391bb0821bf1,198,2026-02-15,input,4482.09,Depósito en efectivo
3df13248-2858-45b5-9d0f-3168f143c93c,250,2026-02-15,input,12314.11,Reembolso de servicio
8d9806a2-abf0-4889-a3ca-ec4b875e9677,488,2026-02-15,output,2321.62,Pago de Netflix
f7875710-7cdd-4a60-9eec-cc938d3d3333,507,2026-02-15,output,274.25,Pago de servicios públicos
69c16e99-6b77-4879-b926-062468ae1964,130,2026-02-16,output,3373.59,Suscripción de software
0f2a294d-54c5-46ca-90ac-d851e5fccc3e,291,2026-02-16,input,14078.17,Depósito en efectivo
0df59150-40cb-4804-a019-e93af4c63782,307,2026-02-16,output,506.91,Gasolina estación de servicio
5f5dccbc-a5ca-4e08-b537-d7551e570ef6,331,2026-02-16,output,755.02,Compra en Uber
e614a5d4-bf1f-4375-8459-c1638f4da32c,459,2026-02-16,input,5730.11,Pago de nómina
a8c8d46e-8054-438c-97a9-4adf39d42752,519,2026-02-16,input,6143.63,Pago de mensualidad
ad78f9b3-e596-4e9d-a97a-ab4348f80961,531,2026-02-16,input,10118.29,Depósito en efectivo
b95d3a7f-4561-4d58-b3bf-3a0fb0917d9e,552,2026-02-16,output,3214.69,Pago de internet
8c633d8a-fb9b-47e6-a1c5-3c84483d77d2,593,2026-02-16,output,4770.85,Pago de servicios públicos
492ddc6d-ec3e-4f90-9327-9285e5fcf15a,180,2026-02-17,output,2133.45,Gasolina estación de servicio
65974958-e3eb-4486-9980-ab47edcdee59,300,2026-02-17,output,4018.95,Compra en panadería
d2102936-5199-4a2b-b303-2381ee5e285c,340,2026-02-17,output,4622.35,Compra en electrónica
d771f4e5-10bb-4eca-9974-1b5d3e0c0bf7,377,2026-02-17,output,655.13,Pago de telefonía móvil
64ef8169-0606-49d4-8f85-bcef4f4cc09c,418,2026-02-17,output,1132.75,Pago de internet
232a4be8-17da-45e0-9cb4-1f881db66148,475,2026-02-17,output,2975.57,Pago de telefonía móvil
91a15b89-3901-4ea5-b654-3bd3d75c913b,552,2026-02-17,output,1654.87,Compra en ferretería
4d1cbc08-dabc-45c3-a421-5b86c3f80079,137,2026-02-18,output,129.35,Compra en panadería
832d6a38-ac16-46b9-a8b0-adf7050d4457,217,2026-02-18,input,6665.74,input por reclamación
20bd462f-a083-4158-8881-34f6fc7264ec,313,2026-02-18,output,4459.6,Compra en panadería
950006ef-6bc8-420f-b4a6-c023b9ff3e8c,479,2026-02-18,output,1673.72,Pago de internet
2cd565e2-7eda-4981-9a93-b883be35e9b6,501,2026-02-18,output,1530.52,Compra en librería
e7a80885-6a27-436e-b8fe-5f13ec1ba91d,531,2026-02-18,input,12397.39,Bonificación bancaria
c8a5fc1d-d6ab-440c-87be-acbd93817bf8,137,2026-02-19,output,483.1,Compra en electrónica
5a8fbc42-a87a-494b-87e0-5fc2bd2583c2,462,2026-02-19,output,3065.95,Retiro en cajero ATM
f9b1e94a-6c0a-47cb-b2bc-4ddb9c72e152,520,2026-02-19,output,241.51,Pago de Netflix
a78dfc4f-de21-45f3-b6f2-36e717e51ed8,293,2026-02-20,output,2352.68,Compra en librería
103aad08-2b3c-43b9-8e81-4ef9958150a8,336,2026-02-20,output,30.87,Pago de servicios públicos
72bbb740-231e-486e-9fc3-4e5cb4965981,405,2026-02-20,input,8356,Transferencia entre cuentas
e01a6df8-3f68-44b4-aa5d-b9a52f407fa2,426,2026-02-20,output,2824,Pago de Netflix
4c145d1c-04aa-42fd-82fb-9b1e0dceea7e,512,2026-02-20,output,4299.9,Compra en Uber
68101152-dfc4-496c-a979-3a8da1161bbc,521,2026-02-20,input,1192.55,Pago de nómina
fe08933c-7a36-42ed-8e7f-b88b5e64937b,131,2026-02-21,output,3956.62,Pago de telefonía móvil
ae683d45-6a36-4c12-bc0a-841631b889fc,175,2026-02-21,output,4822.68,Suscripción de software
745bf08e-a9b7-4f42-b96c-504757a1081d,389,2026-02-21,output,3822.02,Pago de internet
45685e49-2e0b-4aad-ac5d-75891caafacd,493,2026-02-21,output,1719.38,Compra en tienda departamental
ac673d77-0cea-4294-9e01-8497d19cb791,508,2026-02-21,output,2197.98,Pago de Netflix
0f77dfff-f2b2-44dc-9a69-6de67c119838,151,2026-02-22,output,2687.42,Compra en panadería
133d4acd-21be-4944-8924-92e7e2b19aca,169,2026-02-22,output,3313.78,Pago de gimnasio
e3fff43d-726a-44f4-a559-30c9dd8b97ec,236,2026-02-22,input,10244.14,Transferencia entre cuentas
0eb5f47e-2f88-4813-a5c6-1c9cfbdde6d5,371,2026-02-22,output,243.45,Compra en ferretería
0c9e921a-b41d-4688-ab86-ce6074880172,376,2026-02-22,output,2380.67,Compra en tienda departamental
759d2747-e7fe-4a3d-a339-081680237923,582,2026-02-22,output,72.87,Pago de gimnasio
03906159-4874-4c49-8aea-3e61d42064e2,254,2026-02-23,output,4653.48,Pago de Spotify
55378c35-f8f5-481a-9d15-325c4ea62456,335,2026-02-23,output,4954.46,Compra en librería
eb2c943d-e222-4bfe-a2ca-3e07470f8878,407,2026-02-23,output,1578.14,Compra en cafetería
e6427b81-77b4-4ef5-ad85-5e608b0a7a9f,426,2026-02-23,output,4983.61,Compra en panadería
ad979744-8835-4d93-9be9-580b2511aa41,508,2026-02-23,output,1150.23,Compra en electrónica
e7da32f8-828b-48c4-97a5-1e2b57f809ac,113,2026-02-24,output,4148.1,Compra en línea Amazon
e479bbd3-946a-40b3-a720-162af5c430c8,131,2026-02-24,input,8748.83,Transferencia recibida
139fef18-bac8-4292-b15c-eb406396f3e1,169,2026-02-24,output,2519.09,Pago de internet
1ee7429d-5071-479d-8cf7-e5fae31e5198,170,2026-02-24,output,4598.53,Compra en línea Amazon
defaac40-98f8-4eaa-b9fa-85f9d761859a,192,2026-02-24,output,3814.09,Pago de Spotify
5d9ceaa9-bafa-4adb-a438-73dd4d9b7137,380,2026-02-24,input,12459.76,Pago de nómina
4e462e70-8af1-42bd-8a99-c438ae9bdefd,447,2026-02-24,output,3894.95,Compra en cafetería
d8f22916-5542-42e4-b15a-88089d7b506d,467,2026-02-24,output,2910.42,Suscripción de software
1595b3b7-7fe7-4fb9-818f-99ba0b698031,284,2026-02-25,output,1891.8,Pago en restaurante
293c366b-1461-4eaf-a9bd-b05607f837ae,302,2026-02-25,output,1457.61,Compra en línea Amazon
11ce65bd-775c-49ab-8c57-37a8f647bfb8,320,2026-02-25,output,1453.83,Compra en librería
9cba9517-2583-4415-bf66-cebb552becc1,599,2026-02-25,input,441.05,Pago recibido de cliente
0302a36a-5208-43ba-a72d-281796feafe6,350,2026-02-26,input,673.01,Transferencia entre cuentas
98d1fd78-bb8d-4f2d-8ea1-7546dca11931,371,2026-02-26,input,2799.49,input por reclamación
7e0b44d9-ed87-4124-8ac7-68dff2e5bae4,483,2026-02-26,output,3840.29,Gasolina estación de servicio
a0647f83-4f37-46c9-896e-4cb645eda665,513,2026-02-26,input,7427.86,Bonificación bancaria
823a8503-7826-4d14-ba6e-4319bc69ca67,118,2026-02-27,output,4012.4,Compra en Supermercado
d0f7ef09-e0e8-4b28-94c0-620959202bd4,137,2026-02-27,input,10325.47,Devolución de compra
88cefe75-71c5-4793-a2b4-7485fc37190f,241,2026-02-27,input,7755.12,Devolución de compra
611d9a39-203e-4db7-9a79-fd67925a5b83,358,2026-02-27,output,4581.37,Pago en restaurante
232b562d-090d-47a6-a3ab-0153a36ebbb5,532,2026-02-27,output,3205.71,Compra en línea Amazon
dcad4d6e-d0b6-4f22-8d40-5575fdf1777e,539,2026-02-27,output,1424.08,Pago de telefonía móvil
22231f39-ff50-4131-b30c-6e13f1c0d4a9,124,2026-02-28,input,7984.54,Pago recibido de cliente
3eb2068e-559e-43ec-9b41-552436332ca2,211,2026-02-28,output,771.53,Compra en Supermercado
15f034e9-9135-42b9-b02c-aea9f6aeb998,486,2026-02-28,output,2035.92,Compra en librería
f78997db-85fa-43e8-b155-a274d5e82838,528,2026-02-28,output,1047.94,Suscripción de software
1d6dcc2b-fcb1-4d6f-ad40-f3c5480dd46f,579,2026-02-28,input,13581.62,Pago de nómina
20a41bb0-e678-4e25-adef-d33a36dc7841,595,2026-02-28,output,3268.26,Pago de internet
757367a2-12d4-4f88-85ed-032b3d17f966,178,2026-02-29,output,2193.37,Gasolina estación de servicio
45c5f7e2-a684-4866-9c38-6a61fbc84af9,190,2026-02-29,input,10059.79,Transferencia recibida
808733dd-2e15-4c15-a406-30e141c36ec8,242,2026-02-29,input,7709.56,Transferencia recibida
ea1367a8-652d-49a8-8d79-eb32df290ac6,334,2026-02-29,output,3041.48,Compra en farmacia
8b87cb00-79a8-4166-8aff-904ae4ecc2d8,337,2026-02-29,input,2810.97,Pago recibido de cliente
a0e7255d-c958-4855-b6b7-7094dde8d14c,421,2026-02-29,output,3569.15,Pago de servicios públicos
cf831863-1634-49b5-b713-c868d5591417,435,2026-02-29,output,1184.43,Pago en restaurante
4420ae5f-409d-41f1-b18e-02249b5d5eef,437,2026-02-29,output,3840.82,Compra en cafetería
2ea8d8e4-2955-4f8d-b7d1-32d9c35b2f42,455,2026-02-29,output,129.02,Compra en electrónica
7e22ed24-8111-4203-9d10-9648f88ac0a7,501,2026-02-29,input,13472.88,Transferencia entre cuentas
9dfb2208-8b75-4013-a4f5-c0497d0325e1,105,2026-02-30,output,2694.19,Compra en Uber
eb74aba9-b191-4ad1-a4e6-e5becaa46e5e,125,2026-02-30,output,3240.87,Pago de telefonía móvil
b1e84498-2e06-4503-8d02-d1761c55927a,189,2026-02-30,output,47.56,Pago de gimnasio
bf841028-a837-4c03-8eb4-e4b06934b4a4,337,2026-02-30,output,2969.79,Compra en Uber
a8aa2490-abec-40f1-8da7-57132ea5d54c,414,2026-02-30,output,1555.71,Suscripción de software
a696a5f5-1334-4a31-b964-5ff3d866a9b5,452,2026-02-30,input,9784.95,Reembolso de servicio
b762bac6-ddcb-4e73-894c-f4b78e1b581a,497,2026-02-30,input,1868.51,Pago de mensualidad
9160cad4-9ee5-49a7-898a-90ee3c6624e4,499,2026-02-30,output,957.85,Compra en librería
37c5d610-989a-48b9-9009-1a5167c3856a,499,2026-02-30,output,1408.15,Compra en electrónica
c06f2a55-e003-44db-b125-cc9e153b278c,558,2026-02-30,output,317.99,Retiro en cajero ATM
75273189-78ce-4338-9a19-917a8113c7bc,115,2026-03-01,output,1567.37,Pago de internet
01bda4bd-8d45-4462-96fe-675ae7330d3f,131,2026-03-01,output,2979.8,Compra en farmacia
cc63bfdc-b3fa-465f-8648-862c71ef56d8,185,2026-03-01,output,4249.51,Pago de servicios públicos
96baadcf-639a-4a54-81b4-6a182d0e7112,311,2026-03-01,output,911.04,Pago de Spotify
42f50fc3-680b-4da0-9fa7-534f2165f44e,494,2026-03-01,output,3492.65,Compra en farmacia
5cb64e05-6311-423a-ae3e-91f10b0d9715,246,2026-03-02,output,4608.84,Gasolina estación de servicio
3b16f05d-5195-487b-b5c4-b213832f4781,278,2026-03-02,output,3762.48,Pago de gimnasio
d67ce101-8f8b-4f1d-bcb9-49d1397f728c,346,2026-03-02,output,3829.25,Compra en librería
31ac0a08-a3bb-4a4c-94f5-06fbf9bd74dd,432,2026-03-02,output,3333.77,Pago de Spotify
6aabedc8-5d1e-4212-929d-bffd333732d2,581,2026-03-02,input,2658.12,Devolución de compra
eb032c54-9ddb-4f9a-8fe9-d68d461f6794,146,2026-03-03,output,3650.09,Compra en electrónica
cb77c3af-02a2-41e9-a1c1-08e5f04f0fe8,160,2026-03-03,output,2557.12,Pago de telefonía móvil
c65676e9-e90e-44f9-a219-ba9397b3aa99,538,2026-03-03,output,3579.81,Pago de telefonía móvil
2915eb0f-42fe-4b64-9dd1-7b4f0897bbe9,542,2026-03-03,output,1756.57,Compra en farmacia
868e1803-4445-484b-83e1-72be5eb770bc,551,2026-03-03,output,3300.57,Compra en Uber
cb356d53-5382-45cc-a464-2c69316ccdfb,119,2026-03-04,output,369.05,Compra en Uber
457b5d13-256d-4716-85ba-9076e7d5e777,164,2026-03-04,output,3721.63,Compra en ferretería
87254345-7331-4328-a0c9-9a7189b16c49,250,2026-03-04,output,4912.45,Retiro en cajero ATM
275c0660-d8ea-43cc-a3f5-4afd46eae725,327,2026-03-04,output,2963.96,Compra en Uber
0adc0e98-8de0-4d08-a529-ac3aec4dced2,374,2026-03-04,input,2598.15,Transferencia recibida
c4b7aefc-21d6-46ef-a02d-debb0222142c,426,2026-03-04,output,2364.1,Pago de servicios públicos
442f9b15-325e-4564-8730-e1979a84c9f4,466,2026-03-04,output,2125.97,Compra en panadería
08080bb2-6065-4ff3-a307-df0cff16e9e0,113,2026-03-05,output,1409.97,Suscripción de software
a4b37292-de16-4e20-ab33-2b4444dcee42,194,2026-03-05,output,991.61,Pago de Netflix
11e5afaa-6c33-4a0a-a1e1-b3bb5e754563,390,2026-03-05,input,5382.35,Depósito en efectivo
a296d1a2-3e08-44be-b326-b47b97bdd06e,465,2026-03-05,input,371.52,Transferencia entre cuentas
47b9eb8e-3068-43b4-97f3-b3328fd49799,158,2026-03-06,output,1035.42,Pago de Netflix
372f1788-22b0-4484-b140-792d6207c393,347,2026-03-06,output,262.2,Gasolina estación de servicio
bd8f35b4-bd11-482c-a25e-ff762e98d446,467,2026-03-06,output,1567.12,Compra en cafetería
b5ceaa10-aff5-4056-a520-0f7ca91618a4,544,2026-03-06,input,12289.13,input por reclamación
305d4930-6974-4309-83c7-02a587e92c6a,569,2026-03-06,output,965.21,Pago de gimnasio
bc41c760-5f35-4324-8b6f-d7996f5ffdc7,463,2026-03-07,output,2782.2,Pago de internet
cf60a8cf-e20a-4d25-9876-29ee06f9b16e,465,2026-03-07,output,876.01,Compra en panadería
1fc46263-a6c8-4453-b249-abc26fd26335,105,2026-03-08,input,5369.68,Transferencia recibida
856e7b4d-90e9-4533-8684-aa958f18c783,157,2026-03-08,input,2261.23,Bonificación bancaria
dc444f0b-6311-4b87-9961-e1922b45464e,154,2026-03-09,output,2173.68,Pago de gimnasio
2043e1c9-ece5-4bc1-b52a-7cd3bf0093c2,264,2026-03-09,output,847.24,Pago de telefonía móvil
1db3ec25-7081-4eaa-99ae-8c413b798e67,382,2026-03-09,output,3539.94,Compra en panadería
65c89bfa-1345-4dc5-b72b-0fcec7d51148,412,2026-03-09,input,2896.62,Reembolso de servicio
c656f3e8-8bec-4052-a8d8-9bb36faca72b,528,2026-03-09,output,876.97,Compra en ferretería
f9b7e237-3652-4208-b406-762ed1b75fb4,133,2026-03-10,input,7745.77,Bonificación bancaria
eac2ba88-3df5-4e4f-bff7-595959bc9762,366,2026-03-10,output,1386.77,Pago en restaurante
4cff0b68-7da6-4914-a281-be1ba79e319a,425,2026-03-10,output,3309.14,Compra en cafetería
76320e67-2b11-4afc-bec3-0edeaeac317a,139,2026-03-11,output,1466.51,Gasolina estación de servicio
13a3d1ae-944d-471d-9283-ba8e9c714165,212,2026-03-11,output,1563.36,Compra en Supermercado
122fe215-a371-4cec-8f92-7806330938da,402,2026-03-11,output,920.32,Pago de servicios públicos
fbfca7ae-b1a0-4fc7-9831-e15217b339c5,411,2026-03-11,output,3835.06,Compra en Supermercado
c43f5f8e-cf8a-4951-b729-ffaf1e41825d,494,2026-03-11,input,11692.12,Pago de nómina
459126b9-7515-46a6-a18d-209a6619fcf3,495,2026-03-11,output,3026.64,Compra en cafetería
6eca361c-f1f9-4866-a486-d2a6218b4bae,138,2026-03-12,output,642.7,Compra en Uber
0bddfc21-a25b-45c5-876d-d35d67dc3fc2,335,2026-03-12,output,3685.53,Compra en ferretería
66a1db4f-7a8c-4c91-815a-8cbc27364f74,354,2026-03-12,output,2013.23,Pago de Netflix
d81d67dc-344f-4a6c-a220-adc44e3e19f4,490,2026-03-12,output,3746.4,Compra en panadería
a9768e28-bb82-45dd-a948-d6947993be97,539,2026-03-12,input,10425.22,Pago recibido de cliente
bb41a3af-5006-42e2-aec0-2cad4646b596,550,2026-03-12,output,2725.69,Compra en ferretería
fbc401e2-5dbe-4ab1-9217-6251ce1fbaaa,172,2026-03-13,input,13591.27,Transferencia recibida
0779a1e6-e3e1-4a99-847b-11b50d1081fa,202,2026-03-13,output,316.9,Compra en cafetería
c5f66a6a-a23c-4da5-9b12-a506f6793d96,256,2026-03-13,output,4862.45,Pago de gimnasio
42e4255b-c91c-4fbb-bb50-0476523aec03,347,2026-03-13,output,3298.12,Pago en restaurante
c5d30139-3624-423c-86e6-499d84eac432,471,2026-03-13,output,984.79,Pago de internet
ac026313-f827-4c84-aedb-07e2c6afc577,540,2026-03-13,input,7699.2,Pago de nómina
82354825-7456-4bd5-8f88-af213fb1ff00,543,2026-03-13,input,3750.13,Depósito en efectivo
fdf61217-c315-42f2-bb5c-6391c45460c5,122,2026-03-14,output,1697.28,Pago de servicios públicos
2aeee8fd-239f-427d-96a9-feabb2dd9aef,188,2026-03-14,output,4128.07,Compra en línea Amazon
2fe47599-bb9c-440a-9b76-a21c3e4346fc,203,2026-03-14,input,2448.43,input por reclamación
a9f46408-201a-4243-9dc2-2519681587b8,206,2026-03-14,output,510.51,Compra en Uber
dda7be95-35f5-4b07-a10a-a48169d4fe92,316,2026-03-14,output,4799.49,Compra en electrónica
060a75b9-8fb4-49d9-a640-8ea75a83bc2e,158,2026-03-15,output,158.24,Pago de Netflix
448686ca-1fc5-41e7-8d4f-c9dc4d77d64c,248,2026-03-15,output,1019.2,Pago de telefonía móvil
53a7b46b-aceb-4e5b-a3c8-7a3f67b5f4e7,310,2026-03-15,input,11540.44,Reembolso de servicio
cdd99c32-c633-42b3-abf4-e80a5eb132df,556,2026-03-15,output,2761.21,Pago en restaurante
0ed4865d-0285-4c9f-89b2-d54ccc1a17f2,153,2026-03-16,output,2903.58,Suscripción de software
638c7c89-4633-4b87-8ef1-1bedeb54f693,185,2026-03-16,input,12078.35,Devolución de compra
88b341f6-c8e0-4805-a360-cecb008d4590,298,2026-03-16,output,1853.95,Compra en librería
054138f2-8efc-4585-bb7a-38793532239f,320,2026-03-16,output,139.3,Pago de servicios públicos
f7f272b1-9e77-41f6-9149-9b637daa52cb,351,2026-03-16,input,10384.96,Devolución de compra
63c21ee7-c4a2-4e70-b8e1-0e03268b0542,370,2026-03-16,input,13463.59,Pago de nómina
71ecf1c9-e482-489a-b1ef-998a4fad489f,417,2026-03-16,output,2580.8,Compra en cafetería
32503dbd-0f7e-4780-9be5-43fa247122cd,448,2026-03-16,output,2286.36,Compra en Uber
9276a5a7-7a0b-423b-9fcb-e6c241e15b84,453,2026-03-16,output,4945.62,Pago de telefonía móvil
ee991172-1c77-4830-8d5d-e00432080478,543,2026-03-16,input,13884.61,Reembolso de servicio
ec7bb4ca-60e8-4122-8f06-61043b0e4b22,119,2026-03-17,input,10521.09,Depósito en efectivo
4515fbfa-0493-4d62-9bee-6d8f530e10e1,177,2026-03-17,input,9149.39,Bonificación bancaria
c9c2d10b-8a2a-4e0c-b3ce-cecfb29cd117,299,2026-03-17,output,3402.49,Pago de internet
637db643-d8d1-4153-ae4c-0f75c5497f83,338,2026-03-17,input,6674.44,Transferencia entre cuentas
162b1ede-91fd-40aa-bde3-6030c46cbe6c,433,2026-03-17,output,2964.21,Compra en librería
7fddc2ea-b13b-41c3-ac37-c80e6d4b25a2,149,2026-03-18,output,2921.54,Pago de Netflix
c21f8c68-3d89-4b71-99d7-c98ace251584,161,2026-03-18,output,4048.9,Compra en electrónica
af347125-ef0a-4906-939e-eff35fe78cb3,199,2026-03-18,output,2120.68,Pago de Netflix
4be055c3-2cf9-4ef7-bd7b-4ec8ea29cc0b,240,2026-03-18,output,1851.46,Pago de Netflix
b29bd841-348f-44d2-bb2c-be9e521aeec6,324,2026-03-18,output,847.94,Pago de gimnasio
30573f4a-70c8-4fc3-af9c-dccf6b239da4,386,2026-03-18,input,4064.82,Transferencia entre cuentas
ea9c5b50-3d7b-48f0-b820-4f584d9135e7,448,2026-03-18,output,3890.05,Pago de telefonía móvil
f974f554-7262-4610-af50-932b6274e733,245,2026-03-19,output,1721.5,Retiro en cajero ATM
78335b58-6450-4637-924a-a61712691cff,300,2026-03-19,input,4931.2,Pago de nómina
7198f959-59b1-4d0a-9835-3d3f0cd45143,354,2026-03-19,output,2254.27,Compra en tienda departamental
65f90556-88d2-4332-af02-7b8b2e7f44be,356,2026-03-19,output,4841.24,Pago de Spotify
e3e68bc0-667c-4022-af61-a5c8b8c50c9c,111,2026-03-20,input,4161.43,Bonificación bancaria
8891850b-d6ff-463d-b882-0e7e42cf049b,163,2026-03-20,output,2698.3,Pago de Netflix
c60acef9-8ef3-4745-a9c5-e06ce30e1c06,262,2026-03-20,output,4077.36,Compra en cafetería
b824cb8f-aac2-4b3c-9987-d9de1c13a4cd,364,2026-03-20,input,1652.05,Pago de nómina
3d59c2ce-3e1e-4c9b-9c75-56e4a801232e,367,2026-03-20,output,3655.67,Compra en panadería
01fbb63d-a5ae-4ea5-8385-e48aa7621b05,394,2026-03-20,input,9108.85,input por reclamación
3beb02e8-d5c5-4ecf-9005-387069ba008b,489,2026-03-20,output,2941.38,Compra en ferretería
c6420760-8de3-482d-ac7b-ff410b235c13,588,2026-03-20,output,3479.71,Compra en librería
15698be7-0d32-4252-9169-44bded77e7f9,182,2026-03-21,output,4827.49,Pago de gimnasio
96253193-406c-4b93-ab8f-5407ce606eee,190,2026-03-21,output,3675.73,Compra en cafetería
30f4ebd0-8772-48a0-8ede-0a688f3c95b0,329,2026-03-21,input,8068.98,Devolución de compra
79fefd1e-2a22-485b-9003-1af638e12861,334,2026-03-21,output,2083.24,Retiro en cajero ATM
b53879fb-dc32-4ef6-9b24-19b2d38c6eeb,478,2026-03-21,input,11456.39,Pago recibido de cliente
aa0d6faa-0c32-4e21-845f-ab2a84022926,526,2026-03-21,output,3010.1,Pago en restaurante
69db6d67-9a25-4191-82ad-4e44830056c5,119,2026-03-22,output,1106.73,Compra en línea Amazon
b11e746d-e302-46af-a44a-0ce7aa5d2b67,155,2026-03-22,output,459.67,Compra en farmacia
32d2d01d-b6a1-4178-a70c-834ce9134397,204,2026-03-22,output,3692.88,Compra en línea Amazon
25eca49c-2ff1-4909-8ada-ff53e07aaa2e,278,2026-03-22,input,11618.28,Depósito en efectivo
b434c8d1-5e5d-474a-8c40-d1c16a15df3c,312,2026-03-22,output,2621.19,Pago de telefonía móvil
527e79b7-5faa-4630-90b0-4b5ccb8477bc,423,2026-03-22,input,5168.57,Reembolso de servicio
4b003ff4-f574-424b-88a0-04cfb57bfb9f,471,2026-03-22,input,5204.88,Bonificación bancaria
43301300-9986-463d-a96a-ce4b9156307f,522,2026-03-22,output,1235.41,Pago de Spotify
637d2a48-aff4-4382-abe6-46a0a2deb9d7,138,2026-03-23,output,3842.93,Compra en tienda departamental
eda0acbc-1683-4758-9a2c-e46c534a5056,193,2026-03-23,output,816.41,Compra en electrónica
f7819c90-16e9-4369-a182-707d4dabfef2,322,2026-03-23,input,13028.73,Depósito en efectivo
50cc3214-e93f-4d5e-ae23-227f935bbd09,366,2026-03-23,input,14763.32,input por reclamación
6eefdfa8-4e68-4283-947e-ab6bc3630ab2,401,2026-03-23,output,308.73,Pago de Netflix
004c02f1-411e-4fd9-9719-93d1d9fe58ba,457,2026-03-23,output,272.26,Compra en ferretería
61caa481-b1e4-4ef5-98ed-34905e63e86d,534,2026-03-23,output,537.55,Compra en electrónica
e34a824f-2318-41c7-ac14-74b50a77926c,538,2026-03-23,input,1185.41,Bonificación bancaria
e8e30c46-b643-4872-b026-87c2bd9c8f39,575,2026-03-23,output,14.4,Compra en Uber
a3471d48-d528-42b3-bc5d-f5f1f3fee880,126,2026-03-24,output,733.11,Compra en Supermercado
43d32c07-28fa-4138-8745-ed48bd346a91,134,2026-03-24,input,6478.99,Devolución de compra
488d7980-5197-4953-8f05-35abfc067436,266,2026-03-24,output,687.8,Compra en Supermercado
8b979b23-7c4f-47df-bdc4-52eecd444c5e,425,2026-03-24,output,3939.72,Compra en electrónica
a9fc0f70-d91a-449a-8717-55cdf3fc6704,524,2026-03-24,output,4884.2,Retiro en cajero ATM
4111ca8e-b30b-4af3-842e-cf32ee70edd3,535,2026-03-24,input,9608.24,Pago recibido de cliente
e14ff1fa-9741-4caa-9d9f-1c8aedd53ae8,538,2026-03-24,output,1008.11,Pago de servicios públicos
beb8a58c-f167-40d7-977c-bd08f6100a44,223,2026-03-25,output,789.11,Pago de Netflix
77ca095f-2243-4ff4-8d8d-01b697e29aff,279,2026-03-25,input,503.32,Transferencia recibida
f2e669fd-6fe0-48c0-803d-d468b6d1eeef,410,2026-03-25,output,3514.39,Pago de servicios públicos
f129e1f1-93db-43e9-86cb-49c8bb346a5e,516,2026-03-25,output,1603.63,Pago en restaurante
ff2fc401-45d8-43b0-8213-4fbdd7227934,549,2026-03-25,output,2409.68,Compra en farmacia
1bf584fe-7c92-4224-8520-893aac40c8ce,555,2026-03-25,output,2727.96,Compra en línea Amazon
5fc28d22-2ab7-4beb-be14-497859b773fa,263,2026-03-26,input,6244.31,input por reclamación
df1b1400-630b-4aba-92ff-7cfd2837afe9,165,2026-03-27,output,671.66,Compra en Supermercado
a4a12a24-89ff-42ed-a476-44214906e05d,201,2026-03-27,input,9083.47,Transferencia recibida
c542db1b-43fc-46cd-bfd6-bb1d347b7a1b,348,2026-03-27,output,4629.52,Pago de gimnasio
a69e3cd1-c32f-480b-97ca-09f3f5bcc7a3,419,2026-03-27,output,1350.56,Pago de telefonía móvil
60907853-d489-4bac-ae2f-022943967017,503,2026-03-27,output,1375.59,Compra en librería
33514d48-3f96-4756-90d0-9d0c038e598c,118,2026-03-28,output,1454.37,Pago de Netflix
c4808fc7-9b29-4405-b38e-f884d46707aa,201,2026-03-28,input,10073.13,Pago de nómina
cf9c7144-001d-41a6-85bf-031246c019e4,349,2026-03-28,output,1194.15,Compra en Uber
c2f5633e-9575-47c1-b1bf-0fbe797d4e75,406,2026-03-28,input,1069.75,Pago recibido de cliente
55c0cf46-69e8-426b-8857-182f89cf0102,423,2026-03-28,output,472.19,Compra en farmacia
422ab340-29a4-427b-b481-196cdc63c0f9,424,2026-03-28,output,3167.62,Compra en farmacia
30c78f1b-fbeb-468e-bc91-cf22dc664634,461,2026-03-28,output,4205.13,Pago en restaurante
77abc53d-501c-4009-b660-c386e34be2a4,177,2026-03-29,output,1157.93,Compra en ferretería
525e9d4a-dedf-430e-afca-6a406b8383a3,286,2026-03-29,output,1196.58,Compra en cafetería
91f56407-d946-4f96-aecf-61eef05aa762,288,2026-03-29,output,2085.82,Compra en ferretería
43361721-a508-473d-8f0f-7b4a1349df04,325,2026-03-29,input,4581.84,Pago de mensualidad
b00ea3f8-fb94-402b-9559-c53d0b1fd3d2,344,2026-03-29,output,1976.39,Compra en ferretería
ce697c7f-79e2-48b0-b54b-4c88a6a196ce,348,2026-03-29,output,3684.13,Compra en panadería
35f9b382-e95e-4073-a4ea-d4ead683a9e3,363,2026-03-29,input,11992.27,Reembolso de servicio
cbf362dd-8d28-4c4f-b792-eb1da60284d8,509,2026-03-29,output,4014.86,Compra en electrónica
c37156a3-fbe7-44f9-befb-68cb211fe46b,212,2026-03-30,input,222.4,Devolución de compra
4138549c-920c-4b91-90eb-8b1dd9778370,270,2026-03-30,output,4838.75,Pago de Netflix
fed2dfe3-3aa1-4497-b3a1-65c3eb5f45de,273,2026-03-30,output,3169.15,Pago de Spotify
48df2905-0f27-4ad8-8250-07c1fcc4bcde,503,2026-03-30,output,3116.88,Compra en panadería
843071c6-ce71-4dd4-99e3-a02aa1c6625d,535,2026-03-30,output,3774.66,Compra en tienda departamental
a2291e19-619b-44f9-9925-9cf383e24078,589,2026-03-30,output,4343.42,Compra en panadería
d0e680c8-2585-4c91-bd25-49f07ff036b7,128,2026-03-31,input,12788.68,Pago de nómina
60c72266-51ad-4989-a92a-cea2c8697054,178,2026-03-31,output,3539.16,Compra en Supermercado
7d7c56f9-8b62-4958-90bb-cf68fa57e4fe,264,2026-03-31,output,1418.86,Compra en ferretería
97ad96fb-37ee-4988-bcd3-3b66b2fb79d6,500,2026-03-31,output,2081.52,Compra en Uber
07552551-f34e-47c1-b201-fb42ec37317d,587,2026-03-31,input,5979.3,Devolución de compra
86e9db4a-7a1b-4bb5-9982-8b18372df529,178,2026-04-01,output,1967.73,Compra en tienda departamental
5550d93c-fbbf-408f-98e2-14dd2f961b71,181,2026-04-01,output,3064.51,Pago de telefonía móvil
7b458842-eeec-499d-bfc2-e148486a0804,185,2026-04-01,output,3677.5,Gasolina estación de servicio
fabbcd4f-c45d-4254-a4a9-d725740534ea,191,2026-04-01,output,2714.93,Gasolina estación de servicio
b8e38fad-5751-4d06-9358-e51ec281ebe4,195,2026-04-01,output,743.79,Compra en librería
c4e29bc1-70df-4364-a7de-d072254d38d3,301,2026-04-01,input,3384.79,Bonificación bancaria
4de6db72-51b1-4f92-b2e0-707556aa55fe,418,2026-04-01,input,10902.52,input por reclamación
ca225872-b0bd-4bb7-b82e-4613a7652c10,473,2026-04-01,output,1110.67,Compra en Uber
68bcdd85-7c8e-40e8-9a64-5b78ff94e1e1,508,2026-04-01,output,2151.92,Pago de telefonía móvil
20537ef5-2451-4812-8c18-7b82e6273739,572,2026-04-01,output,970.19,Compra en librería
3dd4291b-453a-4748-9987-a122a791a100,578,2026-04-01,output,4254.93,Pago de gimnasio
5f18474d-ece6-4d86-ac1f-02665d8184ab,584,2026-04-01,output,2466.03,Compra en línea Amazon
497e5739-e989-4189-9543-42cfce82e0dc,113,2026-04-02,output,3572.24,Pago de internet
1798e29a-7238-41c1-b178-83c2e552ab36,130,2026-04-02,output,192.64,Gasolina estación de servicio
d649e8dd-8444-4573-8510-f1d0c7a49672,195,2026-04-02,output,166.11,Suscripción de software
c608a174-886a-4803-ad85-06dec91dba1b,381,2026-04-02,input,12432.49,Transferencia entre cuentas
be231b7c-f5a8-4d1e-aa1b-9bb2eb854db1,454,2026-04-02,output,262.83,Pago de Netflix
d90a6db5-5af2-4184-a7b4-fae9a0f95f51,140,2026-04-03,input,439.6,Devolución de compra
bd1d36fb-c633-4963-910e-973a6f1cbbb8,180,2026-04-03,input,14127.25,Pago de nómina
e9e5b435-a6ae-45e4-9306-cea7e9d04df4,369,2026-04-03,output,630.1,Compra en electrónica
5190f063-d89c-4c47-81ad-dde6a1b62b7c,415,2026-04-03,input,101.78,Pago de nómina
4e3de103-f16e-4ab1-bd6c-d7e5600b4178,439,2026-04-03,output,2191.16,Pago de telefonía móvil
5e61a3de-9241-47d8-a1f8-503d4390a9a1,542,2026-04-03,input,2706.26,Reembolso de servicio
17f66cb2-596b-4400-8a62-175e9938aa88,126,2026-04-04,input,2291.04,Transferencia recibida
ec2861d6-086b-41e5-9108-aa0607553c0a,168,2026-04-04,output,840.47,Compra en electrónica
0e281359-8dfb-4385-b297-a55501b63495,213,2026-04-04,output,651.72,Compra en Supermercado
a5b11016-1fc2-4ebc-9e07-f9eb412a7711,277,2026-04-04,output,2452.13,Pago en restaurante
c3b7b73d-0a65-4c8a-acc2-f12d6401be2f,338,2026-04-04,output,1026.98,Pago de gimnasio
ff27762b-b52c-47ee-a664-af33da91ae46,552,2026-04-04,output,2286.6,Pago en restaurante
9989af3d-9d6a-4a06-8168-6f39395932b5,146,2026-04-05,output,1921.31,Pago de Netflix
6d1091f1-6d6e-4a5c-9172-33dec378da01,167,2026-04-05,output,1214.2,Pago de gimnasio
8ec94127-ab66-45f7-9cfa-86ff8082dc28,242,2026-04-05,output,272.72,Compra en Uber
47cb7fbd-f3b1-4fcc-8100-d6f034ce24fc,410,2026-04-05,output,4579.5,Compra en panadería
7395f465-0679-4752-93f8-036e953d4339,419,2026-04-05,output,338.49,Suscripción de software
46223687-cbbe-4fad-bd3c-7872c4ea50ba,529,2026-04-05,output,1175.73,Gasolina estación de servicio
9f2a138e-7493-4d88-b1e2-d5503e85bf40,148,2026-04-06,output,1369.46,Pago de telefonía móvil
9afd3d68-02ad-456f-ac7b-5a89f629bb81,251,2026-04-06,input,1133.25,Pago de nómina
537a3549-b49e-4a4e-bda0-0cf963d93b64,251,2026-04-06,input,14942.99,Depósito en efectivo
8f89139f-4ab0-4905-9509-6efe374e9328,355,2026-04-06,input,7799.68,Devolución de compra
72cee4e9-3a2e-4563-900c-f035be39cd4f,460,2026-04-06,output,816.35,Compra en ferretería
1151c818-0c22-4cfb-9ba9-980bb2f08772,205,2026-04-07,output,2419.55,Pago de internet
d172e6a0-36e9-4478-9c98-6e5781c9ac74,472,2026-04-07,output,486.33,Pago de gimnasio
13d32978-8e59-4c58-b131-84baa43e8350,551,2026-04-07,output,3364.4,Retiro en cajero ATM
502d0611-3769-4fa5-afcf-31f37640fdcb,596,2026-04-07,output,1035.09,Compra en línea Amazon
2e79d67c-ef08-4f8a-9670-e35408a354f8,160,2026-04-08,output,3292.72,Pago en restaurante
5dd03224-e6db-49aa-9130-c18c2b43ae0e,198,2026-04-08,input,10016.49,Transferencia recibida
3b33f404-e825-4f23-8d22-6dbcc658e522,255,2026-04-08,output,140.27,Pago de telefonía móvil
388a5d0e-2d0f-4274-b444-d753d14a6aa8,294,2026-04-08,output,3212.46,Pago en restaurante
92af0fc8-e588-4560-a949-c74f117343d5,448,2026-04-08,output,2864.01,Compra en tienda departamental
6ddd49e7-880c-4f9c-809e-e6268dfbf797,577,2026-04-08,input,405.67,Transferencia recibida
0dee4683-0e79-49d2-ac34-45e024348731,598,2026-04-08,output,615.57,Compra en línea Amazon
bf312d23-0c67-47fa-b7f9-f17517af3487,202,2026-04-09,output,4852.3,Compra en librería
854d0f3a-de0f-4c2a-82e0-0403ae59368e,209,2026-04-09,output,4057.59,Pago de Spotify
93caf86d-3204-4859-bcd4-099d9bc380a3,222,2026-04-09,output,1069.41,Compra en cafetería
207b7b59-c281-484e-85ef-9e284c269613,296,2026-04-09,input,711.45,Pago de nómina
95e32342-04ea-4295-b90d-ac5692683490,401,2026-04-09,output,692.09,Pago en restaurante
ed6fa85d-2ac5-4076-b7de-a531729a0f35,510,2026-04-09,output,1915.16,Pago de telefonía móvil
ad6ed64f-556c-41be-b46a-2e0720c0889f,517,2026-04-09,output,2443.25,Compra en ferretería
57d21c98-f028-4e9d-a871-857724121fb4,127,2026-04-10,output,1275.24,Compra en farmacia
b57f28ae-f4e1-4e93-8f96-11a73e1f3dbd,143,2026-04-10,input,4038.63,Pago de nómina
cc79dbab-49d2-4e87-ab14-ecd766bc68b1,191,2026-04-10,output,202.95,Pago en restaurante
12814f23-0e2d-4193-95c2-b0affba46cf0,258,2026-04-10,output,1550.92,Pago en restaurante
247a366b-fba4-45ae-b50f-a013a048641c,277,2026-04-10,output,389.45,Pago de internet
96929a89-96cc-4fd3-b2ba-6134ef059dc2,326,2026-04-10,output,437.25,Compra en Uber
c2a3d473-1ffa-4eca-9943-7d936eb08a24,432,2026-04-10,input,6618.98,Transferencia entre cuentas
972a6a89-11da-4c38-97a6-bd58e44ce488,454,2026-04-10,output,2148,Pago de telefonía móvil
e79e19d2-2233-4a3d-8304-327254060c98,457,2026-04-10,output,4823.98,Compra en cafetería
fcdd663e-e13a-4c96-973f-a137613e8c53,147,2026-04-11,input,13048.27,input por reclamación
75193157-daf4-46d2-98fb-9164bcee6d2b,149,2026-04-11,output,2113.24,Suscripción de software
95f08b27-4b46-429a-9fe4-8b43c765d647,254,2026-04-11,input,13232.62,input por reclamación
bfd3198e-bb83-497c-ae68-bc942bcd807e,280,2026-04-11,output,834.88,Pago de internet
ff6449ed-7f55-4e65-beff-6dac1c8ae8cd,524,2026-04-11,input,13982.01,Bonificación bancaria
9efefae6-2b43-42ad-b1cf-cb0b8172f1ec,563,2026-04-11,output,3734.71,Compra en Uber
afa9d8d3-e344-4ed2-a3db-140307079704,116,2026-04-12,input,11978.24,Depósito en efectivo
ee1ce2f9-f158-414c-9959-26320af9bd71,135,2026-04-12,output,1247.76,Retiro en cajero ATM
f900b5c8-a42a-4cbf-ad26-189fe59cf5ce,240,2026-04-12,output,4565.47,Compra en electrónica
cf928fa9-6f79-420e-9415-f3314a5b1d4a,276,2026-04-12,output,3222.52,Compra en ferretería
4567038b-b315-48cf-b817-f879d2397a0f,290,2026-04-12,output,1409.69,Pago de Spotify
d579ce51-a3ec-4e0f-9c4d-c21a55f32ba1,402,2026-04-12,input,12211.89,Bonificación bancaria
c9a78c66-70f3-40f8-b3f0-feefa618e062,434,2026-04-12,output,4885.71,Suscripción de software
c8f829d8-abb0-41ad-8962-d650393772b4,520,2026-04-12,output,2988.87,Gasolina estación de servicio
a4d4db15-f848-4392-903c-9103446b1a93,106,2026-04-13,input,9516.38,Transferencia entre cuentas
d2753340-97fc-4d9e-b578-a33043d52fb1,254,2026-04-13,output,4409.83,Compra en electrónica
35627254-beb6-475b-8fb8-96862b497ab5,363,2026-04-13,input,8558.73,Pago de nómina
18da4fb4-60d7-458b-ba2d-548f43da33e0,495,2026-04-13,output,2450.19,Pago en restaurante
fc631116-03ed-4899-ac35-21f10488bbd7,545,2026-04-13,input,1819.34,Pago de mensualidad
6192593c-2185-4d28-bd92-bad7a81d9465,590,2026-04-13,output,3645.93,Compra en cafetería
ff930198-57f2-4050-8377-f3b4f77ab8f9,244,2026-04-14,input,12583.28,input por reclamación
85a81705-76e2-4832-88e1-f2500d5e537a,251,2026-04-14,input,8327.99,Devolución de compra
e5794bde-35f4-4a1e-a9dd-1842c242ec54,522,2026-04-14,output,2065.36,Gasolina estación de servicio
dc540e71-52ba-49e3-8b3f-7dcc534d6232,135,2026-04-15,output,1939.97,Compra en electrónica
6b37b42f-4e43-4a95-bf6a-303df14437d7,162,2026-04-15,output,2075.69,Compra en librería
6eb69b81-05bf-4332-93d6-c24a6e473792,252,2026-04-15,output,3561.42,Pago de servicios públicos
b7a9679a-a26f-472d-a29e-cbddcda528b8,253,2026-04-15,output,2338.95,Compra en tienda departamental
8613e9ac-7469-4732-8d3f-d663da1998fb,319,2026-04-15,output,775.93,Pago de Spotify
ec4b4dc7-a861-4d11-adc1-15696d7beceb,352,2026-04-15,output,4514.83,Pago de internet
eb06e496-fe9b-483e-b564-d9efd7e3e1cf,433,2026-04-15,output,2441.25,Compra en ferretería
5d1a6df9-83aa-400d-8550-d5d3a80975c8,445,2026-04-15,output,4031.29,Compra en tienda departamental
be12d6cd-d6b5-487c-9531-08df0876e95c,458,2026-04-15,output,1573.39,Pago de servicios públicos
ae8f76c8-e393-4811-b262-fad4f1d5104d,231,2026-04-16,input,7274.05,Pago recibido de cliente
ebfa5c68-9601-47f2-b5ab-7857af80439b,233,2026-04-16,output,4369.88,Compra en Uber
d997dccb-1250-454f-bb85-03e92d1c99e3,322,2026-04-16,output,177.19,Gasolina estación de servicio
1672a165-8e5e-4d68-bb49-2e36183019b2,387,2026-04-16,output,3837.94,Compra en librería
60bfdb47-4fa0-4c29-ab67-f84a47bf5721,508,2026-04-16,output,2819.01,Pago de gimnasio
b1af9089-424e-47c1-b40e-639cd3da0e56,127,2026-04-17,output,250.04,Compra en tienda departamental
18e0181d-c980-4246-a628-ac5a4c1e7d0d,143,2026-04-17,output,2808.27,Compra en tienda departamental
2301a5c4-72a6-4df4-afd1-1f9777fdebda,167,2026-04-17,input,14112.25,input por reclamación
fd27968a-bdb6-4377-8227-5535fa6200e1,366,2026-04-17,output,2569.84,Pago de gimnasio
520ec171-3a1f-492f-b309-8a762cf58d34,233,2026-04-18,output,3719.02,Pago de servicios públicos
e183cc08-4bd4-4a43-b55a-d97143ac1052,273,2026-04-18,output,708.59,Compra en cafetería
65e214eb-5fdf-4544-bea6-45bb40be7799,395,2026-04-18,input,12217.44,Pago de mensualidad
94e18bb9-7189-44c1-9316-9e9d1c9f8216,435,2026-04-18,output,252.83,Compra en Supermercado
44535348-0c8b-48d9-84d3-b9ddcad5d03b,444,2026-04-18,output,334.27,Suscripción de software
76b6d24e-c8de-4da2-9335-865361d9d750,446,2026-04-18,output,4434.4,Compra en Uber
cfd926bc-c122-40e2-917c-5e4ca9b56915,552,2026-04-18,output,4206.33,Compra en electrónica
659da503-5491-41f9-8902-531cf66c7341,150,2026-04-19,output,4142.8,Pago de servicios públicos
66f996c9-ddb2-444c-9b55-498564547454,295,2026-04-19,output,4755.01,Pago de telefonía móvil
869717f7-d2e9-4092-94cc-c63d8b5c308f,500,2026-04-19,output,3671.35,Compra en cafetería
0e861020-e48a-467a-8e4a-c1cc269809d0,511,2026-04-19,output,3842.18,Compra en electrónica
4e95969e-78a1-4033-a415-cac5796ed3ef,552,2026-04-19,input,9431.18,Pago de mensualidad
f61eac91-8227-41d0-b6fd-6584591225bf,218,2026-04-20,output,3584.9,Compra en línea Amazon
4068be39-0ad3-48cd-b652-1a2a6ddbbce9,337,2026-04-20,output,2295.27,Pago de servicios públicos
9216f23e-deb2-4b51-9427-c639781810bb,426,2026-04-20,output,558.35,Compra en Uber
72284f2e-92d7-481f-af42-bd4fb70c4cd0,489,2026-04-20,output,2074.64,Compra en ferretería
42aa89fc-016a-4e36-ac46-37e4cfdeffc5,564,2026-04-20,input,9752.57,Transferencia recibida
504e1499-3ca5-4fac-b97f-22e17d641d94,101,2026-04-21,input,8987.65,Depósito en efectivo
9f237823-2fbd-4a30-a9f1-9151e8525a72,269,2026-04-21,input,11636.49,Transferencia recibida
c8c9d397-6ec5-474b-90d4-b71b496bfbcb,532,2026-04-21,output,2721.77,Pago en restaurante
919356ed-2550-4384-b219-7d18ab437463,587,2026-04-21,output,4653.94,Pago de telefonía móvil
6e880d53-0ecc-4da7-a7aa-8bda17b5c40f,108,2026-04-22,output,2895.81,Retiro en cajero ATM
f49f3c24-4ad5-4ae9-8ec0-bedbf3062859,174,2026-04-22,input,4927.71,input por reclamación
6a3e54fb-7360-4cfc-9589-2b8c8fcdb4ae,177,2026-04-22,input,9469.81,Pago de mensualidad
2f53d3ec-0790-4a7f-966a-90d5418106a6,443,2026-04-22,output,1388.41,Pago en restaurante
0b9619f3-3726-4786-9a26-5ca02bb097b3,518,2026-04-23,output,1231.56,Pago de internet
7156c98c-8da1-4d50-baad-76853c6d6bb8,114,2026-04-24,output,4038.77,Pago en restaurante
d8dfc27d-0412-406c-851f-c5a4a8bc2010,238,2026-04-24,output,4648.71,Compra en cafetería
21e56d95-d2eb-4786-83a5-740dc5ebc826,244,2026-04-24,output,368.93,Compra en farmacia
8a43ee9e-e47b-4885-bf13-3657b3c71cc5,472,2026-04-24,output,3850.13,Pago de Netflix
0536c874-743a-453d-ba1b-1b3db1c94298,516,2026-04-24,input,484.84,Bonificación bancaria
9a74d941-cbba-4dd3-b8c7-03177a2702fa,546,2026-04-24,output,2777.11,Pago de Netflix
885522cb-df44-4903-ae42-6aa954e9e5cd,563,2026-04-24,output,4451.12,Compra en farmacia
f889a3d6-3c34-4300-b8e3-579887c8cd04,210,2026-04-25,output,3009.79,Pago en restaurante
12463551-d5e0-49f0-9e1e-b97b37ad610d,220,2026-04-25,output,4322.81,Compra en ferretería
7f631a73-2d7e-4b7a-bf33-9753df48b15b,236,2026-04-25,output,2292.25,Pago de telefonía móvil
27d82ded-3676-4495-95a7-b91999976daa,274,2026-04-25,output,4109.14,Compra en Supermercado
32d7c111-4292-43b6-b413-8249751db7cc,376,2026-04-25,output,1227.17,Pago de telefonía móvil
793ccdb5-b9eb-4cf3-b538-9237c5ea807f,448,2026-04-25,output,3524.08,Pago en restaurante
03572c46-c7fa-42ca-92e0-bcc27eaca081,494,2026-04-25,input,191.91,Transferencia recibida
beb3b837-d146-4925-9477-20acc39d9fa4,517,2026-04-25,output,4811.63,Pago de internet
e3c53323-b048-4427-bec6-de0961f4e352,567,2026-04-25,input,5715.66,Transferencia entre cuentas
47eecaea-ecad-4bc4-92c3-fda5d7a7745a,575,2026-04-25,input,8163.98,Transferencia entre cuentas
a9f58e9b-673e-439b-8ad6-c03edf69d734,396,2026-04-26,input,12545.46,Reembolso de servicio
bad78d86-e69c-4500-a6cb-96df0132de76,403,2026-04-26,output,4750.78,Pago de Spotify
cd5c150a-192e-4446-a331-25bbc01a7157,490,2026-04-26,output,4328.93,Pago de gimnasio
90b4387c-e659-4013-85eb-1e13e9b02eb5,514,2026-04-26,input,11056.82,Transferencia entre cuentas
7cb7833b-5d42-4028-9c48-22638c74b9d0,241,2026-04-27,output,827.33,Compra en cafetería
31764cc4-36b9-4185-9adf-b2a96442d6be,426,2026-04-27,output,4924.69,Compra en ferretería
fb7c9291-fed7-4de9-8330-0f37f4121b6c,474,2026-04-27,input,10825.54,Pago de nómina
bf386168-4531-4843-969d-a5fe97eba204,520,2026-04-27,output,4674.51,Pago de Spotify
1b9af7db-14ef-45ec-9fb4-61e5e69bd30b,535,2026-04-27,output,2319.18,Compra en línea Amazon
1b8ce20b-3e1d-42de-a097-f67819836c81,114,2026-04-28,input,2874.03,Bonificación bancaria
38bb96d5-c3ed-41ad-91c9-2ac40837a598,300,2026-04-28,input,12044.93,Pago recibido de cliente
c41e9c83-3da1-41b2-b05e-ccf6062498c7,316,2026-04-28,output,1027.42,Compra en panadería
b024985b-9f23-4b79-9c31-d8630199159d,115,2026-04-29,output,4525.14,Gasolina estación de servicio
23b0239d-08ae-4daf-96fc-47cc41feea19,438,2026-04-29,output,2632.14,Compra en línea Amazon
af2e4e1f-abf8-4f28-a36d-f220a9c62eb3,461,2026-04-29,input,1107.84,Transferencia entre cuentas
fb254d7e-a5fe-4673-a5f8-25e907a3dc0e,462,2026-04-29,output,701.46,Pago de servicios públicos
c160ed89-3731-409d-8eef-a097817499b2,593,2026-04-29,output,1694.99,Compra en línea Amazon
ede7d192-1183-4fcf-9122-8dc0d208d4e4,146,2026-04-30,output,4609.8,Pago de servicios públicos
f99fa59f-1281-46f8-80fc-b4a07437e1a0,312,2026-04-30,output,92.27,Compra en ferretería
6f8a4f01-b830-4d2a-90e2-724965c38e91,316,2026-04-30,output,1307.06,Compra en electrónica
2ddfe64c-0909-4f51-9064-394e0d798e8f,376,2026-04-30,output,1060.12,Pago de telefonía móvil
e0c1cc93-2e61-49a0-a625-9e341ffa545b,459,2026-04-30,output,117.21,Pago en restaurante
43bb7166-2f0f-4d7f-b699-82255de1ce12,496,2026-04-30,output,3431.11,Compra en Supermercado
c999a3fc-10d2-4a09-9b0f-90feb1f616cd,503,2026-04-30,output,1119.17,Compra en panadería
5e460b24-f8e2-4731-aa50-59505d999070,509,2026-04-30,input,5866.49,Pago de mensualidad
bcd9cf03-9e5f-4c0a-9555-2facbacb2b3f,520,2026-04-30,output,2396.15,Pago de Netflix
2f76d240-88ef-47c5-9906-d4f5b41017d0,566,2026-04-30,output,3497.6,Compra en tienda departamental
8bcc6819-8285-43df-91a9-7bb74dd4dd2e,108,2026-04-31,output,4775.24,Pago de gimnasio
aeda7d28-c925-4dec-852d-277eb8c62aad,381,2026-04-31,output,1165.19,Gasolina estación de servicio
75b82d98-a392-4df3-8afe-9a8e20c052f4,225,2026-05-01,output,1471.52,Compra en electrónica
467551b9-f47f-47be-b0e8-350a2415afd0,261,2026-05-01,output,982.67,Retiro en cajero ATM
cb50ed26-abd0-4608-be37-7a3b69195eae,300,2026-05-01,output,4389.1,Pago de gimnasio
4dc03d22-c20a-4f0a-a395-684f568a5e3c,530,2026-05-01,output,1876.13,Pago de servicios públicos
6e3ac8c3-7ba7-465e-9a84-7174828403cc,125,2026-05-02,output,359.05,Compra en electrónica
0a18a780-1927-4205-8054-fb6c1a3888a3,178,2026-05-02,input,2586.34,Reembolso de servicio
b3e07af6-3d74-40ac-9aa3-c717c8e7d7e0,365,2026-05-02,output,1887.75,Retiro en cajero ATM
fc6e9b97-c53a-44e0-a5ff-bc9afbec3dbf,491,2026-05-02,output,3481.45,Gasolina estación de servicio
95f2b703-3fe9-4349-ad63-971a4a25d668,107,2026-05-03,output,3865.79,Compra en Supermercado
15c7ecc5-a2f9-41c7-8b17-80e0b6cdfe73,120,2026-05-03,output,1654.77,Suscripción de software
ca09165f-853a-47d6-8a7b-c0cd67c7118b,232,2026-05-03,output,4290,Pago de Spotify
e15354fd-31f9-4491-9883-32f0e4414edd,259,2026-05-03,output,2529.99,Compra en electrónica
a3c5c31d-cf8a-47c1-929e-978cf70422bc,383,2026-05-03,output,406.14,Compra en línea Amazon
bb6c7e61-1a70-4691-ba24-64f58ece1a8d,420,2026-05-03,output,1661.52,Compra en librería
e12475de-aaf2-407c-8fb5-09649da46375,523,2026-05-03,output,2693.72,Pago de Netflix
85c6aae5-1875-4b62-958b-3a30d53b644c,560,2026-05-03,output,2680.13,Compra en Supermercado
9a7a26c1-4689-4658-b031-708af719cbf6,573,2026-05-03,output,1725.95,Gasolina estación de servicio
61a19e9d-251f-42ad-b286-3706f0b73844,584,2026-05-03,output,2010.2,Retiro en cajero ATM
43f7e6a0-802c-4107-8750-bc12b7e989dd,193,2026-05-04,output,2199.98,Compra en línea Amazon
efef234b-c0a4-4e95-8e2d-ec2360fc7ec0,230,2026-05-04,input,13390.17,Reembolso de servicio
5761d40d-a353-43b3-aaac-76e73769c3e1,482,2026-05-04,output,3795.6,Pago de telefonía móvil
8b442c5d-8cb5-4fa0-94df-d0cc370f256e,487,2026-05-04,output,2277.19,Compra en cafetería
716c64ce-24fa-449f-9f62-67eb3215984b,552,2026-05-04,input,3283.78,Pago recibido de cliente
b16bcb27-076f-4743-b2be-dd93abbe88a6,357,2026-05-05,output,976.17,Compra en cafetería
58214ced-b9bc-4f23-917c-c7270f424c36,387,2026-05-05,input,9566.67,Pago recibido de cliente
fa38e817-7afb-4832-820d-db35298bbd83,400,2026-05-05,input,5101.43,Reembolso de servicio
3ffcc1f4-7ec6-4f80-9a78-69cf8fece0b3,507,2026-05-05,output,1733.57,Pago de internet
c52aafed-6e43-415e-885a-f40457e2b0b1,600,2026-05-05,output,312.39,Compra en farmacia
785cf24e-0fc8-4849-acf9-503f710185fe,231,2026-05-06,output,586.52,Suscripción de software
97eeaf3f-85c4-42d6-a145-3aa13e18b9fd,320,2026-05-06,input,9963.81,Bonificación bancaria
47f4ae16-475d-4178-9898-ed1b99370312,345,2026-05-06,output,2897.57,Pago de internet
4171a93a-8622-4637-94ec-89fab944fc7f,402,2026-05-06,output,4388.33,Compra en panadería
ab7f6a77-0094-45d3-bcc3-ee98a096324c,546,2026-05-06,input,10491.73,Devolución de compra
cafb0ff9-2413-4286-ad2f-09441de9b5f1,193,2026-05-07,output,3937.62,Compra en farmacia
ec1c904b-5c06-4a33-ab4c-4374c4067edd,200,2026-05-07,output,2143.34,Compra en línea Amazon
563f5ce6-d9cf-43b0-be02-7d845d322a5a,278,2026-05-07,output,2782.57,Pago de telefonía móvil
ce0048c5-6aa8-4605-8265-748855054275,336,2026-05-07,output,3771.03,Suscripción de software
87eda7be-df63-4063-ab73-f5bf54291ac8,401,2026-05-07,output,1418.06,Compra en panadería
7f78f9ca-dc4d-404b-bd9f-ac75b38a6502,486,2026-05-07,input,11051.02,Bonificación bancaria
ad83b5b9-8e59-41e4-9d88-af9f0e8c5110,568,2026-05-07,input,3635.36,Depósito en efectivo
58bbb8a4-0fef-4fb5-b809-22ca974c8ce7,224,2026-05-08,output,69.02,Compra en ferretería
a89acb24-a578-41cc-b39b-0f7839abd866,280,2026-05-08,output,2703.41,Compra en electrónica
91593b54-3117-444f-a90c-1530f05c671f,352,2026-05-08,input,2632.88,Bonificación bancaria
f124733b-2fdd-4f3d-ab92-608217820d87,599,2026-05-08,input,13272.17,Devolución de compra
ab3d65d7-a7e3-4ac4-b5d8-8021e4382a92,159,2026-05-09,output,3851.28,Compra en tienda departamental
7af3ec48-9298-4783-a843-2515b5fccaf4,311,2026-05-09,input,752.1,Devolución de compra
78272550-072c-42ed-8cec-45ec8526e272,391,2026-05-09,output,4347.34,Compra en panadería
c36eb43e-d488-4c95-aefc-9e7a6fabdc03,547,2026-05-09,output,158.5,Compra en electrónica
3de66079-ddc6-43d1-9d79-abe484c0b00f,585,2026-05-09,output,49.27,Compra en ferretería
d9c9cdcd-dc4d-4c09-94c7-73035e7795ce,101,2026-05-10,output,236.74,Compra en cafetería
03541bff-4b27-4607-8226-d0c12790e5fb,110,2026-05-10,output,1314.94,Compra en farmacia
d34eb71a-84de-4a5e-a042-c53b591215ca,165,2026-05-10,input,175.18,Transferencia recibida
c04a65dc-87a5-4c81-a6b4-dd8cfa39b268,225,2026-05-10,output,801.99,Pago de gimnasio
9f63e74f-c632-483c-a9e8-181620e1182a,280,2026-05-10,output,3822.82,Compra en Uber
5e2147a7-87e1-4a47-9769-beb3438ad689,108,2026-05-11,output,3436.1,Pago de servicios públicos
3cb6f702-024a-4208-ae74-c39d328cfccc,273,2026-05-11,output,2998.33,Pago de telefonía móvil
45a94afa-8d60-4290-b4aa-1047da7c354d,292,2026-05-11,input,5050.84,Transferencia entre cuentas
e6d13b6d-4667-416e-9a92-9184935df07e,305,2026-05-11,output,1984.6,Compra en Supermercado
a5b79a79-58b7-4f93-9f95-ce7c3e1e0698,571,2026-05-11,output,1682.02,Compra en electrónica
e2ac30e3-3262-45fd-8402-3c79e7518596,381,2026-05-12,output,4194.36,Pago de internet
6fba1487-721d-4e03-9b51-95cdc6bd28c9,516,2026-05-12,output,1177.43,Suscripción de software
35741eec-361b-4c1d-b809-d50c543355c4,556,2026-05-12,output,4263.54,Suscripción de software
b42511f3-2ea9-4f5a-850a-0d4b063934a1,155,2026-05-13,input,14158.4,Pago recibido de cliente
ef51c920-1442-4c52-b02a-65b52d75a778,166,2026-05-13,output,3672.98,Compra en Supermercado
9fbfb8e6-10dd-478a-a9df-dc9e25ccbfca,171,2026-05-13,input,10193.88,Bonificación bancaria
c45131df-6284-4117-bdc8-2dc623d3ba1d,255,2026-05-13,output,4630.02,Compra en electrónica
a8312700-6c83-49a1-ac16-07f44b97b86c,288,2026-05-13,input,8515.28,Devolución de compra
55ab5a83-b247-432f-8a8d-69ac39d2d263,393,2026-05-13,output,2151.32,Retiro en cajero ATM
31aae1d0-52df-495a-9a6e-9e9e74c8986c,517,2026-05-13,output,1779.24,Pago de telefonía móvil
366e441e-b146-46ef-b078-3c46e189cd94,181,2026-05-14,output,1072.58,Pago en restaurante
2a5373e0-fb30-4e78-be53-b6b4dc2aebef,277,2026-05-14,output,2108.43,Compra en cafetería
a2260325-a3ae-420b-b266-a55fe5c0ebb5,296,2026-05-14,input,3639.82,Bonificación bancaria
3bc6d461-b4b6-4853-8521-fd97ee1fca8d,332,2026-05-14,output,2237.43,Compra en panadería
be92e928-0979-4b7b-bd90-edb1710849e4,198,2026-05-15,output,1235.46,Pago de telefonía móvil
c531bb04-7e05-461f-ab00-20c33aa51b15,212,2026-05-15,output,2391.82,Pago en restaurante
866c0077-270d-41e6-aab1-fe36ab267a92,355,2026-05-15,input,11335.18,Bonificación bancaria
9c7231d0-dc4b-4b1e-b361-1c35c0528295,430,2026-05-15,input,714.19,Pago de mensualidad
346efaa8-5509-4cd6-a0f7-0a0a8835ea7e,511,2026-05-15,input,9287.64,Transferencia recibida
151ef193-fcc1-4bba-bfcf-28a11978901d,530,2026-05-15,output,1984.67,Compra en línea Amazon
58de8002-8375-4c90-9546-23769a2961c3,564,2026-05-15,input,14742.42,Transferencia recibida
a25a6795-2d1c-4e30-a1a4-72d8b55b7f7c,239,2026-05-16,output,3935.17,Compra en cafetería
225df38a-4d55-4e4f-a51d-2723656dc588,242,2026-05-16,output,2008.01,Pago de internet
fcd86bb7-6c3c-442b-95e5-8f42c984ce3c,259,2026-05-16,output,186.12,Pago de servicios públicos
0285ac05-484e-45d4-ae47-405d64fce4e7,322,2026-05-16,output,4281.54,Compra en ferretería
4fc281d9-d533-4036-9832-375017a34d4e,217,2026-05-17,input,13522.01,Bonificación bancaria
b5da0ea4-79f2-40a9-bf9f-a760d63f9141,247,2026-05-17,output,3774.71,Compra en librería
368ace2b-94c9-433c-a206-bdaca7729579,255,2026-05-17,input,10284.12,Pago de mensualidad
a314906b-4d02-485b-87b9-3bf6b00f7407,340,2026-05-17,output,3417.59,Pago de Spotify
d739a0ad-2c9c-4f4f-90eb-7c859fb69d9e,440,2026-05-17,output,789.79,Retiro en cajero ATM
3738b5ef-fdfe-48f3-8a71-69bc0d24e7d7,445,2026-05-17,output,4867.42,Compra en cafetería
1efed107-ae35-474a-8bcc-9a8817ce9b52,449,2026-05-17,output,1639.24,Retiro en cajero ATM
5459dcb8-518a-4cca-9a58-7c0155f6b065,202,2026-05-18,output,889.41,Gasolina estación de servicio
b53cfb4d-b8e4-4bb7-8410-65dbed17bc3d,236,2026-05-18,output,926.45,Pago en restaurante
b8c3e034-e975-4a0d-a0d4-24932064265d,257,2026-05-18,output,1793.69,Suscripción de software
6b082737-fa36-4147-b5a8-305dedfa6038,321,2026-05-18,output,2802.76,Compra en Uber
832094de-bb70-4d7b-98b4-553656fac3df,330,2026-05-18,output,784.58,Retiro en cajero ATM
754a1472-4b1a-4e0e-9bbd-e726517e335f,406,2026-05-18,output,2213.14,Compra en tienda departamental
5a28aa8d-bb85-450f-a172-92f6bca92739,460,2026-05-18,output,931.61,Compra en Supermercado
882bd72f-2ad9-4ef9-895a-d5c973a580ce,561,2026-05-18,output,1222.08,Compra en librería
ffbc9e56-32d0-4ca9-a696-1875ab028109,569,2026-05-18,input,6610.25,input por reclamación
c687b542-f441-4639-8445-e771d7792acf,588,2026-05-18,output,3165.92,Compra en farmacia
5ee15025-2ca5-4fad-baca-bc0c2a36eb8e,217,2026-05-19,output,3041.66,Pago de telefonía móvil
cc664543-e1a7-4017-87d2-92b2c1636136,326,2026-05-19,output,4229.13,Retiro en cajero ATM
32072455-9859-4fd4-98a7-21cb7a7cf6b2,389,2026-05-19,output,3978.07,Gasolina estación de servicio
250e0707-fffa-4ba9-8be0-31e4f1e1bf03,400,2026-05-19,input,4021.2,Bonificación bancaria
21b1547f-4350-4322-9643-69f493e82ad5,402,2026-05-19,output,3563.31,Compra en electrónica
b1a824f3-78bf-48a7-a3eb-06eb489a524b,421,2026-05-19,output,3803.15,Compra en ferretería
26216405-0fb9-47eb-9087-d460301b90bd,481,2026-05-19,input,7709.54,Pago de nómina
f151eb37-a78a-436a-8a13-bd17eb4aaabd,515,2026-05-19,output,4689.35,Compra en electrónica
3bbf0e6e-a737-4b11-a4d7-66a7b619985f,517,2026-05-19,output,4863.68,Compra en ferretería
4b318049-b313-48e9-8d94-aa9523804373,132,2026-05-20,output,1041.79,Pago de Spotify
96210a6e-e480-49b8-a153-33a2181f7ddc,140,2026-05-20,output,2448.56,Pago de gimnasio
b3c1ea35-8d63-4742-b8a6-2d36ae410f3a,335,2026-05-20,input,14638.72,Transferencia entre cuentas
8b54075b-1c11-486f-ab43-135b73b445d4,395,2026-05-20,output,531.11,Pago de internet
dc99bfbf-2583-44e7-b126-70f0fc7b5e6f,118,2026-05-21,output,3460.63,Pago de telefonía móvil
d6e333ec-9e58-4d85-90cc-7bc32a32788f,377,2026-05-21,output,628.49,Pago en restaurante
b043e04b-b8ed-415e-a136-a264d2eb7f6f,484,2026-05-21,output,946.28,Compra en panadería
79351bb1-890b-45a0-8397-78edf662d818,203,2026-05-22,output,4060.24,Compra en Uber
80511045-7a3f-4f30-8f9b-1575e7ce4018,384,2026-05-22,output,1556.28,Gasolina estación de servicio
6b68bbb6-fad1-407d-ba57-fd9e4d97aaa4,522,2026-05-22,output,727.35,Compra en Supermercado
45e82b4d-5ce8-4204-908a-4fb1e715e5e9,109,2026-05-23,output,1667.42,Compra en cafetería
ff19e0dd-9fc6-418d-808d-896764e61763,175,2026-05-23,output,1853.4,Compra en electrónica
82822891-b20d-4080-aaaf-561032f9b9ab,391,2026-05-23,output,2433.59,Compra en Uber
f05a9a49-eab1-493b-88e4-e36044ee4359,417,2026-05-23,output,2706.25,Pago de gimnasio
2001eb9f-e307-4a59-a11d-f282e7d0fa41,443,2026-05-23,output,3275.17,Compra en tienda departamental
b3bac356-6fb7-44b5-9bf7-cae10e7451dd,448,2026-05-23,output,491.84,Suscripción de software
a9d3383b-de3e-472c-b012-256459e0816e,470,2026-05-23,input,4839.62,Devolución de compra
5aa9c655-6bb4-45c5-88b0-11fe33bdb42c,484,2026-05-23,output,2998.8,Gasolina estación de servicio
9fbe06f3-2918-4bc5-810e-74ce04b765dd,495,2026-05-23,output,4176.06,Compra en Supermercado
46e1ed06-1a58-4e93-b61e-6b23a27c2142,549,2026-05-23,output,2235.54,Compra en panadería
b06b381f-4370-4aab-ba3a-b28947fcccef,569,2026-05-23,input,6540.8,Pago de nómina
6270307c-f2fc-45c6-b02c-a9629dcc7a3f,138,2026-05-24,output,4561.4,Compra en tienda departamental
7aa66d61-af79-435e-a513-c4bdba940740,153,2026-05-24,output,4727.37,Pago de Netflix
2a46dd77-94f2-4430-9918-ebb0b3eed656,406,2026-05-24,output,1439.6,Pago de Netflix
ca5d593c-101e-42d6-9f31-4a71a8c33af0,437,2026-05-24,output,3296.27,Pago de Spotify
0ad7c58d-9b5b-4329-8be0-8354552b95fd,446,2026-05-24,output,2720.91,Compra en panadería
6cf18f90-e334-4aac-9229-d5245c759680,527,2026-05-24,output,2144.74,Pago de gimnasio
971caeba-de62-449e-9383-f057d7905dae,323,2026-05-25,input,2147.54,Depósito en efectivo
723be2a1-8165-4d26-ae45-1c5dfdc25bd8,395,2026-05-25,input,4155.95,Pago recibido de cliente
3f109d7e-f065-43ea-942e-d1ebef0a5d8f,431,2026-05-25,input,3133.77,Transferencia recibida
37448f8b-6343-4fb2-8d6b-62bec4e1f60c,567,2026-05-25,output,4996.19,Retiro en cajero ATM
681d50e1-d160-488b-a1ae-9b8be2f83a57,236,2026-05-26,output,3013.81,Pago de gimnasio
129696bd-96d5-47e8-9be5-51493f0a316d,489,2026-05-26,output,186.1,Pago de Spotify
de3ca035-1e81-4874-a6ad-6baca4cd7f90,143,2026-05-27,output,717,Compra en librería
ed6ff2cd-98f2-4d43-8a4c-a1938e4df2ea,212,2026-05-27,output,4833.12,Compra en electrónica
934a471d-8cf5-4316-9026-dfdb5b0ebdf5,216,2026-05-27,input,7975.61,Pago recibido de cliente
875467fc-d902-4f43-b33a-7a53ba9b8280,506,2026-05-27,input,14576.54,Transferencia entre cuentas
7dc31a0c-4fab-47c5-a28d-993d4f91b473,531,2026-05-27,output,4136.45,Compra en línea Amazon
ceca57ca-9e62-4f38-aad5-f61ce8407c14,587,2026-05-27,output,4145.65,Gasolina estación de servicio
befba35c-2df8-4010-8e24-b90b09022287,169,2026-05-28,output,4159.3,Compra en ferretería
d7eded7c-f622-4641-8feb-c2fe82964996,237,2026-05-28,output,2653.59,Compra en Uber
19c60840-0610-46f5-9225-920f37d88795,254,2026-05-28,output,3666.04,Retiro en cajero ATM
ed6af436-affe-4115-a28a-d83e7f68de09,286,2026-05-28,output,3552.83,Gasolina estación de servicio
e1bda632-7f39-45c4-960f-04a7111c8cc7,497,2026-05-28,output,2152.04,Pago de telefonía móvil
8b785dd9-9086-45ae-9443-1db685636c40,498,2026-05-28,output,1259.45,Pago de gimnasio
629f923c-b00b-49d0-b070-cc627b376351,569,2026-05-28,output,100.07,Pago en restaurante
bf60ee1e-6f94-411a-b7b3-f7482ed0dc61,593,2026-05-28,output,1374.62,Retiro en cajero ATM
14dda659-22a4-49d0-8a29-79cb07a5150b,202,2026-03-01,output,4972.29,Compra en línea Amazon
9a8bb3bb-d011-49a7-a1e9-edd11f68b93f,260,2026-03-01,output,1371.79,Compra en línea Amazon
1a0cf413-e936-4acc-a67d-f51000d3fee6,280,2026-03-01,output,667.64,Pago de gimnasio
348d04c8-2bae-4d26-ba8b-13af5580d546,300,2026-03-01,output,195.99,Compra en panadería
73c2b89b-532d-4125-8cb9-2322ffa95299,318,2026-03-01,output,345.38,Compra en ferretería
8d30e2a9-5be0-4817-8132-31a4d3e50a36,573,2026-03-01,output,2396.01,Compra en línea Amazon
8c140efe-3a38-4c54-8881-d18153ffe244,599,2026-03-01,output,3620.53,Compra en Supermercado
4b577e0c-f7ef-41f3-b3c7-c323cc0adb96,267,2026-03-02,output,630.21,Suscripción de software
a7340ec9-f9fc-416d-8fd2-572fabaffaa5,330,2026-03-02,input,292.48,Reembolso de servicio
9fb4ee5c-ab8a-4ea2-8f49-84ab71903f4e,360,2026-03-02,output,3588.71,Compra en panadería
b34de251-fa6e-4fce-84bb-74a498bd3157,369,2026-03-02,output,3606.9,Compra en ferretería
00032bed-87c2-4bc3-9f8d-cff2e621d698,564,2026-03-02,input,208.11,Transferencia recibida
4217bc12-c0cb-4972-8c95-0dcca02491c2,569,2026-03-02,output,2225.35,Retiro en cajero ATM
46cb842b-dcdf-42e9-8886-6f9ae36ac9ec,428,2026-03-03,output,3215.3,Pago de internet
e5b9b63d-ca22-4ae7-a15d-90623bd7ec47,516,2026-03-03,input,8106.16,Transferencia recibida
f9384ef5-3610-4043-80bf-a51f8031e919,526,2026-03-03,input,6728.86,Depósito en efectivo
0e141930-da90-4911-b685-1b3b75a0cf8b,583,2026-03-03,output,3898.44,Pago de gimnasio
d2444b64-dd5b-4551-890d-ddbcab028971,161,2026-03-04,output,2505.04,Compra en Uber
5de87832-e805-4478-baa2-1d1f842e2fea,217,2026-03-04,input,14195.17,Devolución de compra
7bd17933-a969-43a4-a3e7-79e08a283502,240,2026-03-04,output,2710.86,Pago de gimnasio
7d1a8fbe-61b1-4e6a-b91a-46475a345fe2,360,2026-03-04,output,3786.61,Gasolina estación de servicio
587b8c0c-3faa-4aab-9ff9-7c06c2f3f50a,381,2026-03-05,input,9093.39,Pago de mensualidad
3971ed2b-0b2e-4296-9880-ce76ff81f2b3,481,2026-03-05,output,3538.21,Compra en línea Amazon
05816a51-b199-48b1-91c6-4f2b23632af0,577,2026-03-05,output,3276.56,Pago de internet
5fda71af-9f94-40cd-a637-31c2854a990f,593,2026-03-05,output,3986.79,Pago de internet
80a77acc-c2d6-4453-aff3-cee2584c91b5,156,2026-03-06,output,3288.44,Pago de servicios públicos
4e3c16a5-d58f-4670-b79a-0f84f744d61c,303,2026-03-08,output,80.33,Compra en panadería
3864aecb-6255-44f7-a7e5-946eb451dc5c,437,2026-03-08,input,258.86,Pago recibido de cliente
312b0968-9afe-494f-bcb2-1aaabc0af386,535,2026-03-08,output,988.38,Compra en farmacia
c1b3ed9a-792f-48cd-a739-3a7ca7f61a53,183,2026-03-09,input,1786.57,Reembolso de servicio
41b00513-92a2-4e6a-836f-32c81b7a3659,189,2026-03-09,output,3550.44,Pago de telefonía móvil
cdeed3bc-0e63-4910-bcb1-daa436e13ec3,189,2026-03-09,input,10889.48,Transferencia recibida
365cbeb3-fcd4-4234-9484-da858ae22081,249,2026-03-09,input,7201.56,Reembolso de servicio
0199363f-47b4-4268-870a-a6a8e29be374,250,2026-03-09,output,2952.79,Compra en farmacia
ef2612db-2e5b-488f-960e-ffb4ebbbea7f,349,2026-03-09,input,741.59,Transferencia entre cuentas
8a46119c-4727-4534-bef4-c55a0454ada5,537,2026-03-09,input,5528.89,Pago recibido de cliente
077d5f4b-9dfb-4e9d-b301-a40a7275e004,551,2026-03-09,output,3793.8,Suscripción de software
c243b9b5-77e4-4483-bbc6-f9d03808b62e,135,2026-03-10,input,3001.09,Depósito en efectivo
ee9d9322-56b2-4084-9035-40bb90456cc9,407,2026-03-10,output,1556.3,Pago de Netflix
a59fdd08-85a1-47b0-98f0-90e7756f3462,453,2026-03-10,output,3944.83,Compra en línea Amazon
71a49c13-97af-4af2-bd50-f625e914d385,501,2026-03-10,output,2924.53,Compra en cafetería
2c66050e-19ab-46c5-8001-8c54e40ff7e1,593,2026-03-10,output,4365.41,Compra en electrónica
6326918b-0a79-4e4a-a808-48ac1e658a6e,273,2026-03-11,output,3480.39,Compra en Supermercado
82be0052-41d1-4350-a5a4-50e625b1f615,309,2026-03-11,output,4337.7,Pago de servicios públicos
33cb57c2-400c-4354-8e58-6298506ffee1,445,2026-03-11,output,4608.3,Pago de Netflix
f209fa5e-9ecc-46a0-a5d6-131d80652ec8,139,2026-03-12,output,1318.14,Pago de servicios públicos
6cd2d4a1-eee4-40b7-9c2d-c85bdb787184,147,2026-03-12,output,2030.53,Pago de gimnasio
344255b4-896a-441e-b824-f58e05cb3970,362,2026-03-12,output,3250.15,Retiro en cajero ATM
9c3e8e30-a305-49f9-b3f8-17ce42d659a7,371,2026-03-12,output,2568.04,Compra en Uber
0d0860b7-2cb7-4056-a385-d2769432d8b9,434,2026-03-12,output,1910.27,Retiro en cajero ATM
d1675929-1169-4690-a399-de1536985114,478,2026-03-12,output,1887.5,Compra en librería
3556c49c-4ae2-4dd8-a128-5a7c86655490,227,2026-03-13,output,432.94,Compra en Uber
ca7b4866-6d80-45eb-aba3-fcba035efaed,245,2026-03-13,output,1181.13,Compra en farmacia
7fcb6763-b247-466b-8ad3-47630d7050b9,355,2026-03-13,output,3224.6,Pago de Spotify
94e4a31b-0d66-430a-bf31-0bed62ff5be4,372,2026-03-13,input,6034.82,Bonificación bancaria
a6aebeb1-0e38-4eb8-bb14-ad7a4f18fe5b,329,2026-03-14,output,4614.81,Compra en cafetería
171dc368-7e15-44d0-8d8b-176b299151c1,366,2026-03-14,output,1796.26,Compra en electrónica
361180f2-5d98-4d0a-85ab-9487d4fcacc7,366,2026-03-14,output,1498.16,Compra en línea Amazon
f6315475-c3c3-4212-b9ec-8613f1fab5c7,367,2026-03-14,output,3262.9,Pago de Spotify
d9c7d16a-1c85-41b1-98e4-18cf1664cdd3,419,2026-03-14,input,2410.56,Pago de nómina
64a7f41f-5c84-4158-b1ff-c773e3d387f7,464,2026-03-14,output,1847.64,Pago de servicios públicos
61a5b8e5-b88d-4dcb-8dcb-9954a7eb22d5,112,2026-03-15,input,166.21,Transferencia entre cuentas
8e343202-dadd-44ab-bce6-e7d84eab7ebf,138,2026-03-15,output,3940.2,Compra en farmacia
0a0eeb87-6983-4d2e-8846-fd945549881b,276,2026-03-15,output,3158.87,Retiro en cajero ATM
d8d18c48-a6ae-4a49-9671-248327bc918a,340,2026-03-15,input,13601.42,Transferencia recibida
7b3a9e59-d907-439a-978f-f33862516950,410,2026-03-15,output,2244.27,Pago de servicios públicos
4243b754-ee4b-4c52-a9da-9400f01b1e07,525,2026-03-15,input,9746.93,Pago de mensualidad
3387ffc2-88a5-4e6b-b4eb-c9320df39a7f,238,2026-03-16,output,1436.3,Compra en panadería
8e158ee5-5a37-42b8-9c72-e01276d7283c,303,2026-03-16,output,1716.32,Retiro en cajero ATM
9d7361f0-5351-4276-9f28-c88d3cf688b4,309,2026-03-16,output,654.15,Compra en Supermercado
39a39c8d-342c-4da8-bb5d-99d0c0c8dd05,318,2026-03-16,output,1865.66,Compra en ferretería
737f49fd-fdc9-4dd6-8cbe-22c77e07d7c7,327,2026-03-16,output,2596.86,Compra en librería
53edf000-8122-4360-9229-e8ded9960ff2,354,2026-03-16,input,9403.08,input por reclamación
25009946-314b-4780-8a8f-a67ab38ace4d,409,2026-03-16,output,1889.73,Pago de gimnasio
e44b489f-e297-4a1d-836a-a627d8950bbd,121,2026-03-17,input,6086.23,Transferencia recibida
fba5e82e-39c2-4cbc-ac61-07971884c041,273,2026-03-17,output,2324.69,Compra en ferretería
5623836c-29d4-492c-825b-fc83d03e8537,399,2026-03-17,output,4581.04,Gasolina estación de servicio
cde1da8a-58c2-4e18-8fb8-15b88c6786f9,497,2026-03-17,output,2070.98,Compra en panadería
d427c613-6e95-4310-92ef-5f43576bd800,147,2026-03-18,output,3979.18,Retiro en cajero ATM
f4fc542c-4af1-4ce5-b2f8-d31c7d86cec6,283,2026-03-18,input,6600.94,Transferencia recibida
1e7195c0-5f8f-47ae-90c2-6b42dd0cf69e,308,2026-03-18,output,2656.14,Compra en Supermercado
38a0a796-18e5-4704-855d-d2f750dc427d,424,2026-03-18,output,4962.01,Compra en librería
d4b65de9-b2d2-4b3f-aa59-6f243c358c04,443,2026-03-18,output,2371.28,Compra en panadería
6746843e-620d-4f45-95fd-9f753d1900e0,477,2026-03-18,input,12339.81,Transferencia entre cuentas
bb58fd84-41ff-452a-8d85-21868bedb072,523,2026-03-18,output,562.63,Pago de internet
80a23d4c-5949-45a6-8610-1dc5601c3c9d,568,2026-03-18,input,12893.16,Bonificación bancaria
32cfcc5d-f462-475e-8bb4-e016e29c519e,166,2026-03-19,output,4920.38,Pago de Spotify
5a32be3e-ea83-4c51-a014-c8a64b59a943,274,2026-03-19,output,980.14,Compra en Uber
178ea79a-b55c-43fb-aa40-d347f85bdec4,355,2026-03-19,input,3585.89,Transferencia recibida
ff8752de-9bc1-430d-915e-706cb62d8622,390,2026-03-19,output,4843.7,Pago de Spotify
72afd6aa-5457-4ee3-ad6f-6ac8188c49e5,586,2026-03-19,output,3317.1,Compra en ferretería
6a29de13-10e4-46c0-933e-aa53f00830a2,599,2026-03-19,input,9974.1,Pago recibido de cliente
ff775ecb-bb23-43b8-9d5a-8e0a310a7fd4,151,2026-03-20,output,3590.25,Compra en farmacia
f3f582e4-eda1-4c3c-aa77-23935d18be6a,178,2026-03-20,output,4260.06,Compra en panadería
f48affd8-6303-4357-af49-ee59afe2aef9,296,2026-03-20,output,2575.38,Pago de telefonía móvil
6f2d9edc-793f-4a36-bffa-aa83c0724c51,356,2026-03-20,output,2066.01,Compra en panadería
4dd84d5d-acda-49d7-bf8d-db0c5d614291,425,2026-03-20,output,139.7,Pago de gimnasio
547abb5f-da42-41c5-93f9-768a4c0839e4,428,2026-03-20,input,5538.28,Pago de nómina
1d666c9e-cdc2-4846-905e-0e16c1412527,595,2026-03-20,input,8392.65,Pago de mensualidad
cceb563e-b6c1-41d7-8131-1328905585a3,229,2026-03-21,input,5407.5,Pago de mensualidad
44aace5c-d7c4-4424-8c5c-5307b2ea1e60,543,2026-03-21,output,4737.44,Pago de internet
87b4cda7-ffe7-4cbb-9746-6f95caf5e6b4,129,2026-03-22,output,3219.37,Compra en farmacia
c5803f0d-1a29-4383-9e78-94ff5eee94b5,195,2026-03-22,output,1639.8,Pago de internet
8dc16191-447d-47a2-8145-766eeafbb21a,461,2026-03-22,output,2515.43,Pago de Spotify
f19a2936-ca55-4188-a5dc-d2599b9b7bd4,243,2026-03-23,output,1930.66,Pago de internet
19c3e0be-f213-4d60-b439-8efc663cc7c0,308,2026-03-23,output,4793.64,Compra en línea Amazon
d314382f-2c72-4ad7-8c8d-35fef938ba7b,313,2026-03-23,output,4019.46,Compra en electrónica
3e7b340f-da1a-4386-99a5-daee2bbab8ec,433,2026-03-23,output,552.08,Compra en librería
87a985d7-ac2b-4e7a-834d-d0805d9be46f,529,2026-03-23,output,389.33,Pago de servicios públicos
f2537f3b-76eb-4176-acb4-18e7558afd03,535,2026-03-23,output,1148.58,Retiro en cajero ATM
f8a8c577-f14a-49b9-ad42-83a29043ed7b,187,2026-03-24,input,11902.4,Reembolso de servicio
fcd87328-ee51-4668-a58d-f0600adad595,203,2026-03-24,output,2306.07,Compra en ferretería
b8e8e351-e719-47be-ad93-95aaddb68331,256,2026-03-24,output,3206.86,Pago de Netflix
3825e59a-1b08-4ac1-8ed4-7830b579e453,452,2026-03-24,output,4779.36,Pago en restaurante
3f265059-74be-40e4-a9d1-42dab959a6ee,111,2026-03-25,output,499.59,Gasolina estación de servicio
03ef5e69-3257-443b-a30e-54d5a4cae000,165,2026-03-25,output,2690.21,Compra en cafetería
f8a32124-ae0e-43bb-bc01-cd56e3a935a8,235,2026-03-25,output,1851.5,Gasolina estación de servicio
b11262dd-77e9-4e76-b0b5-2ad60c046181,365,2026-03-25,output,4214.21,Pago de Spotify
3c15e4b6-c812-4dbc-afd0-e9d20edf2934,170,2026-03-26,output,3907.55,Compra en Supermercado
6138ec3a-b725-41c6-8ec6-59cb1cd030bd,189,2026-03-26,input,14986.54,Pago de mensualidad
7f904eba-48df-4375-ada6-66f91bcf12d2,197,2026-03-26,input,1980.79,Bonificación bancaria
1c546f7c-4fa6-4175-b12e-1bdeb56f4b96,238,2026-03-26,output,4859.71,Pago de Spotify
494cb397-13b3-4b14-9e4b-d2bd5c04cec2,265,2026-03-26,output,4322.98,Compra en panadería
ba79dfed-6dff-43fc-9139-e24f4120e3b2,285,2026-03-26,output,3590.54,Pago en restaurante
7caed536-b311-408a-b8d7-6880cc5164a3,321,2026-03-26,output,4166.47,Pago de servicios públicos
8b995cd2-a937-4db7-8f60-998bb1bdd443,432,2026-03-26,input,13608.51,input por reclamación
becb2903-cc87-46c0-a8d8-607ad874f03b,199,2026-03-27,output,4032.14,Retiro en cajero ATM
1dd6212d-10dd-4180-8d31-4a66f33a6c01,225,2026-03-27,output,3158.89,Pago de Spotify
71e60105-117d-4f7f-b2bd-0c3d39bd5ed1,228,2026-03-27,output,2432.76,Gasolina estación de servicio
98063338-9061-46c0-80e4-0df1a41a2993,255,2026-03-27,output,3206.66,Pago de internet
dad3c6ce-c593-4427-9cde-2685d713ecda,298,2026-03-27,output,3769.65,Retiro en cajero ATM
1936fd16-09a1-4522-ad35-a29c6815991c,404,2026-03-27,output,3149.44,Compra en panadería
fd30949f-cb33-447f-b173-3a5ec13dbc27,451,2026-03-27,output,1012.3,Compra en ferretería
082acc05-fedf-4ae7-8193-c014e0b23205,504,2026-03-27,input,3490.12,Bonificación bancaria
28f238cc-5dd5-4a9d-af88-f3297656e40e,561,2026-03-27,output,3594.9,Pago de telefonía móvil
f76700fe-b7c5-4b0b-be2b-cc1b86ae744f,583,2026-03-27,input,5728.94,Pago de nómina
b379a708-7726-4fc7-af69-c9b52c8d5090,126,2026-03-28,output,1934.51,Pago de Spotify
412e718e-4c5d-403c-b17b-f0fccc36c399,227,2026-03-28,input,8872.32,Reembolso de servicio
8aaaf2df-a4b9-4d38-880d-85c45699e51c,231,2026-03-28,output,915.95,Pago de Netflix
b26923e7-c4f0-4103-a823-480405ba9ce4,265,2026-03-28,output,2656.59,Compra en Uber
d5575038-7ca6-4864-b440-d75fe8cbfef2,162,2026-03-29,output,4123.18,Retiro en cajero ATM
7a12c255-f4bd-4ef9-abb2-477f7ed92f82,178,2026-03-29,output,2907.76,Compra en librería
147014c6-4c58-42d0-9dc0-0995efbd2003,191,2026-03-29,output,2625.71,Suscripción de software
6c4102ce-a3e4-4247-863e-41d6a728f936,203,2026-03-29,output,2900.96,Pago en restaurante
a22cbf3f-f527-4cca-9523-b4cdb45a92be,208,2026-03-29,output,1076.35,Pago de Spotify
ebdb350d-034d-413a-8cff-a049266fdbf6,275,2026-03-29,output,4882.44,Retiro en cajero ATM
8de9044e-3cb7-4fa1-a951-dc0edf0c818a,335,2026-03-29,input,9758.35,Depósito en efectivo
0b6ed2f8-50ca-41e3-bd53-cef904a8f4c2,353,2026-03-29,input,13447.19,Devolución de compra
5cabcf33-2ea2-4d41-ab2a-190fe8ee3deb,469,2026-03-29,output,3480.25,Pago en restaurante
543fb92a-9628-4265-a066-6085ef7951c7,487,2026-03-29,output,382.88,Retiro en cajero ATM
d406b997-cad8-44a1-84d0-3cb2c0875d24,128,2026-03-30,output,4011.55,Pago en restaurante
72306627-1c81-4ffc-ab17-53080e319c8b,172,2026-03-30,output,4267.77,Pago en restaurante
724f7864-43d9-407e-a07b-a8df3e178bdb,298,2026-03-30,output,4940.01,Compra en línea Amazon
fa28f1be-71a5-4408-b5f8-0140bea3b312,312,2026-03-30,input,11972.12,Depósito en efectivo
6005e1a7-8334-4dab-beb1-7da6a4323ed3,547,2026-03-30,output,3708.37,Pago de servicios públicos
0f7786a3-f64e-4b11-b398-bd1a9a769ba7,563,2026-03-30,input,12981.25,Pago de nómina
8e3d5f0c-38ea-437b-a4d6-51848fdb109d,116,2026-03-31,output,2989.57,Pago de telefonía móvil
51b7e957-f9e3-4e44-ac84-3a5de3918841,171,2026-03-31,input,13529.15,Reembolso de servicio
af02d7ef-8281-4962-8f46-e2122eca3a4d,210,2026-03-31,output,2625.15,Compra en panadería
20c4595d-c919-405e-a362-b2c7563ae9b9,220,2026-03-31,output,2802.89,Compra en cafetería
a879a6f7-8aba-4bd0-8f96-ba3e8f6035c3,254,2026-03-31,input,13877.91,Pago de mensualidad
4bf6fc65-c656-4a32-91dd-6e9d7c51fd76,289,2026-03-31,input,6591.79,Pago de nómina
b6382a8b-64d8-4742-a787-438191f5aa52,290,2026-03-31,output,1603.14,Compra en Supermercado
17a142a9-6dbd-47de-b6ff-e68195c8b97e,346,2026-03-31,output,2656.61,Pago de Netflix
d79a2499-31aa-42d6-8c17-aa0338f42d32,408,2026-03-31,output,780.33,Compra en librería
2358ac2d-646c-4627-b2fb-2fd5d04c1374,479,2026-03-31,input,5835.73,Pago de nómina
4f5e7bc4-9ded-435e-9ab0-bf7a9e26ccc7,229,2026-04-01,output,1856.79,Pago en restaurante
169d56a5-a5b5-48a8-bba4-e32f6ac31105,236,2026-04-01,output,786.67,Pago de internet
1c8d828e-64a6-440b-9812-74b4996cf54d,272,2026-04-01,output,2459.82,Compra en Uber
ee8eaa69-9f68-4859-afd5-9e0ff7f149d6,592,2026-04-01,output,4869.16,Compra en farmacia
51b931fe-d24a-45a7-be62-7a913a1298d0,222,2026-04-02,output,4052.74,Pago de internet
a74ad8d5-9f2f-4be2-81fe-c47d0cddbe08,265,2026-04-02,input,5416.81,Transferencia recibida
a5da7ed6-ec95-4f8d-96c2-47269266e1d6,283,2026-04-02,output,3651.08,Pago en restaurante
4cbc297c-c897-4203-aeef-40457d6bc86d,329,2026-04-02,output,3182.17,Compra en farmacia
04c6c6cb-0f27-49f4-afdc-a585dbae6690,472,2026-04-02,output,4863.81,Suscripción de software
42d5c79a-3c9c-4358-beb2-14b8a517c501,533,2026-04-02,output,807.24,Compra en línea Amazon
7de92419-99b9-4ab7-a494-7526929ba0ec,539,2026-04-02,input,7385.92,Transferencia entre cuentas
0df9d5e6-dd2f-42e1-91fd-ee360980df21,153,2026-04-03,output,4223.79,Compra en Supermercado
0c8d94ac-4490-4c7f-a5ea-3b9f152d564a,241,2026-04-03,output,3128.55,Compra en tienda departamental
892481e3-6fe4-4c38-8257-6792c590440d,295,2026-04-03,output,2722.31,Compra en librería
e60103af-378c-428e-bf6b-7370066b5c37,423,2026-04-03,output,3014.69,Compra en ferretería
bc435b6a-733a-4989-9207-2cec431cf869,454,2026-04-03,output,1454.97,Pago de Spotify
d5a7f3bf-48e3-49b4-9900-81923b7ae0e9,511,2026-04-03,output,1440.41,Pago de Spotify
97709db0-e6bf-4f4e-af11-8737804ada0c,534,2026-04-03,output,3550.33,Compra en panadería
3ba03175-6579-43cd-b194-23b89dfe93e8,150,2026-04-04,output,3869.9,Compra en panadería
f64c153e-fccb-4ec8-96e2-d0bd08c31278,270,2026-04-04,input,2018.33,Transferencia entre cuentas
b94b2d9a-3def-435b-8450-5039a48415a3,332,2026-04-04,output,4379.93,Pago de telefonía móvil
b03b2323-d029-46c2-ab6e-0d7d31bc15d2,526,2026-04-04,output,2485.6,Pago de telefonía móvil
e1871222-173d-4fa7-9d89-0ec9b9d10ef8,575,2026-04-04,output,2632.11,Pago en restaurante
bedbaea7-3b0e-4fc6-99d7-930526110d0c,588,2026-04-04,output,2423.31,Pago de Netflix
04391e9a-0717-4fff-ad7b-1ef3c97e7664,589,2026-04-04,input,691.54,Transferencia entre cuentas
19501343-44c9-492e-b0db-fe42efa71a1d,117,2026-04-05,output,2156.37,Compra en tienda departamental
0c069fff-4cae-41b9-bce0-001a5dd9b024,347,2026-04-05,output,906.35,Compra en Uber
d4b70176-0830-4434-8c93-c17f75593199,598,2026-04-05,output,695.34,Compra en Uber
1fd1337d-1a87-4911-a19b-43c246e10242,168,2026-04-06,output,4381.35,Compra en ferretería
b94ac3e0-6e23-4052-b794-30081ba604b5,195,2026-04-06,output,1588.75,Compra en tienda departamental
ec020164-d717-491e-ba84-8c6b92065fdb,441,2026-04-06,output,1417.7,Compra en ferretería
51e316f1-9aef-43b8-a269-34d3a9af8f89,565,2026-04-06,output,1880.87,Pago en restaurante
bde58831-d5b5-47ef-a0d1-aeb1c0941db4,347,2026-04-07,input,5417.81,Transferencia entre cuentas
a3d2700d-8362-48ad-a35c-ffe3c258afbf,396,2026-04-07,output,1372.99,Compra en panadería
08f752eb-f4e6-4e45-bf1c-6d4282ef6375,504,2026-04-07,output,1168.91,Compra en Uber
241cab5b-cf36-4978-ac27-d2ce6b0727a5,529,2026-04-07,output,629.27,Compra en farmacia
a3a5246f-131c-488c-9a86-b718b12c0f2d,570,2026-04-07,output,2707.49,Compra en librería
ad741402-ecf9-467e-8e90-ca2263f46c96,265,2026-04-08,input,8468.05,Reembolso de servicio
83c60cea-07ca-4c5a-83e1-d8329e588311,268,2026-04-08,output,1240.16,Pago de internet
da54ec62-7423-455f-a1ef-9ef167009e4b,369,2026-04-08,output,3809.15,Pago de gimnasio
ccf1aa27-6c8b-4ca7-ab0e-f434c72aa2d8,473,2026-04-08,output,3019.43,Pago de Spotify
9e55929b-091d-41e2-9665-85daaf89140a,536,2026-04-08,output,4914.37,Compra en panadería
27381b6c-8d2c-48a1-8da3-17b5b2e6f780,132,2026-04-09,output,1727.33,Pago de Netflix
2994c59e-8038-4046-819f-c0d8bdb0263f,135,2026-04-09,output,3892.04,Pago de Spotify
d01b7078-2ba1-4c86-b30f-c3f8efbc5c8f,327,2026-04-09,input,11046,Pago de mensualidad
10c014ce-6bc6-4f4c-b9aa-87691cf229ed,378,2026-04-09,output,2979.14,Retiro en cajero ATM
e078d5af-3793-4c47-899c-4bfde5374d30,380,2026-04-09,output,2931.9,Compra en Supermercado
615f01ee-e726-41db-8f96-2b1289e2b7e9,567,2026-04-09,output,2149.47,Compra en farmacia
1b865713-6515-4372-bfce-67f3a9bf1615,199,2026-04-10,output,3770.84,Compra en Supermercado
8e3aed51-0eab-4cb0-b9fa-e13562b54058,494,2026-04-10,output,1155.64,Retiro en cajero ATM
ed55b887-bb2b-43b7-811b-e5ec41331076,111,2026-04-11,input,12022,Pago de mensualidad
66839dac-6395-4c48-9f1b-7754979791bb,289,2026-04-11,output,3044.5,Pago de gimnasio
d5df1708-86da-49d1-9dcf-b0f497c11302,325,2026-04-11,output,2104.07,Suscripción de software
f91f4830-55b3-4f41-be74-eb471e4caad9,329,2026-04-11,output,121.33,Compra en electrónica
82fd1069-1fcd-43c3-ab70-8cdc7a45fb72,505,2026-04-11,output,10.07,Compra en línea Amazon
4c858930-9215-48fc-8d21-dd8fb84c4fb7,102,2026-04-12,input,1524.71,Transferencia entre cuentas
c6f62069-898d-4e96-b642-ecffa4037a89,276,2026-04-12,output,352.63,Compra en Supermercado
9e76fbfe-fdac-4be3-a07a-4f6925b54515,317,2026-04-12,output,1434.03,Compra en farmacia
68465167-4b6b-4b63-b2df-8e68cbad5f2d,318,2026-04-12,output,3768.34,Compra en electrónica
ac083244-b871-407a-beb9-075faf4ff63f,493,2026-04-12,input,12643.27,Pago recibido de cliente
25367560-6234-4b6b-bbad-4ab2379e223c,245,2026-04-13,output,2175.53,Pago de telefonía móvil
e4819ff6-8fb2-47e7-ba03-201682959634,352,2026-04-13,output,3073.79,Compra en electrónica
7bf575cd-ec8a-4844-80c7-574aea117b4a,394,2026-04-13,output,293.48,Pago de internet
eb42676e-9f93-46ee-b0f5-cdefa09d946f,420,2026-04-13,input,1944.81,Pago recibido de cliente
bf1929af-8a50-4d0d-8011-6b09398a8378,531,2026-04-13,input,5207.79,Devolución de compra
dd776589-a5c2-44b8-a0eb-db5a616ac507,116,2026-04-14,output,1188.67,Compra en electrónica
3ba6fcd8-4fe1-49c8-8562-5b8d1292156d,268,2026-04-14,output,3208.35,Pago en restaurante
a6a4e5e4-c55d-4b70-ae20-9873ab2b0129,503,2026-04-14,output,37.85,Compra en Uber
4fb81a57-6e7a-4d93-b397-9296b090c177,294,2026-04-15,output,1492.38,Compra en cafetería
0b1f6edb-6691-49a1-9579-e662c3ce9339,372,2026-04-15,input,1688.75,Devolución de compra
6cf018ad-7b68-407b-9d94-8b6b9a1f5e47,539,2026-04-15,input,13980.71,Devolución de compra
45033b4c-90ec-48b5-af45-b3d667aebbbc,205,2026-04-16,output,519.46,Pago de internet
87c42e22-bafe-44f8-8020-d92ccd8e7da8,272,2026-04-16,input,11267.39,Pago de mensualidad
1641056f-5f8e-4678-993f-b0be422bd1d8,442,2026-04-16,output,2468.36,Pago de gimnasio
3ccf6078-6dd7-40b2-b94c-be253505343e,140,2026-04-17,input,4919.2,Pago recibido de cliente
e024ddbd-8597-4a6f-93f3-3faea0007a79,293,2026-04-17,output,334.11,Compra en Supermercado
801b334f-4219-424b-b476-f308db24ff54,466,2026-04-17,output,289.46,Compra en cafetería
836acec7-fa6a-44f4-bf9b-b934f71fe08e,180,2026-04-18,output,2658.97,Pago de Netflix
05210351-5c47-4e7a-84f7-f60294d82987,188,2026-04-18,input,732.99,Pago recibido de cliente
4c2b127c-8468-42be-95f7-8bcf124ceffd,593,2026-04-18,input,5492.26,input por reclamación
ad05fe93-5d0c-473f-98d4-33cd7bb1ae83,131,2026-04-19,input,2101.7,Devolución de compra
291c5c5f-0ba1-4e03-b320-769882512573,209,2026-04-19,output,4054.05,Pago de internet
4aa9be9e-bb07-46aa-a352-83515197e95c,305,2026-04-19,output,3196.46,Pago de Netflix
3a386f33-2565-4d92-a8ed-e0ce6f04c47a,531,2026-04-19,input,10158.28,Devolución de compra
e028b415-fdaf-4212-be02-4222190a3e47,549,2026-04-19,output,645.05,Retiro en cajero ATM
28c9112c-a0b0-4aee-9888-b845a74077e2,583,2026-04-19,output,3013.86,Gasolina estación de servicio
3642ec84-b93a-412a-901b-5005dbd2260b,600,2026-04-19,input,8539.3,Devolución de compra
324a959a-cb91-4ed9-9c1b-4304386ffd4d,131,2026-04-20,input,2544.17,input por reclamación
1761ce78-dc51-494c-bdd1-5f7d277f82ab,207,2026-04-20,output,2494.98,Compra en tienda departamental
78d8f03a-57b5-4e10-9a12-4894d469bf4b,292,2026-04-20,output,314.88,Compra en electrónica
050f65d9-f704-46f7-a32b-63449e392a14,296,2026-04-20,input,2570.84,Pago de mensualidad
6d80f18a-bacc-4245-b1f0-07666268c6d6,350,2026-04-20,output,820.37,Pago de Spotify
c6fe553c-77b7-417e-9da0-58d71c43354f,418,2026-04-20,output,2944.63,Compra en panadería
f5f449fc-c28e-4452-9d53-313f103ce2f7,505,2026-04-20,input,14734.65,Bonificación bancaria
2bcd97d2-0bc4-46e1-9cc2-71a9f273a3cb,590,2026-04-20,output,1377.21,Compra en farmacia
cfb3a937-6a8c-4849-84aa-33e75213c46e,593,2026-04-20,output,566.06,Compra en electrónica
c3293a4b-67ff-44cf-8f6c-bd578edabee1,118,2026-04-21,input,13201.73,Devolución de compra
fd74fdc2-bd67-4101-8c3a-2d0899cef8dd,290,2026-04-21,output,1190.33,Compra en Uber
192ff45a-1118-437f-a401-5b7e9792b991,461,2026-04-21,output,3051.35,Pago de Spotify
6c03e989-4eb8-41c8-9f7b-051474b38398,284,2026-04-22,output,2557.21,Retiro en cajero ATM
b1ecf4e0-e7d9-4bfd-9721-9fa016a5296d,359,2026-04-22,output,3286.72,Pago de gimnasio
27b5e37b-41a6-43a4-9a3d-00c91942cd0e,373,2026-04-22,output,3038.9,Compra en línea Amazon
9a2b6892-02e3-47a8-8f02-a77ddb5667a7,570,2026-04-22,output,104.99,Compra en ferretería
327621f1-c9c3-4aa6-bc3e-dbf8886abab1,573,2026-04-22,output,1496.4,Compra en librería
006c8ad0-b6cd-45b6-9438-a47e73abeab3,191,2026-04-23,input,707.27,Devolución de compra
bb9e5107-aca7-4a8a-9004-559c1b896a7a,201,2026-04-23,output,4778.04,Pago de gimnasio
8090b5e5-1606-482d-863f-bfc78f953c37,356,2026-04-23,output,978.14,Pago de Netflix
4be9e3c0-f8b0-42e5-a443-de313b40f50b,406,2026-04-23,output,2997.61,Compra en ferretería
2ad80b4c-ff08-4a5c-b360-319d9f5ddddc,502,2026-04-23,output,4109.19,Compra en electrónica
8357eabc-78a4-4c4f-b84a-d7b87194bdde,137,2026-04-24,output,2631.59,Pago de telefonía móvil
b6e93bcc-e2c1-43c6-ba04-2fc3a57057c6,144,2026-04-24,output,1171.93,Gasolina estación de servicio
0cb9b938-914e-4dd9-bb29-2c8179bf639a,294,2026-04-24,output,3754.37,Compra en librería
6e949f68-9f7f-4466-bb9d-3bae0618c82b,367,2026-04-24,output,1320.82,Compra en línea Amazon
a2457586-efbc-449f-bdaf-920b0cb4b9f2,367,2026-04-24,output,3535.82,Compra en cafetería
b058d1a5-7db6-4f3d-881c-e7953f5a7cda,382,2026-04-24,output,3890.61,Compra en ferretería
ac0f7b81-c11b-4696-b72e-5f3de0852bf3,422,2026-04-24,output,1819.67,Compra en tienda departamental
07fe7d86-d2f3-4012-8d86-081536e337d0,303,2026-04-25,output,1568.51,Gasolina estación de servicio
311afec2-50e8-4771-82cc-b1ec5e0ea685,344,2026-04-25,output,743.99,Pago de telefonía móvil
790216e5-581a-4b2d-90ea-0c84b31c0939,162,2026-04-26,input,937.41,input por reclamación
caab5fce-8453-4594-bf67-9e39995f1d65,189,2026-04-26,output,497.96,Pago en restaurante
91e9c929-2677-4869-b93c-dc37afd930e5,233,2026-04-26,output,4721.72,Pago de telefonía móvil
300aed8d-8c4e-42cc-888e-bd6736c84db9,236,2026-04-26,input,13792.54,Reembolso de servicio
5fd380b8-5fac-47ce-b481-f791f8fbd1aa,312,2026-04-26,output,775.16,Retiro en cajero ATM
5263db79-1be0-466a-a382-e720b79ee451,400,2026-04-26,input,4464.35,Devolución de compra
9191805a-e9f7-44d0-8b16-d2f948ba4212,593,2026-04-26,output,4201.68,Pago en restaurante
7ea0b8b9-33e3-495f-a22f-ff6e48458e31,233,2026-04-27,output,547.62,Compra en librería
07510f1d-e8f2-45f3-9411-a51db7aa846a,396,2026-04-27,output,1253.65,Compra en Supermercado
87d125fe-23eb-4e4f-9b49-dc37d57eac91,417,2026-04-27,input,5279.05,Pago de mensualidad
fc5b1291-389e-4870-8ec1-4851f70dae5b,113,2026-04-29,output,1542.65,Pago de Netflix
6c3be7f7-b9e3-4145-a987-0ccd2a75c8dc,186,2026-04-29,input,3145.08,Reembolso de servicio
80fca4b4-6c5d-45a6-88c3-ae8d01d52dfa,292,2026-04-29,output,4227.66,Gasolina estación de servicio
a2921342-e00e-453b-8f60-bf8d93a305ec,475,2026-04-29,output,697.64,Pago de Spotify
a0afdb1f-e509-410c-8857-d42ee106439a,591,2026-04-29,output,2338.84,Compra en librería
fea941ea-1d03-4055-94f6-614f64ac105a,361,2026-04-30,output,2680.22,Compra en línea Amazon
55057840-c561-488c-bafd-7d4e2cfe2d22,464,2026-04-30,input,6258.35,Transferencia recibida
6dba8ebd-2834-4069-8ad7-c148f1caa0b1,478,2026-04-30,input,3530.69,Pago de nómina
9bd09bc1-ec2c-46e9-b903-ed6dd1cfeeff,597,2026-04-30,output,4576.83,Pago en restaurante
c33a3697-3fab-4391-a00f-94087ffe8b3c,130,2026-05-01,output,2917.36,Retiro en cajero ATM
9ae3abcc-f15a-47b4-9201-607468fe6d05,237,2026-05-01,input,7340.13,Pago de mensualidad
bea94a04-7b9e-4ddf-a587-c2e72cd3b170,260,2026-05-01,output,2193.06,Compra en cafetería
59319a3b-d7a1-4248-9355-c5776ebde034,320,2026-05-01,output,995.43,Compra en línea Amazon
86b34373-720c-4bf5-9513-4bf3b25a23ea,353,2026-05-01,output,2584.25,Pago de Spotify
f1fb5e43-4106-4315-9aa6-2b2607179446,391,2026-05-01,output,3483.24,Suscripción de software
de23e0ba-217a-460b-84f9-4f0cb41cd558,216,2026-05-02,output,3988.91,Pago de Netflix
2d252be9-fdcb-4a2b-9b45-ff25648db141,227,2026-05-02,output,4268.15,Compra en ferretería
f1b84951-224f-40c7-9ff3-5d92ea48ca01,543,2026-05-02,input,3321.62,Pago de mensualidad
89ec5ff1-cd89-4bb7-a079-14b07b2155a8,306,2026-05-03,output,1884.66,Compra en tienda departamental
6e85275c-c880-4030-a370-f41c73c9f597,557,2026-05-03,output,766.91,Gasolina estación de servicio
7dae452a-b3da-45f8-a0c8-9277c9487371,591,2026-05-03,output,4042.57,Suscripción de software
1fd719f2-a063-40dd-8eeb-9020b936f657,134,2026-05-04,output,4842.54,Compra en panadería
9c30a1e9-4dac-491f-acbe-f5de701c4175,258,2026-05-04,input,5595.64,Transferencia recibida
63737b34-7faa-458c-8e1d-5caea0590e08,284,2026-05-04,output,1786.64,Compra en Uber
dcfe5495-0292-4c49-b741-e002df9bbfda,173,2026-05-05,output,1774.85,Retiro en cajero ATM
1b449a0b-acf4-411f-b2c3-c6c2a560d0de,226,2026-05-05,output,3384.45,Pago de servicios públicos
a027ebba-265d-48c9-81d5-d8d5d0346f26,243,2026-05-05,output,4046.16,Pago de gimnasio
4f3c9b50-4ef8-4037-9fb4-7ecd4d3bcbcd,368,2026-05-05,output,4877.69,Suscripción de software
bc07fe3a-cbd0-4e6f-b385-0e1e33029b66,397,2026-05-05,output,4156.6,Pago de Netflix
7b40d26c-77a2-4a56-b81b-779c9da1fa73,486,2026-05-05,output,2266.69,Compra en Supermercado
5d2fa65a-5a6b-4d88-a1d0-41667d5ff3c9,296,2026-05-06,output,4947.6,Pago de servicios públicos
50d64eee-a400-49e9-89f2-4bf81b76c359,308,2026-05-06,output,1623.04,Compra en Supermercado
f862a99e-0aad-4c3e-a87e-05015bbb41b7,331,2026-05-06,output,1269.53,Pago de Netflix
fb52842f-6a88-48aa-9fdc-8ee69219d8d8,455,2026-05-06,output,2068.72,Gasolina estación de servicio
691331f8-fc81-40f7-b773-089925fc222b,318,2026-05-07,output,3027.16,Pago en restaurante
5010e2ba-9c57-49b5-990b-19f948c38d69,429,2026-05-07,input,5260.79,Devolución de compra
e6dd8a68-2a4f-4e5b-b69f-04955f51e0fb,583,2026-05-07,output,2564.74,Compra en farmacia
ee644439-f0b7-4b59-a2a6-01974f46b4ed,172,2026-05-08,output,2623.54,Compra en librería
dc7158d3-c5ea-4250-ab4e-17cca0e5a730,219,2026-05-08,output,2494.71,Compra en cafetería
38d9e068-3448-4d07-870b-0441e7b921ad,395,2026-05-08,input,9574.34,Pago recibido de cliente
a1a8f132-de71-4af7-8471-4d5b4285b603,457,2026-05-08,output,3929.24,Pago de internet
0f4dc1ef-54fe-4964-bbca-24d9c2a05b14,143,2026-05-09,output,3055.49,Compra en Supermercado
ade7ff47-1722-45b8-9998-c87b41dc8484,148,2026-05-09,output,3201.88,Pago de Spotify
b0e76412-0e01-4d14-8299-42cb9f92c311,175,2026-05-09,output,3262.91,Pago en restaurante
f201a1d9-3542-41b1-b048-1d0b636f77f3,256,2026-05-09,output,1363.67,Compra en Uber
93cadff8-02d1-45fe-bdac-d0939ac4cbc0,555,2026-05-09,input,12527.2,input por reclamación
68befadd-6abf-445a-acc5-3dc59df91654,577,2026-05-09,input,12513.44,input por reclamación
f4b3a657-8de1-44a2-8c46-797ef77af63b,246,2026-05-10,input,7732.81,Pago recibido de cliente
ed466126-37ea-4b7f-988a-50e81b121baa,247,2026-05-10,output,4369.2,Pago de Spotify
10850623-168c-4afd-93db-67ddb9a6bd8c,369,2026-05-10,output,1035.2,Compra en farmacia
c96746e0-42a7-4dd1-9873-a1c2e036d3e5,450,2026-05-10,output,1730,Compra en cafetería
db4f2e6f-c18a-4c84-a13e-75c3dfe1bd81,289,2026-05-11,input,160.16,Pago de mensualidad
b9e4eea1-54ae-49b1-abed-7614965c22c7,353,2026-05-11,output,2894.94,Compra en Uber
6f4bfa0e-ae57-4950-9eff-fbd2a77cd7e7,580,2026-05-11,input,4325.85,Reembolso de servicio
ca8b08d3-f4ae-4b1f-ba84-e921d2fd69e8,113,2026-05-12,output,3782.79,Compra en ferretería
d97eedb8-369d-49c5-8e6c-02d07ae61854,119,2026-05-12,output,2849.43,Pago de servicios públicos
2e82f3d4-8b30-464f-bde4-8b2edbb9a1e3,184,2026-05-12,input,7887.7,Transferencia recibida
664b1598-17cf-4522-a0ea-24c980c56ed0,185,2026-05-12,output,3786.35,Compra en panadería
c7626672-a5c5-4b49-b59c-610dd83db1a6,423,2026-05-12,output,44.46,Suscripción de software
f7171268-ebc6-4db7-92d5-8a7e9953d305,513,2026-05-12,input,9062.24,Pago recibido de cliente
c3b164c2-d69e-4fe8-bade-eea5c0db003d,360,2026-05-13,output,941.95,Compra en panadería
8a89935f-aa3d-4b47-9451-01c0c8ad660f,401,2026-05-13,output,2291.74,Compra en línea Amazon
3d3e3a9c-d18e-4477-83c9-064a0d5cb312,465,2026-05-13,input,2480.45,Pago de mensualidad
0cf5dc87-d31a-4222-8c9b-b1b0a49531f6,509,2026-05-13,output,651.39,Compra en farmacia
84cdb8c2-76ec-4f5f-8efd-c9cd91719a79,520,2026-05-13,output,2028.19,Gasolina estación de servicio
0822013e-a3e4-40ce-a68b-680554f8e8f9,139,2026-05-14,input,10562.41,Devolución de compra
c412e1df-b238-4314-933b-1a6f803ec471,180,2026-05-14,output,1708.52,Compra en cafetería
10c60585-2a38-4afd-83e7-bbaff9ad13f4,253,2026-05-14,input,13269.96,input por reclamación
8250032b-1a10-42f1-9224-542e12ca3dbb,316,2026-05-14,input,4250.23,Devolución de compra
da77f89f-305d-4802-8e59-7c6b8fb120d1,381,2026-05-14,input,5536.47,Transferencia recibida
3e2ad2a7-eabf-4ea6-a030-1962f825ec56,542,2026-05-14,input,5223.9,Pago de nómina
e4a6737a-0a35-4324-8263-39016c152a5d,321,2026-05-15,output,676.09,Pago de internet
bda8d828-26a2-4d29-b357-6f53fa98f723,370,2026-05-15,output,763.61,Compra en ferretería
f963cb03-5ffe-4f54-ae6f-549eb8b53e04,472,2026-05-15,output,3828.77,Suscripción de software
48d965a1-e6b6-4d2c-96f4-269acbce7b1d,520,2026-05-15,output,1037.92,Pago de Spotify
ead72d1c-79c4-4a2e-a552-5a8004b26cc1,582,2026-05-15,input,10170.32,Bonificación bancaria
4d3dddfd-c398-4311-b80c-4240db7e7d9f,200,2026-05-16,output,1695.02,Pago de Netflix
a86480bd-8a68-43e3-99ae-21f0d0fe69df,225,2026-05-16,output,4414.22,Pago de Netflix
a5182fa8-2eac-474a-a47f-87a6bcfc913d,227,2026-05-16,output,4996.1,Compra en panadería
2004a592-5993-4182-b16e-70cf85024534,236,2026-05-16,input,9016.85,input por reclamación
7e816726-bdd2-4362-896d-384e8c2caa5e,308,2026-05-16,input,11213.39,Reembolso de servicio
d6312508-9b2b-4ba3-84f0-37c4c512b9f1,410,2026-05-16,output,1691.73,Pago de internet
2eca8176-6aff-496e-a502-ce93c226589f,481,2026-05-16,output,1678.07,Compra en panadería
076ff588-bf8b-4c7d-a2d7-c5ea2bd1b854,137,2026-05-17,output,3334.72,Compra en panadería
7b19d625-df8e-45ea-9e2e-b16057d90323,307,2026-05-17,input,14544.09,Transferencia recibida
12e25126-9723-4cb1-a690-efa0d080a6d0,583,2026-05-17,output,2060.85,Compra en farmacia
77ee3043-d78c-4e96-9075-5a7e89cc8d40,107,2026-05-18,output,821.7,Compra en Supermercado
2d0041d3-0bb1-461d-88ef-db78c6ff4c79,117,2026-05-18,output,1003.73,Compra en línea Amazon
e17fe665-b0af-46c1-98ba-cfb8b136d17a,195,2026-05-18,output,2109.16,Pago de telefonía móvil
3d820acb-8792-45f2-9adf-5e6a48cdbc5e,279,2026-05-18,output,358.52,Pago de servicios públicos
9f0df58e-b349-4505-b1e6-8e151b4d0bee,396,2026-05-18,output,2641.86,Compra en electrónica
f4ea51b0-9a81-4fc8-a521-857b8b906a25,482,2026-05-18,output,4870.54,Pago de Spotify
f5c4c0e8-2836-424f-8cfc-57c015c98667,544,2026-05-18,output,1167.8,Compra en ferretería
ac3ad93f-330c-4f6b-97ec-bbd0e70ace92,550,2026-05-18,output,2204.08,Retiro en cajero ATM
8d046783-73c3-4ac0-8b73-b1b752914c5e,182,2026-05-19,output,4543.28,Compra en farmacia
282d43da-06f3-415b-af1d-3e365b27176a,186,2026-05-19,output,2492.35,Compra en electrónica
4eed20d3-789a-423b-b487-26b5fa108b3f,223,2026-05-19,output,42.82,Compra en tienda departamental
3a7b7d22-c1bf-43ca-9d8f-7c4b6725585a,282,2026-05-19,output,1651.09,Compra en cafetería
8e2b1172-da84-4433-bb9f-662a20cacd34,477,2026-05-19,output,923.34,Gasolina estación de servicio
43ebf725-bace-4893-b630-2fa099538301,491,2026-05-19,output,2409.18,Pago de internet
0ab4561b-2fb8-4290-b8be-cd533bcc3a97,517,2026-05-19,output,4570.98,Compra en Supermercado
41f2dce6-81b1-48a9-801a-2a14b6f2369f,541,2026-05-19,output,187.17,Compra en farmacia
43d788a6-1c7c-4d37-a194-3cc476984b1b,166,2026-05-20,output,1078.69,Compra en tienda departamental
c4495213-c9d9-424d-bc3a-2e544541bd2c,194,2026-05-20,input,14797.26,Pago recibido de cliente
668461bf-f745-467f-bd0d-75c00dafd74b,197,2026-05-20,output,720.7,Gasolina estación de servicio
d252b3c0-bcaf-4ee0-a8e7-578bff7b62ab,232,2026-05-20,output,4406.9,Pago de gimnasio
47fc8d7b-8ac8-416d-931c-01946aef5e94,425,2026-05-20,output,3691.51,Compra en tienda departamental
e84bdf2c-5f8e-44b2-b6dd-1edabb0fe7e3,474,2026-05-20,output,1930.1,Compra en línea Amazon
5d021d34-b49d-4e0a-a90e-261ca96a9c6c,481,2026-05-20,output,137.46,Compra en Uber
e96f8729-8d8b-4b5a-8d33-89ae317de6ef,247,2026-05-21,output,3332.56,Pago en restaurante
cee30a79-2761-4ebf-b592-00ff15b7faa8,298,2026-05-21,output,1003.01,Compra en librería
1788b78f-9e9e-4768-9e6d-f5a41c0d4d8d,322,2026-05-21,input,11991.46,Pago recibido de cliente
159007af-d7de-497f-9ac5-98b04506ed2e,326,2026-05-21,output,3120.28,Pago de Spotify
3e63e668-a622-42ec-9442-62dc20e45c8b,364,2026-05-21,output,1157.99,Pago de servicios públicos
fd2afd88-fe0f-4eca-8f1b-56d1b8b743e3,417,2026-05-21,output,1866.14,Compra en línea Amazon
2b1d10b0-d9d9-4e43-a0da-32740e4b9b61,545,2026-05-21,output,3848.3,Pago de gimnasio
67309baf-ed1f-4070-8f65-63af2da309d0,172,2026-05-22,output,2683.45,Compra en electrónica
558c7a8b-132e-454c-ae2b-78e2d5362b9b,186,2026-05-22,output,944.42,Compra en tienda departamental
f611b9d6-3c0e-46a4-a97f-347e0e47f90e,224,2026-05-22,output,2684.23,Pago en restaurante
d302044c-7c13-400e-aa1b-5c9c05313280,232,2026-05-22,input,5572.03,Devolución de compra
b4ab9911-cdd2-4d79-89e2-c264a7d4cb38,280,2026-05-22,output,1853.86,Compra en tienda departamental
6dfc4cea-43e1-48fc-8210-0f3b46a0dde3,292,2026-05-22,output,2966.19,Gasolina estación de servicio
6b183c52-9f15-445f-81b1-5fa448682ff9,430,2026-05-22,output,375.67,Compra en cafetería
d2c7d140-abf3-40eb-953f-d0c796d5355f,583,2026-05-22,input,13975.19,Reembolso de servicio
000ea5d8-e0f3-4721-bc46-9be73cd48c7b,181,2026-05-23,input,1425.12,Transferencia entre cuentas
c473011b-ef00-48be-9f87-19253cf00c9c,245,2026-05-23,output,3651.86,Compra en farmacia
362bb323-2c00-4d07-8bc7-a974b2f42517,331,2026-05-23,output,4705.25,Compra en electrónica
7d46f7c2-72d8-4294-a8e4-3540179ec371,347,2026-05-23,output,158.72,Compra en cafetería
862ff0a1-9beb-44b6-bb9b-71d38c54a06e,454,2026-05-23,input,10179.48,Pago recibido de cliente
1276e31f-0137-439d-bd02-565473ca11cd,211,2026-05-24,output,1949.42,Compra en Uber
f2044d2f-dcba-4d20-87e2-e7385057e78f,217,2026-05-24,output,4388.72,Compra en ferretería
14990856-cccf-4631-b407-c1bde16be5b5,220,2026-05-24,output,2839.28,Pago de Netflix
2c690905-f841-4530-bd8d-864d4f1d3e4c,416,2026-05-24,output,3107.88,Retiro en cajero ATM
cc13b84e-61e0-4526-a762-ca568ed555bc,417,2026-05-24,output,388.72,Compra en cafetería
6114561a-36e1-4d65-91e0-fc18831f975c,533,2026-05-24,output,1617.67,Compra en Uber
ce74419e-6bae-450e-ad71-0704e5a37ae6,143,2026-05-25,output,3016.1,Pago de servicios públicos
674b40e2-5c0a-467b-b607-5760de8ac801,239,2026-05-25,input,11288.43,Pago de nómina
872aa6cf-5bd7-41ed-b535-39c8044a4f86,251,2026-05-25,input,12450.9,Transferencia entre cuentas
7b6e0e82-28d7-4509-aba9-b6f365802b8c,256,2026-05-25,input,6281.24,Devolución de compra
9af90f1e-ef10-4f4b-96f0-c9f2a0aa1005,273,2026-05-25,output,4479.56,Gasolina estación de servicio
f87e1c49-b52c-48d3-9b59-9325df0c5e8b,325,2026-05-25,input,4537.48,Pago recibido de cliente
4e439169-a657-4e6d-9dc7-b131986c7daf,328,2026-05-25,output,4520.26,Compra en línea Amazon
cb354541-bc84-4736-af00-9a730d5cf4a3,517,2026-05-25,output,3937.93,Compra en panadería
bd3eb071-246d-4e8a-9f30-26fa00c4eabc,158,2026-05-26,output,3583.49,Gasolina estación de servicio
699f9a02-9e84-4356-8147-c7d42f9837f0,197,2026-05-26,output,870.79,Compra en electrónica
591bd278-edfc-4ab8-a57a-f5208f78e2b6,324,2026-05-26,output,4555.75,Compra en farmacia
d7cbe1cb-1e3b-4778-94f7-f426f18671fa,441,2026-05-26,output,36.06,Gasolina estación de servicio
bf1dda21-ae72-48ac-944c-29cadc42961d,469,2026-05-26,output,693.61,Compra en electrónica
5c4937ad-eaa7-4dae-ac1e-c3015c4c953a,547,2026-05-26,output,2818.24,Compra en Supermercado
76e5895e-7f3d-4fe4-a62a-c215d1ad51ba,178,2026-05-27,input,10460.45,Bonificación bancaria
9c7849d1-5883-4931-bfe9-74b97d48aa62,110,2026-05-28,input,7684.62,Pago de mensualidad
983aebdd-33cf-4c60-8559-bb2b99159fc2,203,2026-05-28,output,3387.18,Suscripción de software
5ca74016-6926-49b8-bcfc-5a1777cfce21,484,2026-05-28,output,3485.9,Compra en línea Amazon
c40f63c4-8b2c-4838-b04c-00ccad4674ac,181,2026-05-29,output,179.77,Compra en tienda departamental
32c5c02a-7315-4daf-b038-ecbda571754a,184,2026-05-29,output,4241.1,Compra en ferretería
3ce17a69-9395-4774-b0d0-c0094c821b0d,233,2026-05-29,output,3812.95,Pago de gimnasio
67433318-b2f5-4149-aac7-ac229f5bbad0,467,2026-05-29,output,1013.57,Pago de telefonía móvil
72cb3d98-d814-4e1e-9ede-fca6c103aef8,599,2026-05-29,output,1756.61,Compra en panadería
25e01668-9ad4-4125-8bd2-c0514d53b484,113,2026-05-30,output,1545.06,Compra en tienda departamental
d479e709-f0da-4c31-a0d5-17ec657766a1,187,2026-05-30,input,274.4,Pago recibido de cliente
eedf1b37-38d8-4657-9af9-1a854c0f822d,252,2026-05-30,output,4117.83,Pago de internet
4e7f7fa1-58ae-4d48-9e84-4f60984198b8,267,2026-05-30,output,2682.6,Pago de servicios públicos
f9b543ea-ec30-4bbf-8037-501dbec7ab07,267,2026-05-30,output,1474.65,Compra en Uber
b032c668-9db7-4691-b89e-59d37a4c4a61,372,2026-05-30,input,12175.15,Transferencia entre cuentas
5652badc-7dad-43b9-aeb1-dd264b50d62d,485,2026-05-30,output,2484.46,Pago de servicios públicos
